{"type":"FeatureCollection","features":[{"type":"Feature","properties":{"name":"Fiji","level":"country"},"geometry":{"type":"MultiPolygon","coordinates":[[[[180,-16.07],[180,-16.56],[179.36,-16.8],[178.73,-17.01],[178.6,-16.64],[179.1,-16.43],[179.41,-16.38],[180,-16.07]]],[[[178.13,-17.5],[178.37,-17.34],[178.72,-17.63],[178.55,-18.15],[177.93,-18.29],[177.38,-18.16],[177.29,-17.72],[177.67,-17.38],[178.13,-17.5]]],[[[-179.79,-16.02],[-179.92,-16.5],[-180,-16.56],[-180,-16.07],[-179.79,-16.02]]]]}},{"type":"Feature","properties":{"name":"Tanzania","level":"country"},"geometry":{"type":"Polygon","coordinates":[[[33.9,-0.95],[34.07,-1.06],[37.7,-3.1],[37.77,-3.68],[39.2,-4.68],[38.74,-5.91],[38.8,-6.48],[39.44,-6.84],[39.47,-7.1],[39.19,-7.7],[39.25,-8.01],[39.19,-8.49],[39.54,-9.11],[39.95,-10.1],[40.32,-10.32],[40.32,-10.32],[39.52,-10.9],[38.43,-11.29],[37.83,-11.27],[37.47,-11.57],[36.78,-11.59],[36.51,-11.72],[35.31,-11.44],[34.56,-11.52],[34.28,-10.16],[33.94,-9.69],[33.74,-9.42],[32.76,-9.23],[32.19,-8.93],[31.56,-8.76],[31.16,-8.59],[30.74,-8.34],[30.74,-8.34],[30.2,-7.08],[29.62,-6.52],[29.42,-5.94],[29.52,-5.42],[29.34,-4.5],[29.75,-4.45],[30.12,-4.09],[30.51,-3.57],[30.75,-3.36],[30.74,-3.03],[30.53,-2.81],[30.47,-2.41],[30.47,-2.41],[30.76,-2.29],[30.82,-1.7],[30.42,-1.13],[30.77,-1.01],[31.87,-1.03],[33.9,-0.95]]]}},{"type":"Feature","properties":{"name":"W. Sahara","level":"country"},"geometry":{"type":"Polygon","coordinates":[[[-8.67,27.66],[-8.67,27.59],[-8.68,27.4],[-8.69,25.88],[-11.97,25.93],[-11.94,23.37],[-12.87,23.28],[-13.12,22.77],[-12.93,21.33],[-16.85,21.33],[-17.06,21.0],[-17.02,21.42],[-17.0,21.42],[-14.75,21.5],[-14.63,21.86],[-14.22,22.31],[-13.89,23.69],[-12.5,24.77],[-12.03,26.03],[-11.72,26.1],[-11.39,26.88],[-10.55,26.99],[-10.19,26.86],[-9.74,26.86],[-9.41,27.09],[-8.79,27.12],[-8.82,27.66],[-8.67,27.66]]]}},{"type":"Feature","properties":{"name":"Canada","level":"country"},"geometry":{"type":"MultiPolygon","coordinates":[[[[-122.84,49],[-122.97,49.0],[-124.91,49.98],[-125.62,50.42],[-127.44,50.83],[-127.99,51.72],[-127.85,52.33],[-129.13,52.76],[-129.31,53.56],[-130.51,54.29],[-130.54,54.8],[-130.54,54.8],[-129.98,55.28],[-130.01,55.92],[-131.71,56.55],[-132.73,57.69],[-133.36,58.41],[-134.27,58.86],[-134.94,59.27],[-135.48,59.79],[-136.48,59.46],[-137.45,58.91],[-138.34,59.56],[-139.04,60],[-140.01,60.28],[-141.0,60.31],[-140.99,66.0],[-140.99,69.71],[-140.99,69.71],[-139.12,69.47],[-137.55,68.99],[-136.5,68.9],[-135.63,69.32],[-134.41,69.63],[-132.93,69.51],[-131.43,69.94],[-129.79,70.19],[-129.11,69.78],[-128.36,70.01],[-128.14,70.48],[-127.45,70.38],[-125.76,69.48],[-124.42,70.16],[-124.29,69.4],[-123.06,69.56],[-122.68,69.86],[-121.47,69.8],[-119.94,69.38],[-117.6,69.01],[-116.23,68.84],[-115.25,68.91],[-113.9,68.4],[-115.3,67.9],[-113.5,67.69],[-110.8,67.81],[-109.95,67.98],[-108.88,67.38],[-107.79,67.89],[-108.81,68.31],[-108.17,68.65],[-106.95,68.7],[-106.15,68.8],[-105.34,68.56],[-104.34,68.02],[-103.22,68.1],[-101.45,67.65],[-99.9,67.81],[-98.44,67.78],[-98.56,68.4],[-97.67,68.58],[-96.12,68.24],[-96.13,67.29],[-95.49,68.09],[-94.69,68.06],[-94.23,69.07],[-95.3,69.69],[-96.47,70.09],[-96.39,71.19],[-95.21,71.92],[-93.89,71.76],[-92.88,71.32],[-91.52,70.19],[-92.41,69.7],[-90.55,69.5],[-90.55,68.47],[-89.22,69.26],[-88.02,68.62],[-88.32,67.87],[-87.35,67.2],[-86.31,67.92],[-85.58,68.78],[-85.52,69.88],[-84.1,69.81],[-82.62,69.66],[-81.28,69.16],[-81.22,68.67],[-81.96,68.13],[-81.26,67.6],[-81.39,67.11],[-83.34,66.41],[-84.74,66.26],[-85.77,66.56],[-86.07,66.06],[-87.03,65.21],[-87.32,64.78],[-88.48,64.1],[-89.91,64.03],[-90.7,63.61],[-90.77,62.96],[-91.93,62.84],[-93.16,62.02],[-94.24,60.9],[-94.63,60.11],[-94.68,58.95],[-93.22,58.78],[-92.76,57.85],[-92.3,57.09],[-90.9,57.28],[-89.04,56.85],[-88.04,56.47],[-87.32,56.0],[-86.07,55.72],[-85.01,55.3],[-83.36,55.24],[-82.27,55.15],[-82.44,54.28],[-82.13,53.28],[-81.4,52.16],[-79.91,51.21],[-79.14,51.53],[-78.6,52.56],[-79.12,54.14],[-79.83,54.67],[-78.23,55.14],[-77.1,55.84],[-76.54,56.53],[-76.62,57.2],[-77.3,58.05],[-78.52,58.8],[-77.34,59.85],[-77.77,60.76],[-78.11,62.32],[-77.41,62.55],[-75.7,62.28],[-74.67,62.18],[-73.84,62.44],[-72.91,62.11],[-71.68,61.53],[-71.37,61.14],[-69.59,61.06],[-69.62,60.22],[-69.29,58.96],[-68.37,58.8],[-67.65,58.21],[-66.2,58.77],[-65.25,59.87],[-64.58,60.34],[-63.8,59.44],[-62.5,58.17],[-61.4,56.97],[-61.8,56.34],[-60.47,55.78],[-59.57,55.2],[-57.98,54.95],[-57.33,54.63],[-56.94,53.78],[-56.16,53.65],[-55.76,53.27],[-55.68,52.15],[-56.41,51.77],[-57.13,51.42],[-58.77,51.06],[-60.03,50.24],[-61.72,50.08],[-63.86,50.29],[-65.36,50.3],[-66.4,50.23],[-67.24,49.51],[-68.51,49.07],[-69.95,47.74],[-71.1,46.82],[-70.26,46.99],[-68.65,48.3],[-66.55,49.13],[-65.06,49.23],[-64.17,48.74],[-65.12,48.07],[-64.8,46.99],[-64.47,46.24],[-63.17,45.74],[-61.52,45.88],[-60.52,47.01],[-60.45,46.28],[-59.8,45.92],[-61.04,45.27],[-63.25,44.67],[-64.25,44.27],[-65.36,43.55],[-66.12,43.62],[-66.16,44.47],[-64.43,45.29],[-66.03,45.26],[-67.14,45.14],[-67.79,45.7],[-67.79,47.07],[-68.23,47.35],[-68.91,47.19],[-69.24,47.45],[-70.0,46.69],[-70.31,45.91],[-70.66,45.46],[-71.08,45.31],[-71.41,45.26],[-71.51,45.01],[-73.35,45.01],[-74.87,45.0],[-75.32,44.82],[-76.38,44.1],[-76.5,44.02],[-76.82,43.63],[-77.74,43.63],[-78.72,43.63],[-79.17,43.47],[-79.01,43.27],[-78.92,42.97],[-78.94,42.86],[-80.25,42.37],[-81.28,42.21],[-82.44,41.68],[-82.69,41.68],[-83.03,41.83],[-83.14,41.98],[-83.12,42.08],[-82.9,42.43],[-82.43,42.98],[-82.14,43.57],[-82.34,44.44],[-82.55,45.35],[-83.59,45.82],[-83.47,45.99],[-83.62,46.12],[-83.89,46.12],[-84.09,46.28],[-84.14,46.51],[-84.34,46.41],[-84.6,46.44],[-84.54,46.54],[-84.78,46.64],[-84.88,46.9],[-85.65,47.22],[-86.46,47.55],[-87.44,47.94],[-88.38,48.3],[-89.27,48.02],[-89.6,48.01],[-90.83,48.27],[-91.64,48.14],[-92.61,48.45],[-93.63,48.61],[-94.33,48.67],[-94.64,48.84],[-94.82,49.39],[-95.16,49.38],[-95.16,49],[-97.23,49.0],[-100.65,49],[-104.05,49.0],[-107.05,49],[-110.05,49],[-113,49],[-116.05,49],[-117.03,49],[-120,49],[-122.84,49]]],[[[-83.99,62.45],[-83.25,62.91],[-81.88,62.9],[-81.9,62.71],[-83.07,62.16],[-83.77,62.18],[-83.99,62.45]]],[[[-79.78,72.8],[-80.88,73.33],[-80.83,73.69],[-80.35,73.76],[-78.06,73.65],[-76.34,73.1],[-76.25,72.83],[-77.31,72.86],[-78.39,72.88],[-79.49,72.74],[-79.78,72.8]]],[[[-80.32,62.09],[-79.93,62.39],[-79.52,62.36],[-79.27,62.16],[-79.66,61.63],[-80.1,61.72],[-80.36,62.02],[-80.32,62.09]]],[[[-93.61,74.98],[-94.16,74.59],[-95.61,74.67],[-96.82,74.93],[-96.29,75.38],[-94.85,75.65],[-93.98,75.3],[-93.61,74.98]]],[[[-93.84,77.52],[-94.3,77.49],[-96.17,77.56],[-96.44,77.83],[-94.42,77.82],[-93.72,77.63],[-93.84,77.52]]],[[[-96.75,78.77],[-95.56,78.42],[-95.83,78.06],[-97.31,77.85],[-98.12,78.08],[-98.55,78.46],[-98.63,78.87],[-97.34,78.83],[-96.75,78.77]]],[[[-88.15,74.39],[-89.76,74.52],[-92.42,74.84],[-92.77,75.39],[-92.89,75.88],[-93.89,76.32],[-95.96,76.44],[-97.12,76.75],[-96.75,77.16],[-94.68,77.1],[-93.57,76.78],[-91.61,76.78],[-90.74,76.45],[-90.97,76.07],[-89.82,75.85],[-89.19,75.61],[-87.84,75.57],[-86.38,75.48],[-84.79,75.7],[-82.75,75.78],[-81.13,75.71],[-80.06,75.34],[-79.83,74.92],[-80.46,74.66],[-81.95,74.44],[-83.23,74.56],[-86.1,74.41],[-88.15,74.39]]],[[[-111.26,78.15],[-109.85,78.0],[-110.19,77.7],[-112.05,77.41],[-113.53,77.73],[-112.72,78.05],[-111.26,78.15]]],[[[-110.96,78.8],[-109.66,78.6],[-110.88,78.41],[-112.54,78.41],[-112.53,78.55],[-111.5,78.85],[-110.96,78.8]]],[[[-55.6,51.32],[-56.13,50.69],[-56.8,49.81],[-56.14,50.15],[-55.47,49.94],[-55.82,49.59],[-54.94,49.31],[-54.47,49.56],[-53.48,49.25],[-53.79,48.52],[-53.09,48.69],[-52.96,48.16],[-52.65,47.54],[-53.07,46.66],[-53.52,46.62],[-54.18,46.81],[-53.96,47.63],[-54.24,47.75],[-55.4,46.88],[-56.0,46.92],[-55.29,47.39],[-56.25,47.63],[-57.33,47.57],[-59.27,47.6],[-59.42,47.9],[-58.8,48.25],[-59.23,48.52],[-58.39,49.13],[-57.36,50.72],[-56.74,51.29],[-55.87,51.63],[-55.41,51.59],[-55.6,51.32]]],[[[-83.88,65.11],[-82.79,64.77],[-81.64,64.46],[-81.55,63.98],[-80.82,64.06],[-80.1,63.73],[-80.99,63.41],[-82.55,63.65],[-83.11,64.1],[-84.1,63.57],[-85.52,63.05],[-85.87,63.64],[-87.22,63.54],[-86.35,64.04],[-86.22,64.82],[-85.88,65.74],[-85.16,65.66],[-84.98,65.22],[-84.46,65.37],[-83.88,65.11]]],[[[-78.77,72.35],[-77.82,72.75],[-75.61,72.24],[-74.23,71.77],[-74.1,71.33],[-72.24,71.56],[-71.2,70.92],[-68.79,70.53],[-67.91,70.12],[-66.97,69.19],[-68.81,68.72],[-66.45,68.07],[-64.86,67.85],[-63.42,66.93],[-61.85,66.86],[-62.16,66.16],[-63.92,65.0],[-65.15,65.43],[-66.72,66.39],[-68.02,66.26],[-68.14,65.69],[-67.09,65.11],[-65.73,64.65],[-65.32,64.38],[-64.67,63.39],[-65.01,62.67],[-66.28,62.95],[-68.78,63.75],[-67.37,62.88],[-66.33,62.28],[-66.17,61.93],[-68.88,62.33],[-71.02,62.91],[-72.24,63.4],[-71.89,63.68],[-73.38,64.19],[-74.83,64.68],[-74.82,64.39],[-77.71,64.23],[-78.56,64.57],[-77.9,65.31],[-76.02,65.33],[-73.96,65.45],[-74.29,65.81],[-73.94,66.31],[-72.65,67.28],[-72.93,67.73],[-73.31,68.07],[-74.84,68.55],[-76.87,68.89],[-76.23,69.15],[-77.29,69.77],[-78.17,69.83],[-78.96,70.17],[-79.49,69.87],[-81.31,69.74],[-84.94,69.97],[-87.06,70.26],[-88.68,70.41],[-89.51,70.76],[-88.47,71.22],[-89.89,71.22],[-90.21,72.24],[-89.44,73.13],[-88.41,73.54],[-85.83,73.8],[-86.56,73.16],[-85.77,72.53],[-84.85,73.34],[-82.32,73.75],[-80.6,72.72],[-80.75,72.06],[-78.77,72.35]]],[[[-94.5,74.13],[-92.42,74.1],[-90.51,73.86],[-92.0,72.97],[-93.2,72.77],[-94.27,72.02],[-95.41,72.06],[-96.03,72.94],[-96.02,73.44],[-95.5,73.86],[-94.5,74.13]]],[[[-122.85,76.12],[-122.85,76.12],[-121.16,76.86],[-119.1,77.51],[-117.57,77.5],[-116.2,77.65],[-116.34,76.88],[-117.11,76.53],[-118.04,76.48],[-119.9,76.05],[-121.5,75.9],[-122.85,76.12]]],[[[-132.71,54.04],[-131.75,54.12],[-132.05,52.98],[-131.18,52.18],[-131.58,52.18],[-132.18,52.64],[-132.55,53.1],[-133.05,53.41],[-133.24,53.85],[-133.18,54.17],[-132.71,54.04]]],[[[-105.49,79.3],[-103.53,79.17],[-100.83,78.8],[-100.06,78.32],[-99.67,77.91],[-101.3,78.02],[-102.95,78.34],[-105.18,78.38],[-104.21,78.68],[-105.42,78.92],[-105.49,79.3]]],[[[-123.51,48.51],[-124.01,48.37],[-125.66,48.83],[-125.95,49.18],[-126.85,49.53],[-127.03,49.81],[-128.06,49.99],[-128.44,50.54],[-128.36,50.77],[-127.31,50.55],[-126.7,50.4],[-125.76,50.3],[-125.42,49.95],[-124.92,49.48],[-123.92,49.06],[-123.51,48.51]]],[[[-121.54,74.45],[-120.11,74.24],[-117.56,74.19],[-116.58,73.9],[-115.51,73.48],[-116.77,73.22],[-119.22,72.52],[-120.46,71.82],[-120.46,71.38],[-123.09,70.9],[-123.62,71.34],[-125.93,71.87],[-125.5,72.29],[-124.81,73.02],[-123.94,73.68],[-124.92,74.29],[-121.54,74.45]]],[[[-107.82,75.85],[-106.93,76.01],[-105.88,75.97],[-105.7,75.48],[-106.31,75.01],[-109.7,74.85],[-112.22,74.42],[-113.74,74.39],[-113.87,74.72],[-111.79,75.16],[-116.31,75.04],[-117.71,75.22],[-116.35,76.2],[-115.4,76.48],[-112.59,76.14],[-110.81,75.55],[-109.07,75.47],[-110.5,76.43],[-109.58,76.79],[-108.55,76.68],[-108.21,76.2],[-107.82,75.85]]],[[[-106.52,73.08],[-105.4,72.67],[-104.77,71.7],[-104.46,70.99],[-102.79,70.5],[-100.98,70.02],[-101.09,69.58],[-102.73,69.5],[-102.09,69.12],[-102.43,68.75],[-104.24,68.91],[-105.96,69.18],[-107.12,69.12],[-109,68.78],[-111.53,68.63],[-113.31,68.54],[-113.85,69.01],[-115.22,69.28],[-116.11,69.17],[-117.34,69.96],[-116.67,70.07],[-115.13,70.24],[-113.72,70.19],[-112.42,70.37],[-114.35,70.6],[-116.49,70.52],[-117.9,70.54],[-118.43,70.91],[-116.11,71.31],[-117.66,71.3],[-119.4,71.56],[-118.56,72.31],[-117.87,72.71],[-115.19,73.31],[-114.17,73.12],[-114.67,72.65],[-112.44,72.96],[-111.05,72.45],[-109.92,72.96],[-109.01,72.63],[-108.19,71.65],[-107.69,72.07],[-108.4,73.09],[-107.52,73.24],[-106.52,73.08]]],[[[-100.44,72.71],[-101.54,73.36],[-100.36,73.84],[-99.16,73.63],[-97.38,73.76],[-97.12,73.47],[-98.05,72.99],[-96.54,72.56],[-96.72,71.66],[-98.36,71.27],[-99.32,71.36],[-100.01,71.74],[-102.5,72.51],[-102.48,72.83],[-100.44,72.71]]],[[[-106.6,73.6],[-105.26,73.64],[-104.5,73.42],[-105.38,72.76],[-106.94,73.46],[-106.6,73.6]]],[[[-98.5,76.72],[-97.74,76.26],[-97.7,75.74],[-98.16,75],[-99.81,74.9],[-100.88,75.06],[-100.86,75.64],[-102.5,75.56],[-102.57,76.34],[-101.49,76.31],[-99.98,76.65],[-98.58,76.59],[-98.5,76.72]]],[[[-96.02,80.6],[-95.32,80.91],[-94.3,80.98],[-94.74,81.21],[-92.41,81.26],[-91.13,80.72],[-89.45,80.51],[-87.81,80.32],[-87.02,79.66],[-85.81,79.34],[-87.19,79.04],[-89.04,78.29],[-90.8,78.22],[-92.88,78.34],[-93.95,78.75],[-93.94,79.11],[-93.15,79.38],[-94.97,79.37],[-96.08,79.71],[-96.71,80.16],[-96.02,80.6]]],[[[-91.59,81.89],[-90.1,82.08],[-88.93,82.12],[-86.97,82.28],[-85.5,82.65],[-84.26,82.6],[-83.18,82.32],[-82.42,82.86],[-81.1,83.02],[-79.31,83.13],[-76.25,83.17],[-75.72,83.06],[-72.83,83.23],[-70.67,83.17],[-68.5,83.11],[-65.83,83.03],[-63.68,82.9],[-61.85,82.63],[-61.89,82.36],[-64.33,81.93],[-66.75,81.73],[-67.66,81.5],[-65.48,81.51],[-67.84,80.9],[-69.47,80.62],[-71.18,79.8],[-73.24,79.63],[-73.88,79.43],[-76.91,79.32],[-75.53,79.2],[-76.22,79.02],[-75.39,78.53],[-76.34,78.18],[-77.89,77.9],[-78.36,77.51],[-79.76,77.21],[-79.62,76.98],[-77.91,77.02],[-77.89,76.78],[-80.56,76.18],[-83.17,76.45],[-86.11,76.3],[-87.6,76.42],[-89.49,76.47],[-89.62,76.95],[-87.77,77.18],[-88.26,77.9],[-87.65,77.97],[-84.98,77.54],[-86.34,78.18],[-87.96,78.37],[-87.15,78.76],[-85.38,79.0],[-85.09,79.35],[-86.51,79.74],[-86.93,80.25],[-84.2,80.21],[-83.41,80.1],[-81.85,80.46],[-84.1,80.58],[-87.6,80.52],[-89.37,80.86],[-90.2,81.26],[-91.37,81.55],[-91.59,81.89]]],[[[-75.22,67.44],[-75.87,67.15],[-76.99,67.1],[-77.24,67.59],[-76.81,68.15],[-75.9,68.29],[-75.11,68.01],[-75.1,67.58],[-75.22,67.44]]],[[[-96.26,69.49],[-95.65,69.11],[-96.27,68.76],[-97.62,69.06],[-98.43,68.95],[-99.8,69.4],[-98.92,69.71],[-98.22,70.14],[-97.16,69.86],[-96.56,69.68],[-96.26,69.49]]],[[[-64.52,49.87],[-64.17,49.96],[-62.86,49.71],[-61.84,49.29],[-61.81,49.11],[-62.29,49.09],[-63.59,49.4],[-64.52,49.87]]],[[[-64.01,47.04],[-63.66,46.55],[-62.94,46.42],[-62.01,46.44],[-62.5,46.03],[-62.87,45.97],[-64.14,46.39],[-64.39,46.73],[-64.01,47.04]]]]}},{"type":"Feature","properties":{"name":"United States of America","level":"country"},"geometry":{"type":"MultiPolygon","coordinates":[[[[-122.84,49],[-120,49],[-117.03,49],[-116.05,49],[-113,49],[-110.05,49],[-107.05,49],[-104.05,49.0],[-100.65,49],[-97.23,49.0],[-95.16,49],[-95.16,49.38],[-94.82,49.39],[-94.64,48.84],[-94.33,48.67],[-93.63,48.61],[-92.61,48.45],[-91.64,48.14],[-90.83,48.27],[-89.6,48.01],[-89.27,48.02],[-88.38,48.3],[-87.44,47.94],[-86.46,47.55],[-85.65,47.22],[-84.88,46.9],[-84.78,46.64],[-84.54,46.54],[-84.6,46.44],[-84.34,46.41],[-84.14,46.51],[-84.09,46.28],[-83.89,46.12],[-83.62,46.12],[-83.47,45.99],[-83.59,45.82],[-82.55,45.35],[-82.34,44.44],[-82.14,43.57],[-82.43,42.98],[-82.9,42.43],[-83.12,42.08],[-83.14,41.98],[-83.03,41.83],[-82.69,41.68],[-82.44,41.68],[-81.28,42.21],[-80.25,42.37],[-78.94,42.86],[-78.92,42.97],[-79.01,43.27],[-79.17,43.47],[-78.72,43.63],[-77.74,43.63],[-76.82,43.63],[-76.5,44.02],[-76.38,44.1],[-75.32,44.82],[-74.87,45.0],[-73.35,45.01],[-71.51,45.01],[-71.41,45.26],[-71.08,45.31],[-70.66,45.46],[-70.31,45.91],[-70.0,46.69],[-69.24,47.45],[-68.91,47.19],[-68.23,47.35],[-67.79,47.07],[-67.79,45.7],[-67.14,45.14],[-66.96,44.81],[-68.03,44.33],[-69.06,43.98],[-70.12,43.68],[-70.65,43.09],[-70.81,42.87],[-70.83,42.34],[-70.5,41.8],[-70.08,41.78],[-70.19,42.15],[-69.88,41.92],[-69.97,41.64],[-70.64,41.48],[-71.12,41.49],[-71.86,41.32],[-72.3,41.27],[-72.88,41.22],[-73.71,40.93],[-72.24,41.12],[-71.94,40.93],[-73.34,40.63],[-73.98,40.63],[-73.95,40.75],[-74.26,40.47],[-73.96,40.43],[-74.18,39.71],[-74.91,38.94],[-74.98,39.2],[-75.2,39.25],[-75.53,39.5],[-75.32,38.96],[-75.07,38.78],[-75.06,38.4],[-75.38,38.02],[-75.94,37.22],[-76.03,37.26],[-75.72,37.94],[-76.23,38.32],[-76.35,39.15],[-76.54,38.72],[-76.33,38.08],[-76.99,38.24],[-76.3,37.92],[-76.26,36.97],[-75.97,36.9],[-75.87,36.55],[-75.73,35.55],[-76.36,34.81],[-77.4,34.51],[-78.05,33.93],[-78.55,33.86],[-79.06,33.49],[-79.2,33.16],[-80.3,32.51],[-80.86,32.03],[-81.34,31.44],[-81.49,30.73],[-81.31,30.04],[-80.98,29.18],[-80.54,28.47],[-80.53,28.04],[-80.06,26.88],[-80.09,26.21],[-80.13,25.82],[-80.38,25.21],[-80.68,25.08],[-81.17,25.2],[-81.33,25.64],[-81.71,25.87],[-82.24,26.73],[-82.71,27.5],[-82.86,27.89],[-82.65,28.55],[-82.93,29.1],[-83.71,29.94],[-84.1,30.09],[-85.11,29.64],[-85.29,29.69],[-85.77,30.15],[-86.4,30.4],[-87.53,30.27],[-88.42,30.38],[-89.18,30.32],[-89.59,30.16],[-89.41,29.89],[-89.43,29.49],[-89.22,29.29],[-89.41,29.16],[-89.78,29.31],[-90.15,29.12],[-90.88,29.15],[-91.63,29.68],[-92.5,29.55],[-93.23,29.78],[-93.85,29.71],[-94.69,29.48],[-95.6,28.74],[-96.59,28.31],[-97.14,27.83],[-97.37,27.38],[-97.38,26.69],[-97.33,26.21],[-97.14,25.87],[-97.53,25.84],[-98.24,26.06],[-99.02,26.37],[-99.3,26.84],[-99.52,27.54],[-100.11,28.11],[-100.46,28.7],[-100.96,29.38],[-101.66,29.78],[-102.48,29.76],[-103.11,28.97],[-103.94,29.27],[-104.46,29.57],[-104.71,30.12],[-105.04,30.64],[-105.63,31.08],[-106.14,31.4],[-106.51,31.75],[-108.24,31.75],[-108.24,31.34],[-109.03,31.34],[-111.02,31.33],[-113.3,32.04],[-114.81,32.53],[-114.72,32.72],[-115.99,32.61],[-117.13,32.54],[-117.3,33.05],[-117.94,33.62],[-118.41,33.74],[-118.52,34.03],[-119.08,34.08],[-119.44,34.35],[-120.37,34.45],[-120.62,34.61],[-120.74,35.16],[-121.71,36.16],[-122.55,37.55],[-122.51,37.78],[-122.95,38.11],[-123.73,38.95],[-123.87,39.77],[-124.4,40.31],[-124.18,41.14],[-124.21,42.0],[-124.53,42.77],[-124.14,43.71],[-124.02,44.62],[-123.9,45.52],[-124.08,46.86],[-124.4,47.72],[-124.69,48.18],[-124.57,48.38],[-123.12,48.04],[-122.59,47.1],[-122.34,47.36],[-122.5,48.18],[-122.84,49]]],[[[-155.4,20.08],[-155.22,19.99],[-155.06,19.86],[-154.81,19.51],[-154.83,19.45],[-155.22,19.24],[-155.54,19.08],[-155.69,18.92],[-155.94,19.06],[-155.91,19.34],[-156.07,19.7],[-156.02,19.81],[-155.85,19.98],[-155.92,20.17],[-155.86,20.27],[-155.79,20.25],[-155.4,20.08]]],[[[-156.0,20.76],[-156.08,20.64],[-156.41,20.57],[-156.59,20.78],[-156.7,20.86],[-156.71,20.93],[-156.61,21.01],[-156.26,20.92],[-156.0,20.76]]],[[[-156.76,21.18],[-156.79,21.07],[-157.33,21.1],[-157.25,21.22],[-156.76,21.18]]],[[[-158.03,21.72],[-157.94,21.65],[-157.65,21.32],[-157.71,21.26],[-157.78,21.28],[-158.13,21.31],[-158.25,21.54],[-158.29,21.58],[-158.03,21.72]]],[[[-159.37,22.21],[-159.35,21.98],[-159.46,21.88],[-159.8,22.07],[-159.75,22.14],[-159.6,22.24],[-159.37,22.21]]],[[[-166.47,60.38],[-165.67,60.29],[-165.58,59.91],[-166.19,59.75],[-166.85,59.94],[-167.46,60.21],[-166.47,60.38]]],[[[-153.23,57.97],[-152.56,57.9],[-152.14,57.59],[-153.01,57.12],[-154.01,56.73],[-154.52,56.99],[-154.67,57.46],[-153.76,57.82],[-153.23,57.97]]],[[[-140.99,69.71],[-140.99,69.71],[-140.99,66.0],[-141.0,60.31],[-140.01,60.28],[-139.04,60],[-138.34,59.56],[-137.45,58.91],[-136.48,59.46],[-135.48,59.79],[-134.94,59.27],[-134.27,58.86],[-133.36,58.41],[-132.73,57.69],[-131.71,56.55],[-130.01,55.92],[-129.98,55.28],[-130.54,54.8],[-130.54,54.8],[-130.54,54.8],[-131.09,55.18],[-131.97,55.5],[-132.25,56.37],[-133.54,57.18],[-134.08,58.12],[-135.04,58.19],[-136.63,58.21],[-137.8,58.5],[-139.87,59.54],[-140.83,59.73],[-142.57,60.08],[-143.96,60.0],[-145.93,60.46],[-147.11,60.88],[-148.22,60.67],[-148.02,59.98],[-148.57,59.91],[-149.73,59.71],[-150.61,59.37],[-151.72,59.16],[-151.86,59.74],[-151.41,60.73],[-150.35,61.03],[-150.62,61.28],[-151.9,60.73],[-152.58,60.06],[-154.02,59.35],[-153.29,58.86],[-154.23,58.15],[-155.31,57.73],[-156.31,57.42],[-156.56,56.98],[-158.12,56.46],[-158.43,55.99],[-159.6,55.57],[-160.29,55.64],[-161.22,55.36],[-162.24,55.02],[-163.07,54.69],[-164.79,54.4],[-164.94,54.57],[-163.85,55.04],[-162.87,55.35],[-161.8,55.89],[-160.56,56.01],[-160.07,56.42],[-158.68,57.02],[-158.46,57.22],[-157.72,57.57],[-157.55,58.33],[-157.04,58.92],[-158.19,58.62],[-158.52,58.79],[-159.06,58.42],[-159.71,58.93],[-159.98,58.57],[-160.36,59.07],[-161.36,58.67],[-161.97,58.67],[-162.05,59.27],[-161.87,59.63],[-162.52,59.99],[-163.82,59.8],[-164.66,60.27],[-165.35,60.51],[-165.35,61.07],[-166.12,61.5],[-165.73,62.07],[-164.92,62.63],[-164.56,63.15],[-163.75,63.22],[-163.07,63.06],[-162.26,63.54],[-161.53,63.46],[-160.77,63.77],[-160.96,64.22],[-161.52,64.4],[-160.78,64.79],[-161.39,64.78],[-162.45,64.56],[-162.76,64.34],[-163.55,64.56],[-164.96,64.45],[-166.43,64.69],[-166.85,65.09],[-168.11,65.67],[-166.71,66.09],[-164.47,66.58],[-163.65,66.58],[-163.79,66.08],[-161.68,66.12],[-162.49,66.74],[-163.72,67.12],[-164.43,67.62],[-165.39,68.04],[-166.76,68.36],[-166.2,68.88],[-164.43,68.92],[-163.17,69.37],[-162.93,69.86],[-161.91,70.33],[-160.93,70.45],[-159.04,70.89],[-158.12,70.82],[-156.58,71.36],[-155.07,71.15],[-154.34,70.7],[-153.9,70.89],[-152.21,70.83],[-152.27,70.6],[-150.74,70.43],[-149.72,70.53],[-147.61,70.21],[-145.69,70.12],[-144.92,69.99],[-143.59,70.15],[-142.07,69.85],[-140.99,69.71],[-140.99,69.71]]],[[[-171.73,63.78],[-171.11,63.59],[-170.49,63.69],[-169.68,63.43],[-168.69,63.3],[-168.77,63.19],[-169.53,62.98],[-170.29,63.19],[-170.67,63.38],[-171.55,63.32],[-171.79,63.41],[-171.73,63.78]]]]}},{"type":"Feature","properties":{"name":"Kazakhstan","level":"country"},"geometry":{"type":"Polygon","coordinates":[[[87.36,49.21],[86.6,48.55],[85.77,48.46],[85.72,47.45],[85.16,47.0],[83.18,47.33],[82.46,45.54],[81.95,45.32],[79.97,44.92],[80.87,43.18],[80.18,42.92],[80.26,42.35],[79.64,42.5],[79.14,42.86],[77.66,42.96],[76.0,42.99],[75.64,42.88],[74.21,43.3],[73.65,43.09],[73.49,42.5],[71.84,42.85],[71.19,42.7],[70.96,42.27],[70.39,42.08],[69.07,41.38],[68.63,40.67],[68.26,40.66],[67.99,41.14],[66.71,41.17],[66.51,41.99],[66.02,41.99],[66.1,43.0],[64.9,43.73],[63.19,43.65],[62.01,43.5],[61.06,44.41],[60.24,44.78],[58.69,45.5],[58.5,45.59],[55.93,45.0],[55.97,41.31],[55.46,41.26],[54.76,42.04],[54.08,42.32],[52.94,42.12],[52.5,41.78],[52.45,42.03],[52.69,42.44],[52.5,42.79],[51.34,43.13],[50.89,44.03],[50.34,44.28],[50.31,44.61],[51.28,44.51],[51.32,45.25],[52.17,45.41],[53.04,45.26],[53.22,46.23],[53.04,46.85],[52.04,46.8],[51.19,47.05],[50.03,46.61],[49.1,46.4],[48.59,46.56],[48.69,47.08],[48.06,47.74],[47.32,47.72],[46.47,48.39],[47.04,49.15],[46.75,49.36],[47.55,50.45],[48.58,49.87],[48.7,50.61],[50.77,51.69],[52.33,51.72],[54.53,51.03],[55.72,50.62],[56.78,51.04],[58.36,51.06],[59.64,50.55],[59.93,50.84],[61.34,50.8],[61.59,51.27],[59.97,51.96],[60.93,52.45],[60.74,52.72],[61.7,52.98],[60.98,53.66],[61.44,54.01],[65.18,54.35],[65.67,54.6],[68.17,54.97],[69.07,55.39],[70.87,55.17],[71.18,54.13],[72.22,54.38],[73.51,54.04],[73.43,53.49],[74.38,53.55],[76.89,54.49],[76.53,54.18],[77.8,53.4],[80.04,50.86],[80.57,51.39],[81.95,50.81],[83.38,51.07],[83.94,50.89],[84.42,50.31],[85.12,50.12],[85.54,49.69],[86.83,49.83],[87.36,49.21]]]}},{"type":"Feature","properties":{"name":"Uzbekistan","level":"country"},"geometry":{"type":"Polygon","coordinates":[[[55.97,41.31],[55.93,45.0],[58.5,45.59],[58.69,45.5],[60.24,44.78],[61.06,44.41],[62.01,43.5],[63.19,43.65],[64.9,43.73],[66.1,43.0],[66.02,41.99],[66.51,41.99],[66.71,41.17],[67.99,41.14],[68.26,40.66],[68.63,40.67],[69.07,41.38],[70.39,42.08],[70.96,42.27],[71.26,42.17],[70.42,41.52],[71.16,41.14],[71.87,41.39],[73.06,40.87],[71.77,40.15],[71.01,40.24],[70.6,40.22],[70.46,40.5],[70.67,40.96],[69.33,40.73],[69.01,40.09],[68.54,39.53],[67.7,39.58],[67.44,39.14],[68.18,38.9],[68.39,38.16],[67.83,37.14],[67.08,37.36],[66.52,37.36],[66.55,37.97],[65.22,38.4],[64.17,38.89],[63.52,39.36],[62.37,40.05],[61.88,41.08],[61.55,41.27],[60.47,41.22],[60.08,41.43],[59.98,42.22],[58.63,42.75],[57.79,42.17],[56.93,41.83],[57.1,41.32],[55.97,41.31]]]}},{"type":"Feature","properties":{"name":"Papua New Guinea","level":"country"},"geometry":{"type":"MultiPolygon","coordinates":[[[[141.0,-2.6],[142.74,-3.29],[144.58,-3.86],[145.27,-4.37],[145.83,-4.88],[145.98,-5.47],[147.65,-6.08],[147.89,-6.61],[146.97,-6.72],[147.19,-7.39],[148.08,-8.04],[148.73,-9.1],[149.31,-9.07],[149.27,-9.51],[150.04,-9.68],[149.74,-9.87],[150.8,-10.29],[150.69,-10.58],[150.03,-10.65],[149.78,-10.39],[148.92,-10.28],[147.91,-10.13],[147.14,-9.49],[146.57,-8.94],[146.05,-8.07],[144.74,-7.63],[143.9,-7.92],[143.29,-8.25],[143.41,-8.98],[142.63,-9.33],[142.07,-9.16],[141.03,-9.12],[141.02,-5.86],[141.0,-2.6]]],[[[152.64,-3.66],[153.02,-3.98],[153.14,-4.5],[152.83,-4.77],[152.64,-4.18],[152.41,-3.79],[151.95,-3.46],[151.38,-3.04],[150.66,-2.74],[150.94,-2.5],[151.48,-2.78],[151.82,-3.0],[152.24,-3.24],[152.64,-3.66]]],[[[151.3,-5.84],[150.75,-6.08],[150.24,-6.32],[149.71,-6.32],[148.89,-6.03],[148.32,-5.75],[148.4,-5.44],[149.3,-5.58],[149.85,-5.51],[150.0,-5.03],[150.14,-5.0],[150.24,-5.53],[150.81,-5.46],[151.09,-5.11],[151.65,-4.76],[151.54,-4.17],[152.14,-4.15],[152.34,-4.31],[152.32,-4.87],[151.98,-5.48],[151.46,-5.56],[151.3,-5.84]]],[[[154.76,-5.34],[155.06,-5.57],[155.55,-6.2],[156.02,-6.54],[155.88,-6.82],[155.6,-6.92],[155.17,-6.54],[154.73,-5.9],[154.51,-5.14],[154.65,-5.04],[154.76,-5.34]]]]}},{"type":"Feature","properties":{"name":"Indonesia","level":"country"},"geometry":{"type":"MultiPolygon","coordinates":[[[[141.0,-2.6],[141.02,-5.86],[141.03,-9.12],[140.14,-8.3],[139.13,-8.1],[138.88,-8.38],[137.61,-8.41],[138.04,-7.6],[138.67,-7.32],[138.41,-6.23],[137.93,-5.39],[135.99,-4.55],[135.16,-4.46],[133.66,-3.54],[133.37,-4.02],[132.98,-4.11],[132.76,-3.75],[132.75,-3.31],[131.99,-2.82],[133.07,-2.46],[133.78,-2.48],[133.7,-2.21],[132.23,-2.21],[131.84,-1.62],[130.94,-1.43],[130.52,-0.94],[131.87,-0.7],[132.38,-0.37],[133.99,-0.78],[134.14,-1.15],[134.42,-2.77],[135.46,-3.37],[136.29,-2.31],[137.44,-1.7],[138.33,-1.7],[139.18,-2.05],[139.93,-2.41],[141.0,-2.6]]],[[[124.97,-8.89],[125.07,-9.09],[125.09,-9.39],[124.44,-10.14],[123.58,-10.36],[123.46,-10.24],[123.55,-9.9],[123.98,-9.29],[124.97,-8.89]]],[[[134.21,-6.9],[134.11,-6.14],[134.29,-5.78],[134.5,-5.45],[134.73,-5.74],[134.72,-6.21],[134.21,-6.9]]],[[[117.88,4.14],[117.31,3.23],[118.05,2.29],[117.88,1.83],[119.0,0.9],[117.81,0.78],[117.48,0.1],[117.52,-0.8],[116.56,-1.49],[116.53,-2.48],[116.15,-4.01],[116.0,-3.66],[114.86,-4.11],[114.47,-3.5],[113.76,-3.44],[113.26,-3.12],[112.07,-3.48],[111.7,-2.99],[111.05,-3.05],[110.22,-2.93],[110.07,-1.59],[109.57,-1.31],[109.09,-0.46],[108.95,0.42],[109.07,1.34],[109.66,2.01],[109.83,1.34],[110.51,0.77],[111.16,0.98],[111.8,0.9],[112.38,1.41],[112.86,1.5],[113.81,1.22],[114.62,1.43],[115.13,2.82],[115.52,3.17],[115.87,4.31],[117.02,4.31],[117.88,4.14]]],[[[129.37,-2.8],[130.47,-3.09],[130.83,-3.86],[129.99,-3.45],[129.16,-3.36],[128.59,-3.43],[127.9,-3.39],[128.14,-2.84],[129.37,-2.8]]],[[[126.87,-3.79],[126.18,-3.61],[125.99,-3.18],[127.0,-3.13],[127.25,-3.46],[126.87,-3.79]]],[[[127.93,2.17],[128.0,1.63],[128.59,1.54],[128.69,1.13],[128.64,0.26],[128.12,0.36],[127.97,-0.25],[128.38,-0.78],[128.1,-0.9],[127.7,-0.27],[127.4,1.01],[127.6,1.81],[127.93,2.17]]],[[[122.93,0.88],[124.08,0.92],[125.07,1.64],[125.24,1.42],[124.44,0.43],[123.69,0.24],[122.72,0.43],[121.06,0.38],[120.18,0.24],[120.04,-0.52],[120.94,-1.41],[121.48,-0.96],[123.34,-0.62],[123.26,-1.08],[122.82,-0.93],[122.39,-1.52],[121.51,-1.9],[122.45,-3.19],[122.27,-3.53],[123.17,-4.68],[123.16,-5.34],[122.63,-5.63],[122.24,-5.28],[122.72,-4.46],[121.74,-4.85],[121.49,-4.57],[121.62,-4.19],[120.9,-3.6],[120.97,-2.63],[120.31,-2.93],[120.39,-4.1],[120.43,-5.53],[119.8,-5.67],[119.37,-5.38],[119.65,-4.46],[119.5,-3.49],[119.08,-3.49],[118.77,-2.8],[119.18,-2.15],[119.32,-1.35],[119.83,0.15],[120.04,0.57],[120.89,1.31],[121.67,1.01],[122.93,0.88]]],[[[120.3,-10.26],[118.97,-9.56],[119.9,-9.36],[120.43,-9.67],[120.78,-9.97],[120.72,-10.24],[120.3,-10.26]]],[[[121.34,-8.54],[122.01,-8.46],[122.9,-8.09],[122.76,-8.65],[121.25,-8.93],[119.92,-8.81],[119.92,-8.44],[120.72,-8.24],[121.34,-8.54]]],[[[118.26,-8.36],[118.88,-8.28],[119.13,-8.71],[117.97,-8.91],[117.28,-9.04],[116.74,-9.03],[117.08,-8.46],[117.63,-8.45],[117.9,-8.1],[118.26,-8.36]]],[[[108.49,-6.42],[108.62,-6.78],[110.54,-6.88],[110.76,-6.47],[112.61,-6.95],[112.98,-7.59],[114.48,-7.78],[115.71,-8.37],[114.56,-8.75],[113.46,-8.35],[112.56,-8.38],[111.52,-8.3],[110.59,-8.12],[109.43,-7.74],[108.69,-7.64],[108.28,-7.77],[106.45,-7.35],[106.28,-6.92],[105.37,-6.85],[106.05,-5.9],[107.27,-5.95],[108.07,-6.35],[108.49,-6.42]]],[[[104.37,-1.08],[104.54,-1.78],[104.89,-2.34],[105.62,-2.43],[106.11,-3.06],[105.86,-4.31],[105.82,-5.85],[104.71,-5.87],[103.87,-5.04],[102.58,-4.22],[102.16,-3.61],[101.4,-2.8],[100.9,-2.05],[100.14,-0.65],[99.26,0.18],[98.97,1.04],[98.6,1.82],[97.7,2.45],[97.18,3.31],[96.42,3.87],[95.38,4.97],[95.29,5.48],[95.94,5.44],[97.48,5.25],[98.37,4.27],[99.14,3.59],[99.69,3.17],[100.64,2.1],[101.66,2.08],[102.5,1.4],[103.08,0.56],[103.84,0.1],[103.44,-0.71],[104.01,-1.06],[104.37,-1.08]]]]}},{"type":"Feature","properties":{"name":"Argentina","level":"country"},"geometry":{"type":"MultiPolygon","coordinates":[[[[-68.63,-52.64],[-68.25,-53.1],[-67.75,-53.85],[-66.45,-54.45],[-65.05,-54.7],[-65.5,-55.2],[-66.45,-55.25],[-66.96,-54.9],[-67.56,-54.87],[-68.63,-54.87],[-68.63,-52.64]]],[[[-57.63,-30.22],[-57.87,-31.02],[-58.14,-32.04],[-58.13,-33.04],[-58.35,-33.26],[-58.43,-33.91],[-58.5,-34.43],[-57.23,-35.29],[-57.36,-35.98],[-56.74,-36.41],[-56.79,-36.9],[-57.75,-38.18],[-59.23,-38.72],[-61.24,-38.93],[-62.34,-38.83],[-62.13,-39.42],[-62.33,-40.17],[-62.15,-40.68],[-62.75,-41.03],[-63.77,-41.17],[-64.73,-40.8],[-65.12,-41.06],[-64.98,-42.06],[-64.3,-42.36],[-63.76,-42.04],[-63.46,-42.56],[-64.38,-42.87],[-65.18,-43.5],[-65.33,-44.5],[-65.57,-45.04],[-66.51,-45.04],[-67.29,-45.55],[-67.58,-46.3],[-66.6,-47.03],[-65.64,-47.24],[-65.99,-48.13],[-67.17,-48.7],[-67.82,-49.87],[-68.73,-50.26],[-69.14,-50.73],[-68.82,-51.77],[-68.15,-52.35],[-68.57,-52.3],[-69.5,-52.14],[-71.91,-52.01],[-72.33,-51.43],[-72.31,-50.68],[-72.98,-50.74],[-73.33,-50.38],[-73.42,-49.32],[-72.65,-48.88],[-72.33,-48.24],[-72.45,-47.74],[-71.92,-46.88],[-71.55,-45.56],[-71.66,-44.97],[-71.22,-44.78],[-71.33,-44.41],[-71.79,-44.21],[-71.46,-43.79],[-71.92,-43.41],[-72.15,-42.25],[-71.75,-42.05],[-71.92,-40.83],[-71.68,-39.81],[-71.41,-38.92],[-70.81,-38.55],[-71.12,-37.58],[-71.12,-36.66],[-70.36,-36.01],[-70.39,-35.17],[-69.82,-34.19],[-69.81,-33.27],[-70.07,-33.09],[-70.54,-31.37],[-69.92,-30.34],[-70.01,-29.37],[-69.66,-28.46],[-69.0,-27.52],[-68.3,-26.9],[-68.59,-26.51],[-68.39,-26.19],[-68.42,-24.52],[-67.33,-24.03],[-66.99,-22.99],[-67.11,-22.74],[-66.27,-21.83],[-64.96,-22.08],[-64.38,-22.8],[-63.99,-21.99],[-62.85,-22.03],[-62.69,-22.25],[-60.85,-23.88],[-60.03,-24.03],[-58.81,-24.77],[-57.78,-25.16],[-57.63,-25.6],[-58.62,-27.12],[-57.61,-27.4],[-56.49,-27.55],[-55.7,-27.39],[-54.79,-26.62],[-54.63,-25.74],[-54.13,-25.55],[-53.63,-26.12],[-53.65,-26.92],[-54.49,-27.47],[-55.16,-27.88],[-56.29,-28.85],[-57.63,-30.22]]]]}},{"type":"Feature","properties":{"name":"Chile","level":"country"},"geometry":{"type":"MultiPolygon","coordinates":[[[[-68.63,-52.64],[-68.63,-54.87],[-67.56,-54.87],[-66.96,-54.9],[-67.29,-55.3],[-68.15,-55.61],[-68.64,-55.58],[-69.23,-55.5],[-69.96,-55.2],[-71.01,-55.05],[-72.26,-54.5],[-73.29,-53.96],[-74.66,-52.84],[-73.84,-53.05],[-72.43,-53.72],[-71.11,-54.07],[-70.59,-53.62],[-70.27,-52.93],[-69.35,-52.52],[-68.63,-52.64]]],[[[-69.59,-17.58],[-69.1,-18.26],[-68.97,-18.98],[-68.44,-19.41],[-68.76,-20.37],[-68.22,-21.49],[-67.83,-22.87],[-67.11,-22.74],[-66.99,-22.99],[-67.33,-24.03],[-68.42,-24.52],[-68.39,-26.19],[-68.59,-26.51],[-68.3,-26.9],[-69.0,-27.52],[-69.66,-28.46],[-70.01,-29.37],[-69.92,-30.34],[-70.54,-31.37],[-70.07,-33.09],[-69.81,-33.27],[-69.82,-34.19],[-70.39,-35.17],[-70.36,-36.01],[-71.12,-36.66],[-71.12,-37.58],[-70.81,-38.55],[-71.41,-38.92],[-71.68,-39.81],[-71.92,-40.83],[-71.75,-42.05],[-72.15,-42.25],[-71.92,-43.41],[-71.46,-43.79],[-71.79,-44.21],[-71.33,-44.41],[-71.22,-44.78],[-71.66,-44.97],[-71.55,-45.56],[-71.92,-46.88],[-72.45,-47.74],[-72.33,-48.24],[-72.65,-48.88],[-73.42,-49.32],[-73.33,-50.38],[-72.98,-50.74],[-72.31,-50.68],[-72.33,-51.43],[-71.91,-52.01],[-69.5,-52.14],[-68.57,-52.3],[-69.46,-52.29],[-69.94,-52.54],[-70.85,-52.9],[-71.01,-53.83],[-71.43,-53.86],[-72.56,-53.53],[-73.7,-52.84],[-73.7,-52.84],[-74.95,-52.26],[-75.26,-51.63],[-74.98,-51.04],[-75.48,-50.38],[-75.61,-48.67],[-75.18,-47.71],[-74.13,-46.94],[-75.64,-46.65],[-74.69,-45.76],[-74.35,-44.1],[-73.24,-44.45],[-72.72,-42.38],[-73.39,-42.12],[-73.7,-43.37],[-74.33,-43.22],[-74.02,-41.79],[-73.68,-39.94],[-73.22,-39.26],[-73.51,-38.28],[-73.59,-37.16],[-73.17,-37.12],[-72.55,-35.51],[-71.86,-33.91],[-71.44,-32.42],[-71.67,-30.92],[-71.37,-30.1],[-71.49,-28.86],[-70.91,-27.64],[-70.72,-25.71],[-70.4,-23.63],[-70.09,-21.39],[-70.16,-19.76],[-70.37,-18.35],[-69.86,-18.09],[-69.59,-17.58]]]]}},{"type":"Feature","properties":{"name":"Dem. Rep. Congo","level":"country"},"geometry":{"type":"Polygon","coordinates":[[[29.34,-4.5],[29.52,-5.42],[29.42,-5.94],[29.62,-6.52],[30.2,-7.08],[30.74,-8.34],[30.74,-8.34],[30.35,-8.24],[29.0,-8.41],[28.73,-8.53],[28.45,-9.16],[28.67,-9.61],[28.5,-10.79],[28.37,-11.79],[28.64,-11.97],[29.34,-12.36],[29.62,-12.18],[29.7,-13.26],[28.93,-13.25],[28.52,-12.7],[28.16,-12.27],[27.39,-12.13],[27.16,-11.61],[26.55,-11.92],[25.75,-11.78],[25.42,-11.33],[24.78,-11.24],[24.31,-11.26],[24.26,-10.95],[23.91,-10.93],[23.46,-10.87],[22.84,-11.02],[22.4,-10.99],[22.16,-11.08],[22.21,-9.89],[21.88,-9.52],[21.8,-8.91],[21.95,-8.31],[21.75,-7.92],[21.73,-7.29],[20.51,-7.3],[20.6,-6.94],[20.09,-6.94],[20.04,-7.12],[19.42,-7.16],[19.17,-7.74],[19.02,-7.99],[18.46,-7.85],[18.13,-7.99],[17.47,-8.07],[17.09,-7.55],[16.86,-7.22],[16.57,-6.62],[16.33,-5.88],[13.38,-5.86],[13.02,-5.98],[12.74,-5.97],[12.32,-6.1],[12.18,-5.79],[12.44,-5.68],[12.47,-5.25],[12.63,-4.99],[13.0,-4.78],[13.26,-4.88],[13.6,-4.5],[14.14,-4.51],[14.21,-4.79],[14.58,-4.97],[15.17,-4.34],[15.75,-3.86],[16.01,-3.54],[15.97,-2.71],[16.41,-1.74],[16.87,-1.23],[17.52,-0.74],[17.64,-0.42],[17.66,-0.06],[17.83,0.29],[17.77,0.86],[17.9,1.74],[18.09,2.37],[18.39,2.9],[18.45,3.5],[18.54,4.2],[18.93,4.71],[19.47,5.03],[20.29,4.69],[20.93,4.32],[21.66,4.22],[22.41,4.03],[22.7,4.63],[22.84,4.71],[23.3,4.61],[24.41,5.11],[24.81,4.9],[25.13,4.93],[25.28,5.17],[25.65,5.26],[26.4,5.15],[27.04,5.13],[27.37,5.23],[27.98,4.41],[28.43,4.29],[28.7,4.46],[29.16,4.39],[29.72,4.6],[29.95,4.17],[30.83,3.51],[30.83,3.51],[30.77,2.34],[31.17,2.2],[30.85,1.85],[30.47,1.58],[30.09,1.06],[29.88,0.6],[29.82,-0.21],[29.59,-0.59],[29.58,-1.34],[29.29,-1.62],[29.25,-2.22],[29.12,-2.29],[29.02,-2.84],[29.28,-3.29],[29.34,-4.5]]]}},{"type":"Feature","properties":{"name":"Somalia","level":"country"},"geometry":{"type":"Polygon","coordinates":[[[41.59,-1.68],[40.99,-0.86],[40.98,2.78],[41.86,3.92],[42.13,4.23],[42.77,4.25],[43.66,4.96],[44.96,5.0],[47.79,8.0],[48.49,8.84],[48.94,9.45],[48.94,9.97],[48.94,10.98],[48.94,11.39],[48.95,11.41],[48.95,11.41],[49.27,11.43],[49.73,11.58],[50.26,11.68],[50.73,12.02],[51.11,12.02],[51.13,11.75],[51.04,11.17],[51.05,10.64],[50.83,10.28],[50.55,9.2],[50.07,8.08],[49.45,6.8],[48.59,5.34],[47.74,4.22],[46.56,2.86],[45.56,2.05],[44.07,1.05],[43.14,0.29],[42.04,-0.92],[41.81,-1.45],[41.59,-1.68]]]}},{"type":"Feature","properties":{"name":"Kenya","level":"country"},"geometry":{"type":"Polygon","coordinates":[[[39.2,-4.68],[37.77,-3.68],[37.7,-3.1],[34.07,-1.06],[33.9,-0.95],[33.89,0.11],[34.18,0.52],[34.67,1.18],[35.04,1.91],[34.6,3.05],[34.48,3.56],[34.01,4.25],[34.62,4.85],[35.3,5.51],[35.82,5.34],[35.82,4.78],[36.16,4.45],[36.86,4.45],[38.12,3.6],[38.44,3.59],[38.67,3.62],[38.89,3.5],[39.56,3.42],[39.85,3.84],[40.77,4.26],[41.17,3.92],[41.86,3.92],[40.98,2.78],[40.99,-0.86],[41.59,-1.68],[40.88,-2.08],[40.64,-2.5],[40.26,-2.57],[40.12,-3.28],[39.8,-3.68],[39.6,-4.35],[39.2,-4.68]]]}},{"type":"Feature","properties":{"name":"Sudan","level":"country"},"geometry":{"type":"Polygon","coordinates":[[[24.57,8.23],[23.81,8.67],[23.46,8.95],[23.39,9.27],[23.56,9.68],[23.55,10.09],[22.98,10.71],[22.86,11.14],[22.88,11.38],[22.51,11.68],[22.5,12.26],[22.29,12.65],[21.94,12.59],[22.04,12.96],[22.3,13.37],[22.18,13.79],[22.51,14.09],[22.3,14.33],[22.57,14.94],[23.02,15.68],[23.89,15.61],[23.84,19.58],[23.85,20],[25,20.0],[25,22],[29.02,22],[32.9,22],[36.87,22],[37.19,21.02],[36.97,20.84],[37.11,19.81],[37.48,18.61],[37.86,18.37],[38.41,18.0],[37.9,17.43],[37.17,17.26],[36.85,16.96],[36.75,16.29],[36.32,14.82],[36.43,14.42],[36.27,13.56],[35.86,12.58],[35.26,12.08],[34.83,11.32],[34.73,10.91],[34.26,10.63],[33.96,9.58],[33.97,8.68],[33.96,9.46],[33.82,9.48],[33.84,9.98],[33.72,10.33],[33.21,10.72],[33.09,11.44],[33.21,12.18],[32.74,12.25],[32.67,12.02],[32.07,11.97],[32.31,11.68],[32.4,11.08],[31.85,10.53],[31.35,9.81],[30.84,9.71],[30.0,10.29],[29.62,10.08],[29.52,9.79],[29.0,9.6],[28.97,9.4],[27.97,9.4],[27.83,9.6],[27.11,9.64],[26.75,9.47],[26.48,9.55],[25.96,10.14],[25.79,10.41],[25.07,10.27],[24.79,9.81],[24.54,8.92],[24.19,8.73],[23.89,8.62],[24.57,8.23]]]}},{"type":"Feature","properties":{"name":"Chad","level":"country"},"geometry":{"type":"Polygon","coordinates":[[[23.84,19.58],[23.89,15.61],[23.02,15.68],[22.57,14.94],[22.3,14.33],[22.51,14.09],[22.18,13.79],[22.3,13.37],[22.04,12.96],[21.94,12.59],[22.29,12.65],[22.5,12.26],[22.51,11.68],[22.88,11.38],[22.86,11.14],[22.23,10.97],[21.72,10.57],[21.0,9.48],[20.06,9.01],[19.09,9.07],[18.81,8.98],[18.91,8.63],[18.39,8.28],[17.96,7.89],[16.71,7.51],[16.46,7.73],[16.29,7.75],[16.11,7.5],[15.28,7.42],[15.44,7.69],[15.12,8.38],[14.98,8.8],[14.54,8.97],[13.95,9.55],[14.17,10.02],[14.63,9.92],[14.91,9.99],[15.47,9.98],[14.92,10.89],[14.96,11.56],[14.89,12.22],[14.5,12.86],[14.6,13.33],[13.95,13.35],[13.96,14.0],[13.54,14.37],[13.97,15.68],[15.25,16.63],[15.3,17.93],[15.69,19.96],[15.9,20.39],[15.49,20.73],[15.47,21.05],[15.1,21.31],[14.85,22.86],[15.86,23.41],[19.85,21.5],[23.84,19.58]]]}},{"type":"Feature","properties":{"name":"Haiti","level":"country"},"geometry":{"type":"Polygon","coordinates":[[[-71.71,19.71],[-71.62,19.17],[-71.7,18.79],[-71.95,18.62],[-71.69,18.32],[-71.71,18.04],[-72.37,18.21],[-72.84,18.15],[-73.45,18.22],[-73.92,18.03],[-74.46,18.34],[-74.37,18.66],[-73.45,18.53],[-72.69,18.45],[-72.33,18.67],[-72.79,19.1],[-72.78,19.48],[-73.42,19.64],[-73.19,19.92],[-72.58,19.87],[-71.71,19.71]]]}},{"type":"Feature","properties":{"name":"Dominican Rep.","level":"country"},"geometry":{"type":"Polygon","coordinates":[[[-71.71,18.04],[-71.69,18.32],[-71.95,18.62],[-71.7,18.79],[-71.62,19.17],[-71.71,19.71],[-71.59,19.88],[-70.81,19.88],[-70.21,19.62],[-69.95,19.65],[-69.77,19.29],[-69.22,19.31],[-69.25,19.02],[-68.81,18.98],[-68.32,18.61],[-68.69,18.21],[-69.16,18.42],[-69.62,18.38],[-69.95,18.43],[-70.13,18.25],[-70.52,18.18],[-70.67,18.43],[-71.0,18.28],[-71.4,17.6],[-71.66,17.76],[-71.71,18.04]]]}},{"type":"Feature","properties":{"name":"Russia","level":"country"},"geometry":{"type":"MultiPolygon","coordinates":[[[[178.73,71.1],[180,71.52],[180,70.83],[178.9,70.78],[178.73,71.1]]],[[[49.1,46.4],[48.65,45.81],[47.68,45.64],[46.68,44.61],[47.59,43.66],[47.49,42.99],[48.58,41.81],[48.58,41.81],[47.99,41.41],[47.82,41.15],[47.37,41.22],[46.69,41.83],[46.4,41.86],[45.78,42.09],[45.47,42.5],[44.54,42.71],[43.93,42.55],[43.76,42.74],[42.39,43.22],[40.92,43.38],[40.08,43.55],[39.96,43.43],[38.68,44.28],[37.54,44.66],[36.68,45.24],[37.4,45.4],[38.23,46.24],[37.67,46.64],[39.15,47.04],[39.12,47.26],[38.22,47.1],[38.26,47.55],[38.77,47.83],[39.74,47.9],[39.9,48.23],[39.67,48.78],[40.08,49.31],[40.07,49.6],[38.59,49.93],[38.01,49.92],[37.39,50.38],[36.63,50.23],[35.36,50.58],[35.38,50.77],[35.02,51.21],[34.22,51.26],[34.14,51.57],[34.39,51.77],[33.75,52.34],[32.72,52.24],[32.41,52.29],[32.16,52.06],[31.79,52.1],[31.79,52.1],[31.54,52.74],[31.31,53.07],[31.5,53.17],[32.3,53.13],[32.69,53.35],[32.41,53.62],[31.73,53.79],[31.79,53.97],[31.38,54.16],[30.76,54.81],[30.97,55.08],[30.87,55.55],[29.9,55.79],[29.37,55.67],[29.23,55.92],[28.18,56.17],[27.86,56.76],[27.77,57.24],[27.29,57.47],[27.72,57.79],[27.42,58.72],[28.13,59.3],[27.98,59.48],[27.98,59.48],[29.12,60.03],[28.07,60.5],[28.07,60.5],[30.21,61.78],[31.14,62.36],[31.52,62.87],[30.04,63.55],[30.44,64.2],[29.54,64.95],[30.22,65.81],[29.05,66.94],[29.98,67.7],[28.45,68.36],[28.59,69.06],[29.4,69.16],[31.1,69.56],[31.1,69.56],[32.13,69.91],[33.78,69.3],[36.51,69.06],[40.29,67.93],[41.06,67.46],[41.13,66.79],[40.02,66.27],[38.38,66.0],[33.92,66.76],[33.18,66.63],[34.81,65.9],[34.88,65.44],[34.94,64.41],[36.23,64.11],[37.01,63.85],[37.14,64.33],[36.54,64.76],[37.18,65.14],[39.59,64.52],[40.44,64.76],[39.76,65.5],[42.09,66.48],[43.02,66.42],[43.95,66.07],[44.53,66.76],[43.7,67.35],[44.19,67.95],[43.45,68.57],[46.25,68.25],[46.82,67.69],[45.56,67.57],[45.56,67.01],[46.35,66.67],[47.89,66.88],[48.14,67.52],[50.23,68.0],[53.72,68.86],[54.47,68.81],[53.49,68.2],[54.73,68.1],[55.44,68.44],[57.32,68.47],[58.8,68.88],[59.94,68.28],[61.08,68.94],[60.03,69.52],[60.55,69.85],[63.5,69.55],[64.89,69.23],[68.51,68.09],[69.18,68.62],[68.16,69.14],[68.14,69.36],[66.93,69.45],[67.26,69.93],[66.72,70.71],[66.69,71.03],[68.54,71.93],[69.2,72.84],[69.94,73.04],[72.59,72.78],[72.8,72.22],[71.85,71.41],[72.47,71.09],[72.79,70.39],[72.56,69.02],[73.67,68.41],[73.24,67.74],[71.28,66.32],[72.42,66.17],[72.82,66.53],[73.92,66.79],[74.19,67.28],[75.05,67.76],[74.47,68.33],[74.94,68.99],[73.84,69.07],[73.6,69.63],[74.4,70.63],[73.1,71.45],[74.89,72.12],[74.66,72.83],[75.16,72.85],[75.68,72.3],[75.29,71.34],[76.36,71.15],[75.9,71.87],[77.58,72.27],[79.65,72.32],[81.5,71.75],[80.61,72.58],[80.51,73.65],[82.25,73.85],[84.66,73.81],[86.82,73.94],[86.01,74.46],[87.17,75.12],[88.32,75.14],[90.26,75.64],[92.9,75.77],[93.23,76.05],[95.86,76.14],[96.68,75.92],[98.92,76.45],[100.76,76.43],[101.04,76.86],[101.99,77.29],[104.35,77.7],[106.07,77.37],[104.7,77.13],[106.97,76.97],[107.24,76.48],[108.15,76.72],[111.08,76.71],[113.33,76.22],[114.13,75.85],[113.89,75.33],[112.78,75.03],[110.15,74.48],[109.4,74.18],[110.64,74.04],[112.12,73.79],[113.02,73.98],[113.53,73.34],[113.97,73.59],[115.57,73.75],[118.78,73.59],[119.02,73.12],[123.2,72.97],[123.26,73.74],[125.38,73.56],[126.98,73.57],[128.59,73.04],[129.05,72.4],[128.46,71.98],[129.72,71.19],[131.29,70.79],[132.25,71.84],[133.86,71.39],[135.56,71.66],[137.5,71.35],[138.23,71.63],[139.87,71.49],[139.15,72.42],[140.47,72.85],[149.5,72.2],[150.35,71.61],[152.97,70.84],[157.01,71.03],[159.0,70.87],[159.83,70.45],[159.71,69.72],[160.94,69.44],[162.28,69.64],[164.05,69.67],[165.94,69.47],[167.84,69.58],[169.58,68.69],[170.82,69.01],[170.01,69.65],[170.45,70.1],[173.64,69.82],[175.72,69.88],[178.6,69.4],[180,68.96],[180,64.98],[179.99,64.97],[178.71,64.53],[177.41,64.61],[178.31,64.08],[178.91,63.25],[179.37,62.98],[179.49,62.57],[179.23,62.3],[177.36,62.52],[174.57,61.77],[173.68,61.65],[172.15,60.95],[170.7,60.34],[170.33,59.88],[168.9,60.57],[166.29,59.79],[165.84,60.16],[164.88,59.73],[163.54,59.87],[163.22,59.21],[162.02,58.24],[162.05,57.84],[163.19,57.62],[163.06,56.16],[162.13,56.12],[161.7,55.29],[162.12,54.86],[160.37,54.34],[160.02,53.2],[158.53,52.96],[158.23,51.94],[156.79,51.01],[156.42,51.7],[155.99,53.16],[155.43,55.38],[155.91,56.77],[156.76,57.36],[156.81,57.83],[158.36,58.06],[160.15,59.31],[161.87,60.34],[163.67,61.14],[164.47,62.55],[163.26,62.47],[162.66,61.64],[160.12,60.54],[159.3,61.77],[156.72,61.43],[154.22,59.76],[155.04,59.14],[152.81,58.88],[151.27,58.78],[151.34,59.5],[149.78,59.66],[148.54,59.16],[145.49,59.34],[142.2,59.04],[138.96,57.09],[135.13,54.73],[136.7,54.6],[137.19,53.98],[138.16,53.76],[138.8,54.25],[139.9,54.19],[141.35,53.09],[141.38,52.24],[140.6,51.24],[140.51,50.05],[140.06,48.45],[138.55,47.0],[138.22,46.31],[136.86,45.14],[135.52,43.99],[134.87,43.4],[133.54,42.81],[132.91,42.8],[132.28,43.28],[130.94,42.55],[130.78,42.22],[130.78,42.22],[130.78,42.22],[130.78,42.22],[130.64,42.4],[130.64,42.4],[130.63,42.9],[131.14,42.93],[131.29,44.11],[131.03,44.97],[131.88,45.32],[133.1,45.14],[133.77,46.12],[134.11,47.21],[134.5,47.58],[135.03,48.48],[133.37,48.18],[132.51,47.79],[130.99,47.79],[130.58,48.73],[129.4,49.44],[127.66,49.76],[127.29,50.74],[126.94,51.35],[126.56,51.78],[125.95,52.79],[125.07,53.16],[123.57,53.46],[122.25,53.43],[121.0,53.25],[120.18,52.75],[120.73,52.52],[120.74,51.96],[120.18,51.64],[119.28,50.58],[119.29,50.14],[117.88,49.51],[116.68,49.89],[115.49,49.81],[114.96,50.14],[114.36,50.25],[112.9,49.54],[111.58,49.38],[110.66,49.13],[109.4,49.29],[108.48,49.28],[107.87,49.79],[106.89,50.27],[105.89,50.41],[104.62,50.28],[103.68,50.09],[102.26,50.51],[102.07,51.26],[100.89,51.52],[99.98,51.63],[98.86,52.05],[97.83,51.01],[98.23,50.42],[97.26,49.73],[95.81,49.98],[94.82,50.01],[94.15,50.48],[93.1,50.5],[92.23,50.8],[90.71,50.33],[88.81,49.47],[87.75,49.3],[87.36,49.21],[86.83,49.83],[85.54,49.69],[85.12,50.12],[84.42,50.31],[83.94,50.89],[83.38,51.07],[81.95,50.81],[80.57,51.39],[80.04,50.86],[77.8,53.4],[76.53,54.18],[76.89,54.49],[74.38,53.55],[73.43,53.49],[73.51,54.04],[72.22,54.38],[71.18,54.13],[70.87,55.17],[69.07,55.39],[68.17,54.97],[65.67,54.6],[65.18,54.35],[61.44,54.01],[60.98,53.66],[61.7,52.98],[60.74,52.72],[60.93,52.45],[59.97,51.96],[61.59,51.27],[61.34,50.8],[59.93,50.84],[59.64,50.55],[58.36,51.06],[56.78,51.04],[55.72,50.62],[54.53,51.03],[52.33,51.72],[50.77,51.69],[48.7,50.61],[48.58,49.87],[47.55,50.45],[46.75,49.36],[47.04,49.15],[46.47,48.39],[47.32,47.72],[48.06,47.74],[48.69,47.08],[48.59,46.56],[49.1,46.4]]],[[[93.78,81.02],[95.94,81.25],[97.88,80.75],[100.19,79.78],[99.94,78.88],[97.76,78.76],[94.97,79.04],[93.31,79.43],[92.55,80.14],[91.18,80.34],[93.78,81.02]]],[[[102.84,79.28],[105.37,78.71],[105.08,78.31],[99.44,77.92],[101.26,79.23],[102.09,79.35],[102.84,79.28]]],[[[138.83,76.14],[141.47,76.09],[145.09,75.56],[144.3,74.82],[140.61,74.85],[138.96,74.61],[136.97,75.26],[137.51,75.95],[138.83,76.14]]],[[[148.22,75.35],[150.73,75.08],[149.58,74.69],[147.98,74.78],[146.12,75.17],[146.36,75.5],[148.22,75.35]]],[[[139.86,73.37],[140.81,73.77],[142.06,73.86],[143.48,73.48],[143.6,73.21],[142.09,73.21],[140.04,73.32],[139.86,73.37]]],[[[44.85,80.59],[46.8,80.77],[48.32,80.78],[48.52,80.51],[49.1,80.75],[50.04,80.92],[51.52,80.7],[51.14,80.55],[49.79,80.42],[48.89,80.34],[48.75,80.18],[47.59,80.01],[46.5,80.25],[47.07,80.56],[44.85,80.59]]],[[[22.73,54.33],[20.89,54.31],[19.66,54.43],[19.89,54.87],[21.27,55.19],[22.32,55.02],[22.76,54.86],[22.65,54.58],[22.73,54.33]]],[[[53.51,73.75],[55.9,74.63],[55.63,75.08],[57.87,75.61],[61.17,76.25],[64.5,76.44],[66.21,76.81],[68.16,76.94],[68.85,76.54],[68.18,76.23],[64.64,75.74],[61.58,75.26],[58.48,74.31],[56.99,73.33],[55.42,72.37],[55.62,71.54],[57.54,70.72],[56.94,70.63],[53.68,70.76],[53.41,71.21],[51.6,71.47],[51.46,72.01],[52.48,72.23],[52.44,72.77],[54.43,73.63],[53.51,73.75]]],[[[142.91,53.7],[143.26,52.74],[143.24,51.76],[143.65,50.75],[144.65,48.98],[143.17,49.31],[142.56,47.86],[143.53,46.84],[143.51,46.14],[142.75,46.74],[142.09,45.97],[141.91,46.81],[142.02,47.78],[141.9,48.86],[142.14,49.62],[142.18,50.95],[141.59,51.94],[141.68,53.3],[142.61,53.76],[142.21,54.23],[142.65,54.37],[142.91,53.7]]],[[[-174.93,67.21],[-175.01,66.58],[-174.34,66.34],[-174.57,67.06],[-171.86,66.91],[-169.9,65.98],[-170.89,65.54],[-172.53,65.44],[-172.56,64.46],[-172.96,64.25],[-173.89,64.28],[-174.65,64.63],[-175.98,64.92],[-176.21,65.36],[-177.22,65.52],[-178.36,65.39],[-178.9,65.74],[-178.69,66.11],[-179.88,65.87],[-179.43,65.4],[-180,64.98],[-180,68.96],[-177.55,68.2],[-174.93,67.21]]],[[[-178.69,70.89],[-180,70.83],[-180,71.52],[-179.87,71.56],[-179.02,71.56],[-177.58,71.27],[-177.66,71.13],[-178.69,70.89]]],[[[33.44,45.97],[33.7,46.22],[34.41,46.01],[34.73,45.97],[34.86,45.77],[35.01,45.74],[35.02,45.65],[35.51,45.41],[36.53,45.47],[36.33,45.11],[35.24,44.94],[33.88,44.36],[33.33,44.56],[33.55,45.03],[32.45,45.33],[32.63,45.52],[33.59,45.85],[33.44,45.97]]]]}},{"type":"Feature","properties":{"name":"Bahamas","level":"country"},"geometry":{"type":"MultiPolygon","coordinates":[[[[-78.98,26.79],[-78.51,26.87],[-77.85,26.84],[-77.82,26.58],[-78.91,26.42],[-78.98,26.79]]],[[[-77.79,27.04],[-77,26.59],[-77.17,25.88],[-77.36,26.01],[-77.34,26.53],[-77.79,26.93],[-77.79,27.04]]],[[[-78.19,25.21],[-77.89,25.17],[-77.54,24.34],[-77.53,23.76],[-77.78,23.71],[-78.03,24.29],[-78.41,24.58],[-78.19,25.21]]]]}},{"type":"Feature","properties":{"name":"Falkland Is.","level":"country"},"geometry":{"type":"Polygon","coordinates":[[[-61.2,-51.85],[-60,-51.25],[-59.15,-51.5],[-58.55,-51.1],[-57.75,-51.55],[-58.05,-51.9],[-59.4,-52.2],[-59.85,-51.85],[-60.7,-52.3],[-61.2,-51.85]]]}},{"type":"Feature","properties":{"name":"Norway","level":"country"},"geometry":{"type":"MultiPolygon","coordinates":[[[[15.14,79.67],[15.52,80.02],[16.99,80.05],[18.25,79.7],[21.54,78.96],[19.03,78.56],[18.47,77.83],[17.59,77.64],[17.12,76.81],[15.91,76.77],[13.76,77.38],[14.67,77.74],[13.17,78.02],[11.22,78.87],[10.44,79.65],[13.17,80.01],[13.72,79.66],[15.14,79.67]]],[[[31.1,69.56],[29.4,69.16],[28.59,69.06],[29.02,69.77],[27.73,70.16],[26.18,69.83],[25.69,69.09],[24.74,68.65],[23.66,68.89],[22.36,68.84],[21.24,69.37],[20.65,69.11],[20.03,69.07],[19.88,68.41],[17.99,68.57],[17.73,68.01],[16.77,68.01],[16.11,67.3],[15.11,66.19],[13.56,64.79],[13.92,64.45],[13.57,64.05],[12.58,64.07],[11.93,63.13],[11.99,61.8],[12.63,61.29],[12.3,60.12],[11.47,59.43],[11.03,58.86],[10.36,59.47],[8.38,58.31],[7.05,58.08],[5.67,58.59],[5.31,59.66],[4.99,61.97],[5.91,62.61],[8.55,63.45],[10.53,64.49],[12.36,65.88],[14.76,67.81],[16.44,68.56],[19.18,69.82],[21.38,70.26],[23.02,70.2],[24.55,71.03],[26.37,70.99],[28.17,71.19],[31.29,70.45],[30.01,70.19],[31.1,69.56]]],[[[27.41,80.06],[25.92,79.52],[23.02,79.4],[20.08,79.57],[19.9,79.84],[18.46,79.86],[17.37,80.32],[20.46,80.6],[21.91,80.36],[22.92,80.66],[25.45,80.41],[27.41,80.06]]],[[[24.72,77.85],[22.49,77.44],[20.73,77.68],[21.42,77.94],[20.81,78.25],[22.88,78.45],[23.28,78.08],[24.72,77.85]]]]}},{"type":"Feature","properties":{"name":"Greenland","level":"country"},"geometry":{"type":"Polygon","coordinates":[[[-46.76,82.63],[-43.41,83.23],[-39.9,83.18],[-38.62,83.55],[-35.09,83.65],[-27.1,83.52],[-20.85,82.73],[-22.69,82.34],[-26.52,82.3],[-31.9,82.2],[-31.4,82.02],[-27.86,82.13],[-24.84,81.79],[-22.9,82.09],[-22.07,81.73],[-23.17,81.15],[-20.62,81.52],[-15.77,81.91],[-12.77,81.72],[-12.21,81.29],[-16.29,80.58],[-16.85,80.35],[-20.05,80.18],[-17.73,80.13],[-18.9,79.4],[-19.7,78.75],[-19.67,77.64],[-18.47,76.99],[-20.04,76.94],[-21.68,76.63],[-19.83,76.1],[-19.6,75.25],[-20.67,75.16],[-19.37,74.3],[-21.59,74.22],[-20.43,73.82],[-20.76,73.46],[-22.17,73.31],[-23.57,73.31],[-22.31,72.63],[-22.3,72.18],[-24.28,72.6],[-24.79,72.33],[-23.44,72.08],[-22.13,71.47],[-21.75,70.66],[-23.54,70.47],[-24.31,70.86],[-25.54,71.43],[-25.2,70.75],[-26.36,70.23],[-23.73,70.18],[-22.35,70.13],[-25.03,69.26],[-27.75,68.47],[-30.67,68.13],[-31.78,68.12],[-32.81,67.74],[-34.2,66.68],[-36.35,65.98],[-37.04,65.94],[-38.38,65.69],[-39.81,65.46],[-40.67,64.84],[-40.68,64.14],[-41.19,63.48],[-42.82,62.68],[-42.42,61.9],[-42.87,61.07],[-43.38,60.1],[-44.79,60.04],[-46.26,60.85],[-48.26,60.86],[-49.23,61.41],[-49.9,62.38],[-51.63,63.63],[-52.14,64.28],[-52.28,65.18],[-53.66,66.1],[-53.3,66.84],[-53.97,67.19],[-52.98,68.36],[-51.48,68.73],[-51.08,69.15],[-50.87,69.93],[-52.01,69.57],[-52.56,69.43],[-53.46,69.28],[-54.68,69.61],[-54.75,70.29],[-54.36,70.82],[-53.43,70.84],[-51.39,70.57],[-53.11,71.2],[-54.0,71.55],[-55,71.41],[-55.83,71.65],[-54.72,72.59],[-55.33,72.96],[-56.12,73.65],[-57.32,74.71],[-58.6,75.1],[-58.59,75.52],[-61.27,76.1],[-63.39,76.18],[-66.06,76.13],[-68.5,76.06],[-69.66,76.38],[-71.4,77.01],[-68.78,77.32],[-66.76,77.38],[-71.04,77.64],[-73.3,78.04],[-73.16,78.43],[-69.37,78.91],[-65.71,79.39],[-65.32,79.76],[-68.02,80.12],[-67.15,80.52],[-63.69,81.21],[-62.23,81.32],[-62.65,81.77],[-60.28,82.03],[-57.21,82.19],[-54.13,82.2],[-53.04,81.89],[-50.39,82.44],[-48.0,82.06],[-46.6,81.99],[-44.52,81.66],[-46.9,82.2],[-46.76,82.63]]]}},{"type":"Feature","properties":{"name":"Fr. S. Antarctic Lands","level":"country"},"geometry":{"type":"Polygon","coordinates":[[[68.94,-48.62],[69.58,-48.94],[70.53,-49.06],[70.56,-49.26],[70.28,-49.71],[68.75,-49.77],[68.72,-49.24],[68.87,-48.83],[68.94,-48.62]]]}},{"type":"Feature","properties":{"name":"Timor-Leste","level":"country"},"geometry":{"type":"Polygon","coordinates":[[[124.97,-8.89],[125.09,-8.66],[125.95,-8.43],[126.64,-8.4],[126.96,-8.27],[127.34,-8.4],[126.97,-8.67],[125.93,-9.11],[125.09,-9.39],[125.07,-9.09],[124.97,-8.89]]]}},{"type":"Feature","properties":{"name":"South Africa","level":"country"},"geometry":{"type":"Polygon","coordinates":[[[16.34,-28.58],[16.82,-28.08],[17.22,-28.36],[17.39,-28.78],[17.84,-28.86],[18.46,-29.05],[19.0,-28.97],[19.89,-28.46],[19.9,-24.77],[20.17,-24.92],[20.76,-25.87],[20.67,-26.48],[20.89,-26.83],[21.61,-26.73],[22.11,-26.28],[22.58,-25.98],[22.82,-25.5],[23.31,-25.27],[23.73,-25.39],[24.21,-25.67],[25.03,-25.72],[25.66,-25.49],[25.77,-25.17],[25.94,-24.7],[26.49,-24.62],[26.79,-24.24],[27.12,-23.57],[28.02,-22.83],[29.43,-22.09],[29.84,-22.1],[30.32,-22.27],[30.66,-22.15],[31.19,-22.25],[31.67,-23.66],[31.93,-24.37],[31.75,-25.48],[31.84,-25.84],[31.33,-25.66],[31.04,-25.73],[30.95,-26.02],[30.68,-26.4],[30.69,-26.74],[31.28,-27.29],[31.87,-27.18],[32.07,-26.73],[32.83,-26.74],[32.58,-27.47],[32.46,-28.3],[32.2,-28.75],[31.52,-29.26],[31.33,-29.4],[30.9,-29.91],[30.62,-30.42],[30.06,-31.14],[28.93,-32.17],[28.22,-32.77],[27.46,-33.23],[26.42,-33.61],[25.91,-33.67],[25.78,-33.94],[25.17,-33.8],[24.68,-33.99],[23.59,-33.79],[22.99,-33.92],[22.57,-33.86],[21.54,-34.26],[20.69,-34.42],[20.07,-34.8],[19.62,-34.82],[19.19,-34.46],[18.86,-34.44],[18.42,-34.0],[18.38,-34.14],[18.24,-33.87],[18.25,-33.28],[17.93,-32.61],[18.25,-32.43],[18.22,-31.66],[17.57,-30.73],[17.06,-29.88],[17.06,-29.88],[16.34,-28.58]],[[28.98,-28.96],[28.54,-28.65],[28.07,-28.85],[27.53,-29.24],[27.0,-29.88],[27.75,-30.65],[28.11,-30.55],[28.29,-30.23],[28.85,-30.07],[29.02,-29.74],[29.33,-29.26],[28.98,-28.96]]]}},{"type":"Feature","properties":{"name":"Lesotho","level":"country"},"geometry":{"type":"Polygon","coordinates":[[[28.98,-28.96],[29.33,-29.26],[29.02,-29.74],[28.85,-30.07],[28.29,-30.23],[28.11,-30.55],[27.75,-30.65],[27.0,-29.88],[27.53,-29.24],[28.07,-28.85],[28.54,-28.65],[28.98,-28.96]]]}},{"type":"Feature","properties":{"name":"Mexico","level":"country"},"geometry":{"type":"Polygon","coordinates":[[[-117.13,32.54],[-115.99,32.61],[-114.72,32.72],[-114.81,32.53],[-113.3,32.04],[-111.02,31.33],[-109.03,31.34],[-108.24,31.34],[-108.24,31.75],[-106.51,31.75],[-106.14,31.4],[-105.63,31.08],[-105.04,30.64],[-104.71,30.12],[-104.46,29.57],[-103.94,29.27],[-103.11,28.97],[-102.48,29.76],[-101.66,29.78],[-100.96,29.38],[-100.46,28.7],[-100.11,28.11],[-99.52,27.54],[-99.3,26.84],[-99.02,26.37],[-98.24,26.06],[-97.53,25.84],[-97.14,25.87],[-97.53,24.99],[-97.7,24.27],[-97.78,22.93],[-97.87,22.44],[-97.7,21.9],[-97.39,21.41],[-97.19,20.64],[-96.53,19.89],[-96.29,19.32],[-95.9,18.83],[-94.84,18.56],[-94.43,18.14],[-93.55,18.42],[-92.79,18.52],[-92.04,18.7],[-91.41,18.88],[-90.77,19.28],[-90.53,19.87],[-90.45,20.71],[-90.28,21.0],[-89.6,21.26],[-88.54,21.49],[-87.66,21.46],[-87.05,21.54],[-86.81,21.33],[-86.85,20.85],[-87.38,20.26],[-87.62,19.65],[-87.44,19.47],[-87.59,19.04],[-87.84,18.26],[-88.09,18.52],[-88.3,18.5],[-88.49,18.49],[-88.85,17.88],[-89.03,18.0],[-89.15,17.96],[-89.14,17.81],[-90.07,17.82],[-91.0,17.82],[-91.0,17.25],[-91.45,17.25],[-91.08,16.92],[-90.71,16.69],[-90.6,16.47],[-90.44,16.41],[-90.46,16.07],[-91.75,16.07],[-92.23,15.25],[-92.09,15.06],[-92.2,14.83],[-92.23,14.54],[-93.36,15.62],[-93.88,15.94],[-94.69,16.2],[-95.25,16.13],[-96.05,15.75],[-96.56,15.65],[-97.26,15.92],[-98.01,16.11],[-98.95,16.57],[-99.7,16.71],[-100.83,17.17],[-101.67,17.65],[-101.92,17.92],[-102.48,17.98],[-103.5,18.29],[-103.92,18.75],[-104.99,19.32],[-105.49,19.95],[-105.73,20.43],[-105.4,20.53],[-105.5,20.82],[-105.27,21.08],[-105.27,21.42],[-105.6,21.87],[-105.69,22.27],[-106.03,22.77],[-106.91,23.77],[-107.92,24.55],[-108.4,25.17],[-109.26,25.58],[-109.44,25.82],[-109.29,26.44],[-109.8,26.68],[-110.39,27.16],[-110.64,27.86],[-111.18,27.94],[-111.76,28.47],[-112.23,28.95],[-112.27,29.27],[-112.81,30.02],[-113.16,30.79],[-113.15,31.17],[-113.87,31.57],[-114.21,31.52],[-114.78,31.8],[-114.94,31.39],[-114.77,30.91],[-114.67,30.16],[-114.33,29.75],[-113.59,29.06],[-113.42,28.83],[-113.27,28.75],[-113.14,28.41],[-112.96,28.43],[-112.76,27.78],[-112.46,27.53],[-112.24,27.17],[-111.62,26.66],[-111.28,25.73],[-110.99,25.29],[-110.71,24.83],[-110.66,24.3],[-110.17,24.27],[-109.77,23.81],[-109.41,23.36],[-109.43,23.19],[-109.85,22.82],[-110.03,22.82],[-110.3,23.43],[-110.95,24.0],[-111.67,24.48],[-112.18,24.74],[-112.15,25.47],[-112.3,26.01],[-112.78,26.32],[-113.46,26.77],[-113.6,26.64],[-113.85,26.9],[-114.47,27.14],[-115.06,27.72],[-114.98,27.8],[-114.57,27.74],[-114.2,28.12],[-114.16,28.57],[-114.93,29.28],[-115.52,29.56],[-115.89,30.18],[-116.26,30.84],[-116.72,31.64],[-117.13,32.54]]]}},{"type":"Feature","properties":{"name":"Uruguay","level":"country"},"geometry":{"type":"Polygon","coordinates":[[[-57.63,-30.22],[-56.98,-30.11],[-55.97,-30.88],[-55.6,-30.85],[-54.57,-31.49],[-53.79,-32.05],[-53.21,-32.73],[-53.65,-33.2],[-53.37,-33.77],[-53.81,-34.4],[-54.94,-34.95],[-55.67,-34.75],[-56.22,-34.86],[-57.14,-34.43],[-57.82,-34.46],[-58.43,-33.91],[-58.35,-33.26],[-58.13,-33.04],[-58.14,-32.04],[-57.87,-31.02],[-57.63,-30.22]]]}},{"type":"Feature","properties":{"name":"Brazil","level":"country"},"geometry":{"type":"Polygon","coordinates":[[[-53.37,-33.77],[-53.65,-33.2],[-53.21,-32.73],[-53.79,-32.05],[-54.57,-31.49],[-55.6,-30.85],[-55.97,-30.88],[-56.98,-30.11],[-57.63,-30.22],[-56.29,-28.85],[-55.16,-27.88],[-54.49,-27.47],[-53.65,-26.92],[-53.63,-26.12],[-54.13,-25.55],[-54.63,-25.74],[-54.43,-25.16],[-54.29,-24.57],[-54.29,-24.02],[-54.65,-23.84],[-55.03,-24.0],[-55.4,-23.96],[-55.52,-23.57],[-55.61,-22.66],[-55.8,-22.36],[-56.47,-22.09],[-56.88,-22.28],[-57.94,-22.09],[-57.87,-20.73],[-58.17,-20.18],[-57.85,-19.97],[-57.95,-19.4],[-57.68,-18.96],[-57.5,-18.17],[-57.73,-17.55],[-58.28,-17.27],[-58.39,-16.88],[-58.24,-16.3],[-60.16,-16.26],[-60.54,-15.09],[-60.25,-15.08],[-60.26,-14.65],[-60.46,-14.35],[-60.5,-13.78],[-61.08,-13.48],[-61.71,-13.49],[-62.13,-13.2],[-62.8,-13.0],[-63.2,-12.63],[-64.32,-12.46],[-65.4,-11.57],[-65.32,-10.9],[-65.44,-10.51],[-65.34,-9.76],[-66.65,-9.93],[-67.17,-10.31],[-68.05,-10.71],[-68.27,-11.01],[-68.79,-11.04],[-69.53,-10.95],[-70.09,-11.12],[-70.55,-11.01],[-70.48,-9.49],[-71.3,-10.08],[-72.18,-10.05],[-72.56,-9.52],[-73.23,-9.46],[-73.02,-9.03],[-73.57,-8.42],[-73.99,-7.52],[-73.72,-7.34],[-73.72,-6.92],[-73.12,-6.63],[-73.22,-6.09],[-72.96,-5.74],[-72.89,-5.27],[-71.75,-4.59],[-70.93,-4.4],[-70.79,-4.25],[-69.89,-4.3],[-69.44,-1.56],[-69.42,-1.12],[-69.58,-0.55],[-70.02,-0.19],[-70.02,0.54],[-69.45,0.71],[-69.25,0.6],[-69.22,0.99],[-69.8,1.09],[-69.82,1.71],[-67.87,1.69],[-67.54,2.04],[-67.26,1.72],[-67.07,1.13],[-66.88,1.25],[-66.33,0.72],[-65.55,0.79],[-65.35,1.1],[-64.61,1.33],[-64.2,1.49],[-64.08,1.92],[-63.37,2.2],[-63.42,2.41],[-64.27,2.5],[-64.41,3.13],[-64.37,3.8],[-64.82,4.06],[-64.63,4.15],[-63.89,4.02],[-63.09,3.77],[-62.8,4.01],[-62.09,4.16],[-60.97,4.54],[-60.6,4.92],[-60.73,5.2],[-60.21,5.24],[-59.98,5.01],[-60.11,4.57],[-59.77,4.42],[-59.54,3.96],[-59.82,3.61],[-59.97,2.76],[-59.72,2.25],[-59.65,1.79],[-59.03,1.32],[-58.54,1.27],[-58.43,1.46],[-58.11,1.51],[-57.66,1.68],[-57.34,1.95],[-56.78,1.86],[-56.54,1.9],[-56.0,1.82],[-55.91,2.02],[-56.07,2.22],[-55.97,2.51],[-55.57,2.42],[-55.1,2.52],[-54.52,2.31],[-54.09,2.11],[-53.78,2.38],[-53.55,2.33],[-53.42,2.05],[-52.94,2.12],[-52.56,2.5],[-52.25,3.24],[-51.66,4.16],[-51.32,4.2],[-51.07,3.65],[-50.51,1.9],[-49.97,1.74],[-49.95,1.05],[-50.7,0.22],[-50.39,-0.08],[-48.62,-0.24],[-48.58,-1.24],[-47.82,-0.58],[-46.57,-0.94],[-44.91,-1.55],[-44.42,-2.14],[-44.58,-2.69],[-43.42,-2.38],[-41.47,-2.91],[-39.98,-2.87],[-38.5,-3.7],[-37.22,-4.82],[-36.45,-5.11],[-35.6,-5.15],[-35.24,-5.46],[-34.9,-6.74],[-34.73,-7.34],[-35.13,-9.0],[-35.64,-9.65],[-37.05,-11.04],[-37.68,-12.17],[-38.42,-13.04],[-38.67,-13.06],[-38.95,-13.79],[-38.88,-15.67],[-39.16,-17.21],[-39.27,-17.87],[-39.58,-18.26],[-39.76,-19.6],[-40.77,-20.9],[-40.94,-21.94],[-41.75,-22.37],[-41.99,-22.97],[-43.07,-22.97],[-44.65,-23.35],[-45.35,-23.8],[-46.47,-24.09],[-47.65,-24.89],[-48.5,-25.88],[-48.64,-26.62],[-48.47,-27.18],[-48.66,-28.19],[-48.89,-28.67],[-49.59,-29.22],[-50.7,-30.98],[-51.58,-31.78],[-52.26,-32.25],[-52.71,-33.2],[-53.37,-33.77]]]}},{"type":"Feature","properties":{"name":"Bolivia","level":"country"},"geometry":{"type":"Polygon","coordinates":[[[-69.53,-10.95],[-68.79,-11.04],[-68.27,-11.01],[-68.05,-10.71],[-67.17,-10.31],[-66.65,-9.93],[-65.34,-9.76],[-65.44,-10.51],[-65.32,-10.9],[-65.4,-11.57],[-64.32,-12.46],[-63.2,-12.63],[-62.8,-13.0],[-62.13,-13.2],[-61.71,-13.49],[-61.08,-13.48],[-60.5,-13.78],[-60.46,-14.35],[-60.26,-14.65],[-60.25,-15.08],[-60.54,-15.09],[-60.16,-16.26],[-58.24,-16.3],[-58.39,-16.88],[-58.28,-17.27],[-57.73,-17.55],[-57.5,-18.17],[-57.68,-18.96],[-57.95,-19.4],[-57.85,-19.97],[-58.17,-20.18],[-58.18,-19.87],[-59.12,-19.36],[-60.04,-19.34],[-61.79,-19.63],[-62.27,-20.51],[-62.29,-21.05],[-62.69,-22.25],[-62.85,-22.03],[-63.99,-21.99],[-64.38,-22.8],[-64.96,-22.08],[-66.27,-21.83],[-67.11,-22.74],[-67.83,-22.87],[-68.22,-21.49],[-68.76,-20.37],[-68.44,-19.41],[-68.97,-18.98],[-69.1,-18.26],[-69.59,-17.58],[-68.96,-16.5],[-69.39,-15.66],[-69.16,-15.32],[-69.34,-14.95],[-68.95,-14.45],[-68.93,-13.6],[-68.88,-12.9],[-68.67,-12.56],[-69.53,-10.95]]]}},{"type":"Feature","properties":{"name":"Peru","level":"country"},"geometry":{"type":"Polygon","coordinates":[[[-69.89,-4.3],[-70.79,-4.25],[-70.93,-4.4],[-71.75,-4.59],[-72.89,-5.27],[-72.96,-5.74],[-73.22,-6.09],[-73.12,-6.63],[-73.72,-6.92],[-73.72,-7.34],[-73.99,-7.52],[-73.57,-8.42],[-73.02,-9.03],[-73.23,-9.46],[-72.56,-9.52],[-72.18,-10.05],[-71.3,-10.08],[-70.48,-9.49],[-70.55,-11.01],[-70.09,-11.12],[-69.53,-10.95],[-68.67,-12.56],[-68.88,-12.9],[-68.93,-13.6],[-68.95,-14.45],[-69.34,-14.95],[-69.16,-15.32],[-69.39,-15.66],[-68.96,-16.5],[-69.59,-17.58],[-69.86,-18.09],[-70.37,-18.35],[-71.38,-17.77],[-71.46,-17.36],[-73.44,-16.36],[-75.24,-15.27],[-76.01,-14.65],[-76.42,-13.82],[-76.26,-13.54],[-77.11,-12.22],[-78.09,-10.38],[-79.04,-8.39],[-79.45,-7.93],[-79.76,-7.19],[-80.54,-6.54],[-81.25,-6.14],[-80.93,-5.69],[-81.41,-4.74],[-81.1,-4.04],[-80.3,-3.4],[-80.18,-3.82],[-80.47,-4.06],[-80.44,-4.43],[-80.03,-4.35],[-79.62,-4.45],[-79.21,-4.96],[-78.64,-4.55],[-78.45,-3.87],[-77.84,-3.0],[-76.64,-2.61],[-75.54,-1.56],[-75.23,-0.91],[-75.37,-0.15],[-75.11,-0.06],[-74.44,-0.53],[-74.12,-1.0],[-73.66,-1.26],[-73.07,-2.31],[-72.33,-2.43],[-71.77,-2.17],[-71.41,-2.34],[-70.81,-2.26],[-70.05,-2.73],[-70.69,-3.74],[-70.39,-3.77],[-69.89,-4.3]]]}},{"type":"Feature","properties":{"name":"Colombia","level":"country"},"geometry":{"type":"Polygon","coordinates":[[[-66.88,1.25],[-67.07,1.13],[-67.26,1.72],[-67.54,2.04],[-67.87,1.69],[-69.82,1.71],[-69.8,1.09],[-69.22,0.99],[-69.25,0.6],[-69.45,0.71],[-70.02,0.54],[-70.02,-0.19],[-69.58,-0.55],[-69.42,-1.12],[-69.44,-1.56],[-69.89,-4.3],[-70.39,-3.77],[-70.69,-3.74],[-70.05,-2.73],[-70.81,-2.26],[-71.41,-2.34],[-71.77,-2.17],[-72.33,-2.43],[-73.07,-2.31],[-73.66,-1.26],[-74.12,-1.0],[-74.44,-0.53],[-75.11,-0.06],[-75.37,-0.15],[-75.8,0.08],[-76.29,0.42],[-76.58,0.26],[-77.42,0.4],[-77.67,0.83],[-77.86,0.81],[-78.86,1.38],[-78.99,1.69],[-78.62,1.77],[-78.66,2.27],[-78.43,2.63],[-77.93,2.7],[-77.51,3.33],[-77.13,3.85],[-77.5,4.09],[-77.31,4.67],[-77.53,5.58],[-77.32,5.85],[-77.48,6.69],[-77.88,7.22],[-77.75,7.71],[-77.43,7.64],[-77.24,7.94],[-77.47,8.52],[-77.35,8.67],[-76.84,8.64],[-76.09,9.34],[-75.67,9.44],[-75.66,9.77],[-75.48,10.62],[-74.91,11.08],[-74.28,11.1],[-74.2,11.31],[-73.41,11.23],[-72.63,11.73],[-72.24,11.96],[-71.75,12.44],[-71.4,12.38],[-71.14,12.11],[-71.33,11.78],[-71.97,11.61],[-72.23,11.11],[-72.61,10.82],[-72.91,10.45],[-73.03,9.74],[-73.3,9.15],[-72.79,9.09],[-72.66,8.63],[-72.44,8.41],[-72.36,8.0],[-72.48,7.63],[-72.44,7.42],[-72.2,7.34],[-71.96,6.99],[-70.67,7.09],[-70.09,6.96],[-69.39,6.1],[-68.99,6.21],[-68.27,6.15],[-67.7,6.27],[-67.34,6.1],[-67.52,5.56],[-67.74,5.22],[-67.82,4.5],[-67.62,3.84],[-67.34,3.54],[-67.3,3.32],[-67.81,2.82],[-67.45,2.6],[-67.18,2.25],[-66.88,1.25]]]}},{"type":"Feature","properties":{"name":"Panama","level":"country"},"geometry":{"type":"Polygon","coordinates":[[[-77.35,8.67],[-77.47,8.52],[-77.24,7.94],[-77.43,7.64],[-77.75,7.71],[-77.88,7.22],[-78.21,7.51],[-78.43,8.05],[-78.18,8.32],[-78.44,8.39],[-78.62,8.72],[-79.12,9.0],[-79.56,8.93],[-79.76,8.58],[-80.16,8.33],[-80.38,8.3],[-80.48,8.09],[-80.0,7.55],[-80.28,7.42],[-80.42,7.27],[-80.89,7.22],[-81.06,7.82],[-81.19,7.65],[-81.52,7.71],[-81.72,8.11],[-82.13,8.18],[-82.39,8.29],[-82.82,8.29],[-82.85,8.07],[-82.97,8.23],[-82.91,8.42],[-82.83,8.63],[-82.87,8.81],[-82.72,8.93],[-82.93,9.07],[-82.93,9.48],[-82.55,9.57],[-82.19,9.21],[-82.21,9.0],[-81.81,8.95],[-81.71,9.03],[-81.44,8.79],[-80.95,8.86],[-80.52,9.11],[-79.91,9.31],[-79.57,9.61],[-79.02,9.55],[-79.06,9.45],[-78.5,9.42],[-78.06,9.25],[-77.73,8.95],[-77.35,8.67]]]}},{"type":"Feature","properties":{"name":"Costa Rica","level":"country"},"geometry":{"type":"Polygon","coordinates":[[[-82.55,9.57],[-82.93,9.48],[-82.93,9.07],[-82.72,8.93],[-82.87,8.81],[-82.83,8.63],[-82.91,8.42],[-82.97,8.23],[-83.51,8.45],[-83.71,8.66],[-83.6,8.83],[-83.63,9.05],[-83.91,9.29],[-84.3,9.49],[-84.65,9.62],[-84.71,9.91],[-84.98,10.09],[-84.91,9.8],[-85.11,9.56],[-85.34,9.83],[-85.66,9.93],[-85.8,10.13],[-85.79,10.44],[-85.66,10.75],[-85.94,10.9],[-85.71,11.09],[-85.56,11.22],[-84.9,10.95],[-84.67,11.08],[-84.36,11.0],[-84.19,10.79],[-83.9,10.73],[-83.66,10.94],[-83.4,10.4],[-83.02,9.99],[-82.55,9.57]]]}},{"type":"Feature","properties":{"name":"Nicaragua","level":"country"},"geometry":{"type":"Polygon","coordinates":[[[-83.66,10.94],[-83.9,10.73],[-84.19,10.79],[-84.36,11.0],[-84.67,11.08],[-84.9,10.95],[-85.56,11.22],[-85.71,11.09],[-86.06,11.4],[-86.53,11.81],[-86.75,12.14],[-87.17,12.46],[-87.67,12.91],[-87.56,13.06],[-87.39,12.91],[-87.32,12.98],[-87.01,13.03],[-86.88,13.25],[-86.73,13.26],[-86.76,13.75],[-86.52,13.78],[-86.31,13.77],[-86.1,14.04],[-85.8,13.84],[-85.7,13.96],[-85.51,14.08],[-85.17,14.35],[-85.15,14.56],[-85.05,14.55],[-84.92,14.79],[-84.82,14.82],[-84.65,14.67],[-84.45,14.62],[-84.23,14.75],[-83.98,14.75],[-83.63,14.88],[-83.49,15.02],[-83.15,15.0],[-83.23,14.9],[-83.28,14.68],[-83.18,14.31],[-83.41,13.97],[-83.52,13.57],[-83.55,13.13],[-83.5,12.87],[-83.47,12.42],[-83.63,12.32],[-83.72,11.89],[-83.65,11.63],[-83.86,11.37],[-83.81,11.1],[-83.66,10.94]]]}},{"type":"Feature","properties":{"name":"Honduras","level":"country"},"geometry":{"type":"Polygon","coordinates":[[[-83.15,15.0],[-83.49,15.02],[-83.63,14.88],[-83.98,14.75],[-84.23,14.75],[-84.45,14.62],[-84.65,14.67],[-84.82,14.82],[-84.92,14.79],[-85.05,14.55],[-85.15,14.56],[-85.17,14.35],[-85.51,14.08],[-85.7,13.96],[-85.8,13.84],[-86.1,14.04],[-86.31,13.77],[-86.52,13.78],[-86.76,13.75],[-86.73,13.26],[-86.88,13.25],[-87.01,13.03],[-87.32,12.98],[-87.49,13.3],[-87.79,13.38],[-87.72,13.79],[-87.86,13.89],[-88.07,13.96],[-88.5,13.85],[-88.54,13.98],[-88.84,14.14],[-89.06,14.34],[-89.35,14.42],[-89.15,14.68],[-89.23,14.87],[-89.15,15.07],[-88.68,15.35],[-88.23,15.73],[-88.12,15.69],[-87.9,15.86],[-87.62,15.88],[-87.52,15.8],[-87.37,15.85],[-86.9,15.76],[-86.44,15.78],[-86.12,15.89],[-86.0,16.01],[-85.68,15.95],[-85.44,15.89],[-85.18,15.91],[-84.98,16.0],[-84.53,15.86],[-84.37,15.84],[-84.06,15.65],[-83.77,15.42],[-83.41,15.27],[-83.15,15.0]]]}},{"type":"Feature","properties":{"name":"El Salvador","level":"country"},"geometry":{"type":"Polygon","coordinates":[[[-89.35,14.42],[-89.06,14.34],[-88.84,14.14],[-88.54,13.98],[-88.5,13.85],[-88.07,13.96],[-87.86,13.89],[-87.72,13.79],[-87.79,13.38],[-87.9,13.15],[-88.48,13.16],[-88.84,13.26],[-89.26,13.46],[-89.81,13.52],[-90.1,13.74],[-90.06,13.88],[-89.72,14.13],[-89.53,14.24],[-89.59,14.36],[-89.35,14.42]]]}},{"type":"Feature","properties":{"name":"Guatemala","level":"country"},"geometry":{"type":"Polygon","coordinates":[[[-92.23,14.54],[-92.2,14.83],[-92.09,15.06],[-92.23,15.25],[-91.75,16.07],[-90.46,16.07],[-90.44,16.41],[-90.6,16.47],[-90.71,16.69],[-91.08,16.92],[-91.45,17.25],[-91.0,17.25],[-91.0,17.82],[-90.07,17.82],[-89.14,17.81],[-89.15,17.02],[-89.23,15.89],[-88.93,15.89],[-88.6,15.71],[-88.52,15.86],[-88.23,15.73],[-88.68,15.35],[-89.15,15.07],[-89.23,14.87],[-89.15,14.68],[-89.35,14.42],[-89.59,14.36],[-89.53,14.24],[-89.72,14.13],[-90.06,13.88],[-90.1,13.74],[-90.61,13.91],[-91.23,13.93],[-91.69,14.13],[-92.23,14.54]]]}},{"type":"Feature","properties":{"name":"Belize","level":"country"},"geometry":{"type":"Polygon","coordinates":[[[-89.14,17.81],[-89.15,17.96],[-89.03,18.0],[-88.85,17.88],[-88.49,18.49],[-88.3,18.5],[-88.3,18.35],[-88.11,18.35],[-88.12,18.08],[-88.29,17.64],[-88.2,17.49],[-88.3,17.13],[-88.24,17.04],[-88.36,16.53],[-88.55,16.27],[-88.73,16.23],[-88.93,15.89],[-89.23,15.89],[-89.15,17.02],[-89.14,17.81]]]}},{"type":"Feature","properties":{"name":"Venezuela","level":"country"},"geometry":{"type":"Polygon","coordinates":[[[-60.73,5.2],[-60.6,4.92],[-60.97,4.54],[-62.09,4.16],[-62.8,4.01],[-63.09,3.77],[-63.89,4.02],[-64.63,4.15],[-64.82,4.06],[-64.37,3.8],[-64.41,3.13],[-64.27,2.5],[-63.42,2.41],[-63.37,2.2],[-64.08,1.92],[-64.2,1.49],[-64.61,1.33],[-65.35,1.1],[-65.55,0.79],[-66.33,0.72],[-66.88,1.25],[-67.18,2.25],[-67.45,2.6],[-67.81,2.82],[-67.3,3.32],[-67.34,3.54],[-67.62,3.84],[-67.82,4.5],[-67.74,5.22],[-67.52,5.56],[-67.34,6.1],[-67.7,6.27],[-68.27,6.15],[-68.99,6.21],[-69.39,6.1],[-70.09,6.96],[-70.67,7.09],[-71.96,6.99],[-72.2,7.34],[-72.44,7.42],[-72.48,7.63],[-72.36,8.0],[-72.44,8.41],[-72.66,8.63],[-72.79,9.09],[-73.3,9.15],[-73.03,9.74],[-72.91,10.45],[-72.61,10.82],[-72.23,11.11],[-71.97,11.61],[-71.33,11.78],[-71.36,11.54],[-71.95,11.42],[-71.62,10.97],[-71.63,10.45],[-72.07,9.87],[-71.7,9.07],[-71.26,9.14],[-71.04,9.86],[-71.35,10.21],[-71.4,10.97],[-70.16,11.38],[-70.29,11.85],[-69.94,12.16],[-69.58,11.46],[-68.88,11.44],[-68.23,10.89],[-68.19,10.55],[-67.3,10.55],[-66.23,10.65],[-65.66,10.2],[-64.89,10.08],[-64.33,10.39],[-64.32,10.64],[-63.08,10.7],[-61.88,10.72],[-62.73,10.42],[-62.39,9.95],[-61.59,9.87],[-60.83,9.38],[-60.67,8.58],[-60.15,8.6],[-59.76,8.37],[-60.55,7.78],[-60.64,7.42],[-60.3,7.04],[-60.54,6.86],[-61.16,6.7],[-61.14,6.23],[-61.41,5.96],[-60.73,5.2]]]}},{"type":"Feature","properties":{"name":"Guyana","level":"country"},"geometry":{"type":"Polygon","coordinates":[[[-56.54,1.9],[-56.78,1.86],[-57.34,1.95],[-57.66,1.68],[-58.11,1.51],[-58.43,1.46],[-58.54,1.27],[-59.03,1.32],[-59.65,1.79],[-59.72,2.25],[-59.97,2.76],[-59.82,3.61],[-59.54,3.96],[-59.77,4.42],[-60.11,4.57],[-59.98,5.01],[-60.21,5.24],[-60.73,5.2],[-61.41,5.96],[-61.14,6.23],[-61.16,6.7],[-60.54,6.86],[-60.3,7.04],[-60.64,7.42],[-60.55,7.78],[-59.76,8.37],[-59.1,8.0],[-58.48,7.35],[-58.45,6.83],[-58.08,6.81],[-57.54,6.32],[-57.15,5.97],[-57.31,5.07],[-57.91,4.81],[-57.86,4.58],[-58.04,4.06],[-57.6,3.33],[-57.28,3.33],[-57.15,2.77],[-56.54,1.9]]]}},{"type":"Feature","properties":{"name":"Suriname","level":"country"},"geometry":{"type":"Polygon","coordinates":[[[-54.52,2.31],[-55.1,2.52],[-55.57,2.42],[-55.97,2.51],[-56.07,2.22],[-55.91,2.02],[-56.0,1.82],[-56.54,1.9],[-57.15,2.77],[-57.28,3.33],[-57.6,3.33],[-58.04,4.06],[-57.86,4.58],[-57.91,4.81],[-57.31,5.07],[-57.15,5.97],[-55.95,5.77],[-55.84,5.95],[-55.03,6.03],[-53.96,5.76],[-54.48,4.9],[-54.4,4.21],[-54.01,3.62],[-54.18,3.19],[-54.27,2.73],[-54.52,2.31]]]}},{"type":"Feature","properties":{"name":"France","level":"country"},"geometry":{"type":"MultiPolygon","coordinates":[[[[-51.66,4.16],[-52.25,3.24],[-52.56,2.5],[-52.94,2.12],[-53.42,2.05],[-53.55,2.33],[-53.78,2.38],[-54.09,2.11],[-54.52,2.31],[-54.27,2.73],[-54.18,3.19],[-54.01,3.62],[-54.4,4.21],[-54.48,4.9],[-53.96,5.76],[-53.62,5.65],[-52.88,5.41],[-51.82,4.57],[-51.66,4.16]]],[[[6.19,49.46],[6.66,49.2],[8.1,49.02],[7.59,48.33],[7.47,47.62],[7.19,47.45],[6.74,47.54],[6.77,47.29],[6.04,46.73],[6.02,46.27],[6.5,46.43],[6.84,45.99],[6.8,45.71],[7.1,45.33],[6.75,45.03],[7.01,44.25],[7.55,44.13],[7.44,43.69],[6.53,43.13],[4.56,43.4],[3.1,43.08],[2.99,42.47],[1.83,42.34],[0.7,42.8],[0.34,42.58],[-1.5,43.03],[-1.9,43.42],[-1.38,44.02],[-1.19,46.01],[-2.23,47.06],[-2.96,47.57],[-4.49,47.95],[-4.59,48.68],[-3.3,48.9],[-1.62,48.64],[-1.93,49.78],[-0.99,49.35],[1.34,50.13],[1.64,50.95],[2.51,51.15],[2.66,50.8],[3.12,50.78],[3.59,50.38],[4.29,49.91],[4.8,49.99],[5.67,49.53],[5.9,49.44],[6.19,49.46]]],[[[8.75,42.63],[9.39,43.01],[9.56,42.15],[9.23,41.38],[8.78,41.58],[8.54,42.26],[8.75,42.63]]]]}},{"type":"Feature","properties":{"name":"Ecuador","level":"country"},"geometry":{"type":"Polygon","coordinates":[[[-75.37,-0.15],[-75.23,-0.91],[-75.54,-1.56],[-76.64,-2.61],[-77.84,-3.0],[-78.45,-3.87],[-78.64,-4.55],[-79.21,-4.96],[-79.62,-4.45],[-80.03,-4.35],[-80.44,-4.43],[-80.47,-4.06],[-80.18,-3.82],[-80.3,-3.4],[-79.77,-2.66],[-79.99,-2.22],[-80.37,-2.69],[-80.97,-2.25],[-80.76,-1.97],[-80.93,-1.06],[-80.58,-0.91],[-80.4,-0.28],[-80.02,0.36],[-80.09,0.77],[-79.54,0.98],[-78.86,1.38],[-77.86,0.81],[-77.67,0.83],[-77.42,0.4],[-76.58,0.26],[-76.29,0.42],[-75.8,0.08],[-75.37,-0.15]]]}},{"type":"Feature","properties":{"name":"Puerto Rico","level":"country"},"geometry":{"type":"Polygon","coordinates":[[[-66.28,18.51],[-65.77,18.43],[-65.59,18.23],[-65.85,17.98],[-66.6,17.98],[-67.18,17.95],[-67.24,18.37],[-67.1,18.52],[-66.28,18.51]]]}},{"type":"Feature","properties":{"name":"Jamaica","level":"country"},"geometry":{"type":"Polygon","coordinates":[[[-77.57,18.49],[-76.9,18.4],[-76.37,18.16],[-76.2,17.89],[-76.9,17.87],[-77.21,17.7],[-77.77,17.86],[-78.34,18.23],[-78.22,18.45],[-77.8,18.52],[-77.57,18.49]]]}},{"type":"Feature","properties":{"name":"Cuba","level":"country"},"geometry":{"type":"Polygon","coordinates":[[[-82.27,23.19],[-81.4,23.12],[-80.62,23.11],[-79.68,22.77],[-79.28,22.4],[-78.35,22.51],[-77.99,22.28],[-77.15,21.66],[-76.52,21.21],[-76.19,21.22],[-75.6,21.02],[-75.67,20.74],[-74.93,20.69],[-74.18,20.28],[-74.3,20.05],[-74.96,19.92],[-75.63,19.87],[-76.32,19.95],[-77.76,19.86],[-77.09,20.41],[-77.49,20.67],[-78.14,20.74],[-78.48,21.03],[-78.72,21.6],[-79.28,21.56],[-80.22,21.83],[-80.52,22.04],[-81.82,22.19],[-82.17,22.39],[-81.8,22.64],[-82.78,22.69],[-83.49,22.17],[-83.91,22.15],[-84.05,21.91],[-84.55,21.8],[-84.97,21.9],[-84.45,22.2],[-84.23,22.57],[-83.78,22.79],[-83.27,22.98],[-82.51,23.08],[-82.27,23.19]]]}},{"type":"Feature","properties":{"name":"Zimbabwe","level":"country"},"geometry":{"type":"Polygon","coordinates":[[[31.19,-22.25],[30.66,-22.15],[30.32,-22.27],[29.84,-22.1],[29.43,-22.09],[28.79,-21.64],[28.02,-21.49],[27.73,-20.85],[27.72,-20.5],[27.3,-20.39],[26.16,-19.29],[25.85,-18.71],[25.65,-18.54],[25.26,-17.74],[26.38,-17.85],[26.71,-17.96],[27.04,-17.94],[27.6,-17.29],[28.47,-16.47],[28.83,-16.39],[28.95,-16.04],[29.52,-15.64],[30.27,-15.51],[30.34,-15.88],[31.17,-15.86],[31.64,-16.07],[31.85,-16.32],[32.33,-16.39],[32.85,-16.71],[32.85,-17.98],[32.65,-18.67],[32.61,-19.42],[32.77,-19.72],[32.66,-20.3],[32.51,-20.4],[32.24,-21.12],[31.19,-22.25]]]}},{"type":"Feature","properties":{"name":"Botswana","level":"country"},"geometry":{"type":"Polygon","coordinates":[[[29.43,-22.09],[28.02,-22.83],[27.12,-23.57],[26.79,-24.24],[26.49,-24.62],[25.94,-24.7],[25.77,-25.17],[25.66,-25.49],[25.03,-25.72],[24.21,-25.67],[23.73,-25.39],[23.31,-25.27],[22.82,-25.5],[22.58,-25.98],[22.11,-26.28],[21.61,-26.73],[20.89,-26.83],[20.67,-26.48],[20.76,-25.87],[20.17,-24.92],[19.9,-24.77],[19.9,-21.85],[20.88,-21.81],[20.91,-18.25],[21.66,-18.22],[23.2,-17.87],[23.58,-18.28],[24.22,-17.89],[24.52,-17.89],[25.08,-17.66],[25.26,-17.74],[25.65,-18.54],[25.85,-18.71],[26.16,-19.29],[27.3,-20.39],[27.72,-20.5],[27.73,-20.85],[28.02,-21.49],[28.79,-21.64],[29.43,-22.09]]]}},{"type":"Feature","properties":{"name":"Namibia","level":"country"},"geometry":{"type":"Polygon","coordinates":[[[19.9,-24.77],[19.89,-28.46],[19.0,-28.97],[18.46,-29.05],[17.84,-28.86],[17.39,-28.78],[17.22,-28.36],[16.82,-28.08],[16.34,-28.58],[15.6,-27.82],[15.21,-27.09],[14.99,-26.12],[14.74,-25.39],[14.41,-23.85],[14.39,-22.66],[14.26,-22.11],[13.87,-21.7],[13.35,-20.87],[12.83,-19.67],[12.61,-19.05],[11.79,-18.07],[11.73,-17.3],[12.22,-17.11],[12.81,-16.94],[13.46,-16.97],[14.06,-17.42],[14.21,-17.35],[18.26,-17.31],[18.96,-17.79],[21.38,-17.93],[23.22,-17.52],[24.03,-17.3],[24.68,-17.35],[25.08,-17.58],[25.08,-17.66],[24.52,-17.89],[24.22,-17.89],[23.58,-18.28],[23.2,-17.87],[21.66,-18.22],[20.91,-18.25],[20.88,-21.81],[19.9,-21.85],[19.9,-24.77]]]}},{"type":"Feature","properties":{"name":"Senegal","level":"country"},"geometry":{"type":"Polygon","coordinates":[[[-16.71,13.59],[-17.13,14.37],[-17.63,14.73],[-17.19,14.92],[-16.7,15.62],[-16.46,16.14],[-16.12,16.46],[-15.62,16.37],[-15.14,16.59],[-14.58,16.6],[-14.1,16.3],[-13.44,16.04],[-12.83,15.3],[-12.17,14.62],[-12.12,13.99],[-11.93,13.42],[-11.55,13.14],[-11.47,12.75],[-11.51,12.44],[-11.66,12.39],[-12.2,12.47],[-12.28,12.35],[-12.5,12.33],[-13.22,12.58],[-13.7,12.59],[-15.55,12.63],[-15.82,12.52],[-16.15,12.55],[-16.68,12.38],[-16.84,13.15],[-15.93,13.13],[-15.69,13.27],[-15.51,13.28],[-15.14,13.51],[-14.71,13.3],[-14.28,13.28],[-13.84,13.51],[-14.05,13.79],[-14.38,13.63],[-14.69,13.63],[-15.08,13.88],[-15.4,13.86],[-15.62,13.62],[-16.71,13.59]]]}},{"type":"Feature","properties":{"name":"Mali","level":"country"},"geometry":{"type":"Polygon","coordinates":[[[-11.51,12.44],[-11.47,12.75],[-11.55,13.14],[-11.93,13.42],[-12.12,13.99],[-12.17,14.62],[-11.83,14.8],[-11.67,15.39],[-11.35,15.41],[-10.65,15.13],[-10.09,15.33],[-9.7,15.26],[-9.55,15.49],[-5.54,15.5],[-5.32,16.2],[-5.49,16.33],[-5.97,20.64],[-6.45,24.96],[-4.92,24.97],[-1.55,22.79],[1.82,20.61],[2.06,20.14],[2.68,19.86],[3.15,19.69],[3.16,19.06],[4.27,19.16],[4.27,16.85],[3.72,16.18],[3.64,15.57],[2.75,15.41],[1.39,15.32],[1.02,14.97],[0.37,14.93],[-0.27,14.92],[-0.52,15.12],[-1.07,14.97],[-2.0,14.56],[-2.19,14.25],[-2.97,13.8],[-3.1,13.54],[-3.52,13.34],[-4.01,13.47],[-4.28,13.23],[-4.43,12.54],[-5.22,11.71],[-5.2,11.38],[-5.47,10.95],[-5.4,10.37],[-5.82,10.22],[-6.05,10.1],[-6.21,10.52],[-6.49,10.41],[-6.67,10.43],[-6.85,10.14],[-7.62,10.15],[-7.9,10.3],[-8.03,10.21],[-8.34,10.49],[-8.28,10.79],[-8.41,10.91],[-8.62,10.81],[-8.58,11.14],[-8.38,11.39],[-8.79,11.81],[-8.91,12.09],[-9.13,12.31],[-9.33,12.33],[-9.57,12.19],[-9.89,12.06],[-10.17,11.84],[-10.59,11.92],[-10.87,12.18],[-11.04,12.21],[-11.3,12.08],[-11.46,12.08],[-11.51,12.44]]]}},{"type":"Feature","properties":{"name":"Mauritania","level":"country"},"geometry":{"type":"Polygon","coordinates":[[[-17.06,21.0],[-16.85,21.33],[-12.93,21.33],[-13.12,22.77],[-12.87,23.28],[-11.94,23.37],[-11.97,25.93],[-8.69,25.88],[-8.68,27.4],[-4.92,24.97],[-6.45,24.96],[-5.97,20.64],[-5.49,16.33],[-5.32,16.2],[-5.54,15.5],[-9.55,15.49],[-9.7,15.26],[-10.09,15.33],[-10.65,15.13],[-11.35,15.41],[-11.67,15.39],[-11.83,14.8],[-12.17,14.62],[-12.83,15.3],[-13.44,16.04],[-14.1,16.3],[-14.58,16.6],[-15.14,16.59],[-15.62,16.37],[-16.12,16.46],[-16.46,16.14],[-16.55,16.67],[-16.27,17.17],[-16.15,18.11],[-16.26,19.1],[-16.38,19.59],[-16.28,20.09],[-16.54,20.57],[-17.06,21.0]]]}},{"type":"Feature","properties":{"name":"Benin","level":"country"},"geometry":{"type":"Polygon","coordinates":[[[2.69,6.26],[1.87,6.14],[1.62,6.83],[1.66,9.13],[1.46,9.33],[1.43,9.83],[1.08,10.18],[0.77,10.47],[0.9,11.0],[1.24,11.11],[1.45,11.55],[1.94,11.64],[2.15,11.94],[2.49,12.23],[2.85,12.24],[3.61,11.66],[3.57,11.33],[3.8,10.73],[3.6,10.33],[3.71,10.06],[3.22,9.44],[2.91,9.14],[2.72,8.51],[2.75,7.87],[2.69,6.26]]]}},{"type":"Feature","properties":{"name":"Niger","level":"country"},"geometry":{"type":"Polygon","coordinates":[[[14.85,22.86],[15.1,21.31],[15.47,21.05],[15.49,20.73],[15.9,20.39],[15.69,19.96],[15.3,17.93],[15.25,16.63],[13.97,15.68],[13.54,14.37],[13.96,14.0],[13.95,13.35],[14.6,13.33],[14.5,12.86],[14.21,12.8],[14.18,12.48],[14.0,12.46],[13.32,13.56],[13.08,13.6],[12.3,13.04],[11.53,13.33],[10.99,13.39],[10.7,13.25],[10.11,13.28],[9.52,12.85],[9.01,12.83],[7.8,13.34],[7.33,13.1],[6.82,13.12],[6.45,13.49],[5.44,13.87],[4.37,13.75],[4.11,13.53],[3.97,12.96],[3.68,12.55],[3.61,11.66],[2.85,12.24],[2.49,12.23],[2.15,11.94],[2.18,12.63],[1.02,12.85],[0.99,13.34],[0.43,13.99],[0.3,14.44],[0.37,14.93],[1.02,14.97],[1.39,15.32],[2.75,15.41],[3.64,15.57],[3.72,16.18],[4.27,16.85],[4.27,19.16],[5.68,19.6],[8.57,21.57],[12.0,23.47],[13.58,23.04],[14.14,22.49],[14.85,22.86]]]}},{"type":"Feature","properties":{"name":"Nigeria","level":"country"},"geometry":{"type":"Polygon","coordinates":[[[2.69,6.26],[2.75,7.87],[2.72,8.51],[2.91,9.14],[3.22,9.44],[3.71,10.06],[3.6,10.33],[3.8,10.73],[3.57,11.33],[3.61,11.66],[3.68,12.55],[3.97,12.96],[4.11,13.53],[4.37,13.75],[5.44,13.87],[6.45,13.49],[6.82,13.12],[7.33,13.1],[7.8,13.34],[9.01,12.83],[9.52,12.85],[10.11,13.28],[10.7,13.25],[10.99,13.39],[11.53,13.33],[12.3,13.04],[13.08,13.6],[13.32,13.56],[14.0,12.46],[14.18,12.48],[14.58,12.09],[14.47,11.9],[14.42,11.57],[13.57,10.8],[13.31,10.16],[13.17,9.64],[12.96,9.42],[12.75,8.72],[12.22,8.31],[12.06,7.8],[11.84,7.4],[11.75,6.98],[11.06,6.64],[10.5,7.06],[10.12,7.04],[9.52,6.45],[9.23,6.44],[8.76,5.48],[8.5,4.77],[7.46,4.41],[7.08,4.46],[6.7,4.24],[5.9,4.26],[5.36,4.89],[5.03,5.61],[4.33,6.27],[3.57,6.26],[2.69,6.26]]]}},{"type":"Feature","properties":{"name":"Cameroon","level":"country"},"geometry":{"type":"Polygon","coordinates":[[[14.5,12.86],[14.89,12.22],[14.96,11.56],[14.92,10.89],[15.47,9.98],[14.91,9.99],[14.63,9.92],[14.17,10.02],[13.95,9.55],[14.54,8.97],[14.98,8.8],[15.12,8.38],[15.44,7.69],[15.28,7.42],[14.78,6.41],[14.54,6.23],[14.46,5.45],[14.56,5.03],[14.48,4.73],[14.95,4.21],[15.04,3.85],[15.41,3.34],[15.86,3.01],[15.91,2.56],[16.01,2.27],[15.94,1.73],[15.15,1.96],[14.34,2.23],[13.08,2.27],[12.95,2.32],[12.36,2.19],[11.75,2.33],[11.28,2.26],[9.65,2.28],[9.8,3.07],[9.4,3.73],[8.95,3.9],[8.74,4.35],[8.49,4.5],[8.5,4.77],[8.76,5.48],[9.23,6.44],[9.52,6.45],[10.12,7.04],[10.5,7.06],[11.06,6.64],[11.75,6.98],[11.84,7.4],[12.06,7.8],[12.22,8.31],[12.75,8.72],[12.96,9.42],[13.17,9.64],[13.31,10.16],[13.57,10.8],[14.42,11.57],[14.47,11.9],[14.58,12.09],[14.18,12.48],[14.21,12.8],[14.5,12.86]]]}},{"type":"Feature","properties":{"name":"Togo","level":"country"},"geometry":{"type":"Polygon","coordinates":[[[0.9,11.0],[0.77,10.47],[1.08,10.18],[1.43,9.83],[1.46,9.33],[1.66,9.13],[1.62,6.83],[1.87,6.14],[1.06,5.93],[0.84,6.28],[0.57,6.91],[0.49,7.41],[0.71,8.31],[0.46,8.68],[0.37,9.47],[0.37,10.19],[-0.05,10.71],[0.02,11.02],[0.9,11.0]]]}},{"type":"Feature","properties":{"name":"Ghana","level":"country"},"geometry":{"type":"Polygon","coordinates":[[[0.02,11.02],[-0.05,10.71],[0.37,10.19],[0.37,9.47],[0.46,8.68],[0.71,8.31],[0.49,7.41],[0.57,6.91],[0.84,6.28],[1.06,5.93],[-0.51,5.34],[-1.06,5.0],[-1.96,4.71],[-2.86,4.99],[-2.81,5.39],[-3.24,6.25],[-2.98,7.38],[-2.56,8.22],[-2.83,9.64],[-2.96,10.4],[-2.94,10.96],[-1.2,11.01],[-0.76,10.94],[-0.44,11.1],[0.02,11.02]]]}},{"type":"Feature","properties":{"name":"C\u00f4te d'Ivoire","level":"country"},"geometry":{"type":"Polygon","coordinates":[[[-8.03,10.21],[-7.9,10.3],[-7.62,10.15],[-6.85,10.14],[-6.67,10.43],[-6.49,10.41],[-6.21,10.52],[-6.05,10.1],[-5.82,10.22],[-5.4,10.37],[-4.95,10.15],[-4.78,9.82],[-4.33,9.61],[-3.98,9.86],[-3.51,9.9],[-2.83,9.64],[-2.56,8.22],[-2.98,7.38],[-3.24,6.25],[-2.81,5.39],[-2.86,4.99],[-3.31,4.98],[-4.01,5.18],[-4.65,5.17],[-5.83,4.99],[-6.53,4.71],[-7.52,4.34],[-7.71,4.36],[-7.64,5.19],[-7.54,5.31],[-7.57,5.71],[-7.99,6.13],[-8.31,6.19],[-8.6,6.47],[-8.39,6.91],[-8.49,7.4],[-8.44,7.69],[-8.28,7.69],[-8.22,8.12],[-8.3,8.32],[-8.2,8.46],[-7.83,8.58],[-8.08,9.38],[-8.31,9.79],[-8.23,10.13],[-8.03,10.21]]]}},{"type":"Feature","properties":{"name":"Guinea","level":"country"},"geometry":{"type":"Polygon","coordinates":[[[-13.7,12.59],[-13.22,12.58],[-12.5,12.33],[-12.28,12.35],[-12.2,12.47],[-11.66,12.39],[-11.51,12.44],[-11.46,12.08],[-11.3,12.08],[-11.04,12.21],[-10.87,12.18],[-10.59,11.92],[-10.17,11.84],[-9.89,12.06],[-9.57,12.19],[-9.33,12.33],[-9.13,12.31],[-8.91,12.09],[-8.79,11.81],[-8.38,11.39],[-8.58,11.14],[-8.62,10.81],[-8.41,10.91],[-8.28,10.79],[-8.34,10.49],[-8.03,10.21],[-8.23,10.13],[-8.31,9.79],[-8.08,9.38],[-7.83,8.58],[-8.2,8.46],[-8.3,8.32],[-8.22,8.12],[-8.28,7.69],[-8.44,7.69],[-8.72,7.71],[-8.93,7.31],[-9.21,7.31],[-9.4,7.53],[-9.34,7.93],[-9.76,8.54],[-10.02,8.43],[-10.23,8.41],[-10.51,8.35],[-10.49,8.72],[-10.65,8.98],[-10.62,9.27],[-10.84,9.69],[-11.12,10.05],[-11.92,10.05],[-12.15,9.86],[-12.43,9.84],[-12.6,9.62],[-12.71,9.34],[-13.25,8.9],[-13.69,9.49],[-14.07,9.89],[-14.33,10.02],[-14.58,10.21],[-14.69,10.66],[-14.84,10.88],[-15.13,11.04],[-14.69,11.53],[-14.38,11.51],[-14.12,11.68],[-13.9,11.68],[-13.74,11.81],[-13.83,12.14],[-13.72,12.25],[-13.7,12.59]]]}},{"type":"Feature","properties":{"name":"Guinea-Bissau","level":"country"},"geometry":{"type":"Polygon","coordinates":[[[-16.68,12.38],[-16.15,12.55],[-15.82,12.52],[-15.55,12.63],[-13.7,12.59],[-13.72,12.25],[-13.83,12.14],[-13.74,11.81],[-13.9,11.68],[-14.12,11.68],[-14.38,11.51],[-14.69,11.53],[-15.13,11.04],[-15.66,11.46],[-16.09,11.52],[-16.31,11.81],[-16.31,11.96],[-16.61,12.17],[-16.68,12.38]]]}},{"type":"Feature","properties":{"name":"Liberia","level":"country"},"geometry":{"type":"Polygon","coordinates":[[[-8.44,7.69],[-8.49,7.4],[-8.39,6.91],[-8.6,6.47],[-8.31,6.19],[-7.99,6.13],[-7.57,5.71],[-7.54,5.31],[-7.64,5.19],[-7.71,4.36],[-7.97,4.36],[-9.0,4.83],[-9.91,5.59],[-10.77,6.14],[-11.44,6.79],[-11.2,7.11],[-11.15,7.4],[-10.7,7.94],[-10.23,8.41],[-10.02,8.43],[-9.76,8.54],[-9.34,7.93],[-9.4,7.53],[-9.21,7.31],[-8.93,7.31],[-8.72,7.71],[-8.44,7.69]]]}},{"type":"Feature","properties":{"name":"Sierra Leone","level":"country"},"geometry":{"type":"Polygon","coordinates":[[[-13.25,8.9],[-12.71,9.34],[-12.6,9.62],[-12.43,9.84],[-12.15,9.86],[-11.92,10.05],[-11.12,10.05],[-10.84,9.69],[-10.62,9.27],[-10.65,8.98],[-10.49,8.72],[-10.51,8.35],[-10.23,8.41],[-10.7,7.94],[-11.15,7.4],[-11.2,7.11],[-11.44,6.79],[-11.71,6.86],[-12.43,7.26],[-12.95,7.8],[-13.12,8.16],[-13.25,8.9]]]}},{"type":"Feature","properties":{"name":"Burkina Faso","level":"country"},"geometry":{"type":"Polygon","coordinates":[[[-5.4,10.37],[-5.47,10.95],[-5.2,11.38],[-5.22,11.71],[-4.43,12.54],[-4.28,13.23],[-4.01,13.47],[-3.52,13.34],[-3.1,13.54],[-2.97,13.8],[-2.19,14.25],[-2.0,14.56],[-1.07,14.97],[-0.52,15.12],[-0.27,14.92],[0.37,14.93],[0.3,14.44],[0.43,13.99],[0.99,13.34],[1.02,12.85],[2.18,12.63],[2.15,11.94],[1.94,11.64],[1.45,11.55],[1.24,11.11],[0.9,11.0],[0.02,11.02],[-0.44,11.1],[-0.76,10.94],[-1.2,11.01],[-2.94,10.96],[-2.96,10.4],[-2.83,9.64],[-3.51,9.9],[-3.98,9.86],[-4.33,9.61],[-4.78,9.82],[-4.95,10.15],[-5.4,10.37]]]}},{"type":"Feature","properties":{"name":"Central African Rep.","level":"country"},"geometry":{"type":"Polygon","coordinates":[[[27.37,5.23],[27.04,5.13],[26.4,5.15],[25.65,5.26],[25.28,5.17],[25.13,4.93],[24.81,4.9],[24.41,5.11],[23.3,4.61],[22.84,4.71],[22.7,4.63],[22.41,4.03],[21.66,4.22],[20.93,4.32],[20.29,4.69],[19.47,5.03],[18.93,4.71],[18.54,4.2],[18.45,3.5],[17.81,3.56],[17.13,3.73],[16.54,3.2],[16.01,2.27],[15.91,2.56],[15.86,3.01],[15.41,3.34],[15.04,3.85],[14.95,4.21],[14.48,4.73],[14.56,5.03],[14.46,5.45],[14.54,6.23],[14.78,6.41],[15.28,7.42],[16.11,7.5],[16.29,7.75],[16.46,7.73],[16.71,7.51],[17.96,7.89],[18.39,8.28],[18.91,8.63],[18.81,8.98],[19.09,9.07],[20.06,9.01],[21.0,9.48],[21.72,10.57],[22.23,10.97],[22.86,11.14],[22.98,10.71],[23.55,10.09],[23.56,9.68],[23.39,9.27],[23.46,8.95],[23.81,8.67],[24.57,8.23],[25.11,7.83],[25.12,7.5],[25.8,6.98],[26.21,6.55],[26.47,5.95],[27.21,5.55],[27.37,5.23]]]}},{"type":"Feature","properties":{"name":"Congo","level":"country"},"geometry":{"type":"Polygon","coordinates":[[[18.45,3.5],[18.39,2.9],[18.09,2.37],[17.9,1.74],[17.77,0.86],[17.83,0.29],[17.66,-0.06],[17.64,-0.42],[17.52,-0.74],[16.87,-1.23],[16.41,-1.74],[15.97,-2.71],[16.01,-3.54],[15.75,-3.86],[15.17,-4.34],[14.58,-4.97],[14.21,-4.79],[14.14,-4.51],[13.6,-4.5],[13.26,-4.88],[13.0,-4.78],[12.62,-4.44],[12.32,-4.61],[11.91,-5.04],[11.09,-3.98],[11.86,-3.43],[11.48,-2.77],[11.82,-2.51],[12.5,-2.39],[12.58,-1.95],[13.11,-2.43],[13.99,-2.47],[14.3,-2.0],[14.43,-1.33],[14.32,-0.55],[13.84,0.04],[14.28,1.2],[14.03,1.4],[13.28,1.31],[13.0,1.83],[13.08,2.27],[14.34,2.23],[15.15,1.96],[15.94,1.73],[16.01,2.27],[16.54,3.2],[17.13,3.73],[17.81,3.56],[18.45,3.5]]]}},{"type":"Feature","properties":{"name":"Gabon","level":"country"},"geometry":{"type":"Polygon","coordinates":[[[11.28,2.26],[11.75,2.33],[12.36,2.19],[12.95,2.32],[13.08,2.27],[13.0,1.83],[13.28,1.31],[14.03,1.4],[14.28,1.2],[13.84,0.04],[14.32,-0.55],[14.43,-1.33],[14.3,-2.0],[13.99,-2.47],[13.11,-2.43],[12.58,-1.95],[12.5,-2.39],[11.82,-2.51],[11.48,-2.77],[11.86,-3.43],[11.09,-3.98],[10.07,-2.97],[9.41,-2.14],[8.8,-1.11],[8.83,-0.78],[9.05,-0.46],[9.29,0.27],[9.49,1.01],[9.83,1.07],[11.29,1.06],[11.28,2.26]]]}},{"type":"Feature","properties":{"name":"Eq. Guinea","level":"country"},"geometry":{"type":"Polygon","coordinates":[[[9.65,2.28],[11.28,2.26],[11.29,1.06],[9.83,1.07],[9.49,1.01],[9.31,1.16],[9.65,2.28]]]}},{"type":"Feature","properties":{"name":"Zambia","level":"country"},"geometry":{"type":"Polygon","coordinates":[[[30.74,-8.34],[31.16,-8.59],[31.56,-8.76],[32.19,-8.93],[32.76,-9.23],[33.23,-9.68],[33.49,-10.53],[33.32,-10.8],[33.11,-11.61],[33.31,-12.44],[32.99,-12.78],[32.69,-13.71],[33.21,-13.97],[30.18,-14.8],[30.27,-15.51],[29.52,-15.64],[28.95,-16.04],[28.83,-16.39],[28.47,-16.47],[27.6,-17.29],[27.04,-17.94],[26.71,-17.96],[26.38,-17.85],[25.26,-17.74],[25.08,-17.66],[25.08,-17.58],[24.68,-17.35],[24.03,-17.3],[23.22,-17.52],[22.56,-16.9],[21.89,-16.08],[21.93,-12.9],[24.02,-12.91],[23.93,-12.57],[24.08,-12.19],[23.9,-11.72],[24.02,-11.24],[23.91,-10.93],[24.26,-10.95],[24.31,-11.26],[24.78,-11.24],[25.42,-11.33],[25.75,-11.78],[26.55,-11.92],[27.16,-11.61],[27.39,-12.13],[28.16,-12.27],[28.52,-12.7],[28.93,-13.25],[29.7,-13.26],[29.62,-12.18],[29.34,-12.36],[28.64,-11.97],[28.37,-11.79],[28.5,-10.79],[28.67,-9.61],[28.45,-9.16],[28.73,-8.53],[29.0,-8.41],[30.35,-8.24],[30.74,-8.34]]]}},{"type":"Feature","properties":{"name":"Malawi","level":"country"},"geometry":{"type":"Polygon","coordinates":[[[32.76,-9.23],[33.74,-9.42],[33.94,-9.69],[34.28,-10.16],[34.56,-11.52],[34.28,-12.28],[34.56,-13.58],[34.91,-13.57],[35.27,-13.89],[35.69,-14.61],[35.77,-15.9],[35.34,-16.11],[35.03,-16.8],[34.38,-16.18],[34.31,-15.48],[34.52,-15.01],[34.46,-14.61],[34.06,-14.36],[33.79,-14.45],[33.21,-13.97],[32.69,-13.71],[32.99,-12.78],[33.31,-12.44],[33.11,-11.61],[33.32,-10.8],[33.49,-10.53],[33.23,-9.68],[32.76,-9.23]]]}},{"type":"Feature","properties":{"name":"Mozambique","level":"country"},"geometry":{"type":"Polygon","coordinates":[[[34.56,-11.52],[35.31,-11.44],[36.51,-11.72],[36.78,-11.59],[37.47,-11.57],[37.83,-11.27],[38.43,-11.29],[39.52,-10.9],[40.32,-10.32],[40.32,-10.32],[40.32,-10.32],[40.48,-10.77],[40.44,-11.76],[40.56,-12.64],[40.6,-14.2],[40.78,-14.69],[40.48,-15.41],[40.09,-16.1],[39.45,-16.72],[38.54,-17.1],[37.41,-17.59],[36.28,-18.66],[35.9,-18.84],[35.2,-19.55],[34.79,-19.78],[34.7,-20.5],[35.18,-21.25],[35.37,-21.84],[35.39,-22.14],[35.56,-22.09],[35.53,-23.07],[35.37,-23.54],[35.61,-23.71],[35.46,-24.12],[35.04,-24.48],[34.22,-24.82],[33.01,-25.36],[32.57,-25.73],[32.66,-26.15],[32.92,-26.22],[32.83,-26.74],[32.07,-26.73],[31.99,-26.29],[31.84,-25.84],[31.75,-25.48],[31.93,-24.37],[31.67,-23.66],[31.19,-22.25],[32.24,-21.12],[32.51,-20.4],[32.66,-20.3],[32.77,-19.72],[32.61,-19.42],[32.65,-18.67],[32.85,-17.98],[32.85,-16.71],[32.33,-16.39],[31.85,-16.32],[31.64,-16.07],[31.17,-15.86],[30.34,-15.88],[30.27,-15.51],[30.18,-14.8],[33.21,-13.97],[33.79,-14.45],[34.06,-14.36],[34.46,-14.61],[34.52,-15.01],[34.31,-15.48],[34.38,-16.18],[35.03,-16.8],[35.34,-16.11],[35.77,-15.9],[35.69,-14.61],[35.27,-13.89],[34.91,-13.57],[34.56,-13.58],[34.28,-12.28],[34.56,-11.52]]]}},{"type":"Feature","properties":{"name":"eSwatini","level":"country"},"geometry":{"type":"Polygon","coordinates":[[[32.07,-26.73],[31.87,-27.18],[31.28,-27.29],[30.69,-26.74],[30.68,-26.4],[30.95,-26.02],[31.04,-25.73],[31.33,-25.66],[31.84,-25.84],[31.99,-26.29],[32.07,-26.73]]]}},{"type":"Feature","properties":{"name":"Angola","level":"country"},"geometry":{"type":"MultiPolygon","coordinates":[[[[13.0,-4.78],[12.63,-4.99],[12.47,-5.25],[12.44,-5.68],[12.18,-5.79],[11.91,-5.04],[12.32,-4.61],[12.62,-4.44],[13.0,-4.78]]],[[[12.32,-6.1],[12.74,-5.97],[13.02,-5.98],[13.38,-5.86],[16.33,-5.88],[16.57,-6.62],[16.86,-7.22],[17.09,-7.55],[17.47,-8.07],[18.13,-7.99],[18.46,-7.85],[19.02,-7.99],[19.17,-7.74],[19.42,-7.16],[20.04,-7.12],[20.09,-6.94],[20.6,-6.94],[20.51,-7.3],[21.73,-7.29],[21.75,-7.92],[21.95,-8.31],[21.8,-8.91],[21.88,-9.52],[22.21,-9.89],[22.16,-11.08],[22.4,-10.99],[22.84,-11.02],[23.46,-10.87],[23.91,-10.93],[24.02,-11.24],[23.9,-11.72],[24.08,-12.19],[23.93,-12.57],[24.02,-12.91],[21.93,-12.9],[21.89,-16.08],[22.56,-16.9],[23.22,-17.52],[21.38,-17.93],[18.96,-17.79],[18.26,-17.31],[14.21,-17.35],[14.06,-17.42],[13.46,-16.97],[12.81,-16.94],[12.22,-17.11],[11.73,-17.3],[11.64,-16.67],[11.78,-15.79],[12.12,-14.88],[12.18,-14.45],[12.5,-13.55],[12.74,-13.14],[13.31,-12.48],[13.63,-12.04],[13.74,-11.3],[13.69,-10.73],[13.39,-10.37],[13.12,-9.77],[12.88,-9.17],[12.93,-8.96],[13.24,-8.56],[12.93,-7.6],[12.73,-6.93],[12.23,-6.29],[12.32,-6.1]]]]}},{"type":"Feature","properties":{"name":"Burundi","level":"country"},"geometry":{"type":"Polygon","coordinates":[[[30.47,-2.41],[30.53,-2.81],[30.74,-3.03],[30.75,-3.36],[30.51,-3.57],[30.12,-4.09],[29.75,-4.45],[29.34,-4.5],[29.28,-3.29],[29.02,-2.84],[29.63,-2.92],[29.94,-2.35],[30.47,-2.41]]]}},{"type":"Feature","properties":{"name":"Israel","level":"country"},"geometry":{"type":"Polygon","coordinates":[[[35.72,32.71],[35.55,32.39],[35.18,32.53],[34.97,31.87],[35.23,31.75],[34.97,31.62],[34.93,31.35],[35.4,31.49],[35.42,31.1],[34.92,29.5],[34.82,29.76],[34.27,31.22],[34.27,31.22],[34.27,31.22],[34.56,31.55],[34.49,31.61],[34.75,32.07],[34.96,32.83],[35.1,33.08],[35.13,33.09],[35.46,33.09],[35.55,33.26],[35.82,33.28],[35.84,32.87],[35.7,32.72],[35.72,32.71]]]}},{"type":"Feature","properties":{"name":"Lebanon","level":"country"},"geometry":{"type":"Polygon","coordinates":[[[35.82,33.28],[35.55,33.26],[35.46,33.09],[35.13,33.09],[35.48,33.91],[35.98,34.61],[36.0,34.64],[36.45,34.59],[36.61,34.2],[36.07,33.82],[35.82,33.28]]]}},{"type":"Feature","properties":{"name":"Madagascar","level":"country"},"geometry":{"type":"Polygon","coordinates":[[[49.54,-12.47],[49.81,-12.9],[50.06,-13.56],[50.22,-14.76],[50.48,-15.23],[50.38,-15.71],[50.2,-16.0],[49.86,-15.41],[49.67,-15.71],[49.86,-16.45],[49.77,-16.88],[49.5,-17.11],[49.44,-17.95],[49.04,-19.12],[48.55,-20.5],[47.93,-22.39],[47.55,-23.78],[47.1,-24.94],[46.28,-25.18],[45.41,-25.6],[44.83,-25.35],[44.04,-24.99],[43.76,-24.46],[43.7,-23.57],[43.35,-22.78],[43.25,-22.06],[43.43,-21.34],[43.89,-21.16],[43.9,-20.83],[44.37,-20.07],[44.46,-19.44],[44.23,-18.96],[44.04,-18.33],[43.96,-17.41],[44.31,-16.85],[44.45,-16.22],[44.94,-16.18],[45.5,-15.97],[45.87,-15.79],[46.31,-15.78],[46.88,-15.21],[47.71,-14.59],[48.01,-14.09],[47.87,-13.66],[48.29,-13.78],[48.85,-13.09],[48.86,-12.49],[49.19,-12.04],[49.54,-12.47]]]}},{"type":"Feature","properties":{"name":"Palestine","level":"country"},"geometry":{"type":"Polygon","coordinates":[[[35.4,31.49],[34.93,31.35],[34.97,31.62],[35.23,31.75],[34.97,31.87],[35.18,32.53],[35.55,32.39],[35.55,31.78],[35.4,31.49]]]}},{"type":"Feature","properties":{"name":"Gambia","level":"country"},"geometry":{"type":"Polygon","coordinates":[[[-16.71,13.59],[-15.62,13.62],[-15.4,13.86],[-15.08,13.88],[-14.69,13.63],[-14.38,13.63],[-14.05,13.79],[-13.84,13.51],[-14.28,13.28],[-14.71,13.3],[-15.14,13.51],[-15.51,13.28],[-15.69,13.27],[-15.93,13.13],[-16.84,13.15],[-16.71,13.59]]]}},{"type":"Feature","properties":{"name":"Tunisia","level":"country"},"geometry":{"type":"Polygon","coordinates":[[[9.48,30.31],[9.06,32.1],[8.44,32.51],[8.43,32.75],[7.61,33.34],[7.52,34.1],[8.14,34.66],[8.38,35.48],[8.22,36.43],[8.42,36.95],[9.51,37.35],[10.21,37.23],[10.18,36.72],[11.03,37.09],[11.1,36.9],[10.6,36.41],[10.59,35.95],[10.94,35.7],[10.81,34.83],[10.15,34.33],[10.34,33.79],[10.86,33.77],[11.11,33.29],[11.49,33.14],[11.43,32.37],[10.94,32.08],[10.64,31.76],[9.95,31.38],[10.06,30.96],[9.97,30.54],[9.48,30.31]]]}},{"type":"Feature","properties":{"name":"Algeria","level":"country"},"geometry":{"type":"Polygon","coordinates":[[[-8.68,27.4],[-8.67,27.59],[-8.67,27.66],[-8.67,28.84],[-7.06,29.58],[-6.06,29.73],[-5.24,30.0],[-4.86,30.5],[-3.69,30.9],[-3.65,31.64],[-3.07,31.72],[-2.62,32.09],[-1.31,32.26],[-1.12,32.65],[-1.39,32.86],[-1.73,33.92],[-1.79,34.53],[-2.17,35.17],[-1.21,35.71],[-0.13,35.89],[0.5,36.3],[1.47,36.61],[3.16,36.78],[4.82,36.87],[5.32,36.72],[6.26,37.11],[7.33,37.12],[7.74,36.89],[8.42,36.95],[8.22,36.43],[8.38,35.48],[8.14,34.66],[7.52,34.1],[7.61,33.34],[8.43,32.75],[8.44,32.51],[9.06,32.1],[9.48,30.31],[9.81,29.42],[9.86,28.96],[9.68,28.14],[9.76,27.69],[9.63,27.14],[9.72,26.51],[9.32,26.09],[9.91,25.37],[9.95,24.94],[10.3,24.38],[10.77,24.56],[11.56,24.1],[12.0,23.47],[8.57,21.57],[5.68,19.6],[4.27,19.16],[3.16,19.06],[3.15,19.69],[2.68,19.86],[2.06,20.14],[1.82,20.61],[-1.55,22.79],[-4.92,24.97],[-8.68,27.4]]]}},{"type":"Feature","properties":{"name":"Jordan","level":"country"},"geometry":{"type":"Polygon","coordinates":[[[35.55,32.39],[35.72,32.71],[36.83,32.31],[38.79,33.38],[39.2,32.16],[39.0,32.01],[37.0,31.51],[38.0,30.51],[37.67,30.34],[37.5,30.0],[36.74,29.87],[36.5,29.51],[36.07,29.2],[34.96,29.36],[34.92,29.5],[35.42,31.1],[35.4,31.49],[35.55,31.78],[35.55,32.39]]]}},{"type":"Feature","properties":{"name":"United Arab Emirates","level":"country"},"geometry":{"type":"Polygon","coordinates":[[[51.58,24.25],[51.76,24.29],[51.79,24.02],[52.58,24.18],[53.4,24.15],[54.01,24.12],[54.69,24.8],[55.44,25.44],[56.07,26.06],[56.26,25.71],[56.4,24.92],[55.89,24.92],[55.8,24.27],[55.98,24.13],[55.53,23.93],[55.53,23.52],[55.23,23.11],[55.21,22.71],[55.01,22.5],[52.0,23.0],[51.62,24.01],[51.58,24.25]]]}},{"type":"Feature","properties":{"name":"Qatar","level":"country"},"geometry":{"type":"Polygon","coordinates":[[[50.81,24.75],[50.74,25.48],[51.01,26.01],[51.29,26.11],[51.59,25.8],[51.61,25.22],[51.39,24.63],[51.11,24.56],[50.81,24.75]]]}},{"type":"Feature","properties":{"name":"Kuwait","level":"country"},"geometry":{"type":"Polygon","coordinates":[[[47.97,29.98],[48.18,29.53],[48.09,29.31],[48.42,28.55],[47.71,28.53],[47.46,29.0],[46.57,29.1],[47.3,30.06],[47.97,29.98]]]}},{"type":"Feature","properties":{"name":"Iraq","level":"country"},"geometry":{"type":"Polygon","coordinates":[[[39.2,32.16],[38.79,33.38],[41.01,34.42],[41.38,35.63],[41.29,36.36],[41.84,36.61],[42.35,37.23],[42.78,37.39],[43.94,37.26],[44.29,37.0],[44.77,37.17],[45.42,35.98],[46.08,35.68],[46.15,35.09],[45.65,34.75],[45.42,33.97],[46.11,33.02],[47.33,32.47],[47.85,31.71],[47.69,30.98],[48.0,30.99],[48.01,30.45],[48.57,29.93],[47.97,29.98],[47.3,30.06],[46.57,29.1],[44.71,29.18],[41.89,31.19],[40.4,31.89],[39.2,32.16]]]}},{"type":"Feature","properties":{"name":"Oman","level":"country"},"geometry":{"type":"MultiPolygon","coordinates":[[[[55.21,22.71],[55.23,23.11],[55.53,23.52],[55.53,23.93],[55.98,24.13],[55.8,24.27],[55.89,24.92],[56.4,24.92],[56.85,24.24],[57.4,23.88],[58.14,23.75],[58.73,23.57],[59.18,22.99],[59.45,22.66],[59.81,22.53],[59.81,22.31],[59.44,21.71],[59.28,21.43],[58.86,21.11],[58.49,20.43],[58.03,20.48],[57.83,20.24],[57.67,19.74],[57.79,19.07],[57.69,18.94],[57.23,18.95],[56.61,18.57],[56.51,18.09],[56.28,17.88],[55.66,17.88],[55.27,17.63],[55.27,17.23],[54.79,16.95],[54.24,17.04],[53.57,16.71],[53.11,16.65],[52.78,17.35],[52.0,19.0],[55.0,20.0],[55.67,22.0],[55.21,22.71]]],[[[56.26,25.71],[56.07,26.06],[56.36,26.4],[56.49,26.31],[56.39,25.9],[56.26,25.71]]]]}},{"type":"Feature","properties":{"name":"Vanuatu","level":"country"},"geometry":{"type":"MultiPolygon","coordinates":[[[[167.22,-15.89],[167.84,-16.47],[167.52,-16.6],[167.18,-16.16],[167.22,-15.89]]],[[[166.79,-15.67],[166.65,-15.39],[166.63,-14.63],[167.11,-14.93],[167.27,-15.74],[167.0,-15.61],[166.79,-15.67]]]]}},{"type":"Feature","properties":{"name":"Cambodia","level":"country"},"geometry":{"type":"Polygon","coordinates":[[[102.58,12.19],[102.35,13.39],[102.99,14.23],[104.28,14.42],[105.22,14.27],[106.04,13.88],[106.5,14.57],[107.38,14.2],[107.61,13.54],[107.49,12.34],[105.81,11.57],[106.25,10.96],[105.2,10.89],[104.33,10.49],[103.5,10.63],[103.09,11.15],[102.58,12.19]]]}},{"type":"Feature","properties":{"name":"Thailand","level":"country"},"geometry":{"type":"Polygon","coordinates":[[[105.22,14.27],[104.28,14.42],[102.99,14.23],[102.35,13.39],[102.58,12.19],[101.69,12.65],[100.83,12.63],[100.98,13.41],[100.1,13.41],[100.02,12.31],[99.48,10.85],[99.15,9.96],[99.22,9.24],[99.87,9.21],[100.28,8.3],[100.46,7.43],[101.02,6.86],[101.62,6.74],[102.14,6.22],[101.81,5.81],[101.15,5.69],[101.08,6.2],[100.26,6.64],[100.09,6.46],[99.69,6.85],[99.52,7.34],[98.99,7.91],[98.5,8.38],[98.34,7.79],[98.15,8.35],[98.26,8.97],[98.55,9.93],[99.04,10.96],[99.59,11.89],[99.2,12.8],[99.21,13.27],[99.1,13.83],[98.43,14.62],[98.19,15.12],[98.54,15.31],[98.9,16.18],[98.49,16.84],[97.86,17.57],[97.38,18.45],[97.8,18.63],[98.25,19.71],[98.96,19.75],[99.54,20.19],[100.12,20.42],[100.55,20.11],[100.61,19.51],[101.28,19.46],[101.04,18.41],[101.06,17.51],[102.11,18.11],[102.41,17.93],[103.0,17.96],[103.2,18.31],[103.96,18.24],[104.72,17.43],[104.78,16.44],[105.59,15.57],[105.54,14.72],[105.22,14.27]]]}},{"type":"Feature","properties":{"name":"Laos","level":"country"},"geometry":{"type":"Polygon","coordinates":[[[107.38,14.2],[106.5,14.57],[106.04,13.88],[105.22,14.27],[105.54,14.72],[105.59,15.57],[104.78,16.44],[104.72,17.43],[103.96,18.24],[103.2,18.31],[103.0,17.96],[102.41,17.93],[102.11,18.11],[101.06,17.51],[101.04,18.41],[101.28,19.46],[100.61,19.51],[100.55,20.11],[100.12,20.42],[100.33,20.79],[101.18,21.44],[101.27,21.2],[101.8,21.17],[101.65,22.32],[102.17,22.46],[102.75,21.68],[103.2,20.77],[104.44,20.76],[104.82,19.89],[104.18,19.62],[103.9,19.27],[105.09,18.67],[105.93,17.49],[106.56,16.6],[107.31,15.91],[107.56,15.2],[107.38,14.2]]]}},{"type":"Feature","properties":{"name":"Myanmar","level":"country"},"geometry":{"type":"Polygon","coordinates":[[[100.12,20.42],[99.54,20.19],[98.96,19.75],[98.25,19.71],[97.8,18.63],[97.38,18.45],[97.86,17.57],[98.49,16.84],[98.9,16.18],[98.54,15.31],[98.19,15.12],[98.43,14.62],[99.1,13.83],[99.21,13.27],[99.2,12.8],[99.59,11.89],[99.04,10.96],[98.55,9.93],[98.46,10.68],[98.76,11.44],[98.43,12.03],[98.51,13.12],[98.1,13.64],[97.78,14.84],[97.6,16.1],[97.16,16.93],[96.51,16.43],[95.37,15.71],[94.81,15.8],[94.19,16.04],[94.53,17.28],[94.32,18.21],[93.54,19.37],[93.66,19.73],[93.08,19.86],[92.37,20.67],[92.3,21.48],[92.65,21.32],[92.67,22.04],[93.17,22.28],[93.06,22.7],[93.29,23.04],[93.33,24.08],[94.11,23.85],[94.55,24.68],[94.6,25.16],[95.16,26.0],[95.12,26.57],[96.42,27.26],[97.13,27.08],[97.05,27.7],[97.4,27.88],[97.33,28.26],[97.91,28.34],[98.25,27.75],[98.68,27.51],[98.71,26.74],[98.67,25.92],[97.72,25.08],[97.6,23.9],[98.66,24.06],[98.9,23.14],[99.53,22.95],[99.24,22.12],[99.98,21.74],[100.42,21.56],[101.15,21.85],[101.18,21.44],[100.33,20.79],[100.12,20.42]]]}},{"type":"Feature","properties":{"name":"Vietnam","level":"country"},"geometry":{"type":"Polygon","coordinates":[[[104.33,10.49],[105.2,10.89],[106.25,10.96],[105.81,11.57],[107.49,12.34],[107.61,13.54],[107.38,14.2],[107.56,15.2],[107.31,15.91],[106.56,16.6],[105.93,17.49],[105.09,18.67],[103.9,19.27],[104.18,19.62],[104.82,19.89],[104.44,20.76],[103.2,20.77],[102.75,21.68],[102.17,22.46],[102.71,22.71],[103.5,22.7],[104.48,22.82],[105.33,23.35],[105.81,22.98],[106.73,22.79],[106.57,22.22],[107.04,21.81],[108.05,21.55],[106.72,20.7],[105.88,19.75],[105.66,19.06],[106.43,18.0],[107.36,16.7],[108.27,16.08],[108.88,15.28],[109.34,13.43],[109.2,11.67],[108.37,11.01],[107.22,10.36],[106.41,9.53],[105.16,8.6],[104.8,9.24],[105.08,9.92],[104.33,10.49]]]}},{"type":"Feature","properties":{"name":"North Korea","level":"country"},"geometry":{"type":"MultiPolygon","coordinates":[[[[130.78,42.22],[130.78,42.22],[130.78,42.22],[130.78,42.22]]],[[[130.64,42.4],[130.64,42.4],[130.78,42.22],[130.4,42.28],[129.97,41.94],[129.67,41.6],[129.71,40.88],[129.19,40.66],[129.01,40.49],[128.63,40.19],[127.97,40.03],[127.53,39.76],[127.5,39.32],[127.39,39.21],[127.78,39.05],[128.35,38.61],[128.21,38.37],[127.78,38.3],[127.07,38.26],[126.68,37.8],[126.24,37.84],[126.17,37.75],[125.69,37.94],[125.57,37.75],[125.28,37.67],[125.24,37.86],[124.98,37.95],[124.71,38.11],[124.99,38.55],[125.22,38.67],[125.13,38.85],[125.39,39.39],[125.32,39.55],[124.74,39.66],[124.27,39.93],[125.08,40.57],[126.18,41.11],[126.87,41.82],[127.34,41.5],[128.21,41.47],[128.05,41.99],[129.6,42.42],[129.99,42.99],[130.64,42.4]]]]}},{"type":"Feature","properties":{"name":"South Korea","level":"country"},"geometry":{"type":"Polygon","coordinates":[[[126.17,37.75],[126.24,37.84],[126.68,37.8],[127.07,38.26],[127.78,38.3],[128.21,38.37],[128.35,38.61],[129.21,37.43],[129.46,36.78],[129.47,35.63],[129.09,35.08],[128.19,34.89],[127.39,34.48],[126.49,34.39],[126.37,34.93],[126.56,35.68],[126.12,36.73],[126.86,36.89],[126.17,37.75]]]}},{"type":"Feature","properties":{"name":"Mongolia","level":"country"},"geometry":{"type":"Polygon","coordinates":[[[87.75,49.3],[88.81,49.47],[90.71,50.33],[92.23,50.8],[93.1,50.5],[94.15,50.48],[94.82,50.01],[95.81,49.98],[97.26,49.73],[98.23,50.42],[97.83,51.01],[98.86,52.05],[99.98,51.63],[100.89,51.52],[102.07,51.26],[102.26,50.51],[103.68,50.09],[104.62,50.28],[105.89,50.41],[106.89,50.27],[107.87,49.79],[108.48,49.28],[109.4,49.29],[110.66,49.13],[111.58,49.38],[112.9,49.54],[114.36,50.25],[114.96,50.14],[115.49,49.81],[116.68,49.89],[116.19,49.13],[115.49,48.14],[115.74,47.73],[116.31,47.85],[117.3,47.7],[118.06,48.07],[118.87,47.75],[119.77,47.05],[119.66,46.69],[118.87,46.81],[117.42,46.67],[116.72,46.39],[115.99,45.73],[114.46,45.34],[113.46,44.81],[112.44,45.01],[111.87,45.1],[111.35,44.46],[111.67,44.07],[111.83,43.74],[111.13,43.41],[110.41,42.87],[109.24,42.52],[107.74,42.48],[106.13,42.13],[104.96,41.6],[104.52,41.91],[103.31,41.91],[101.83,42.51],[100.85,42.66],[99.52,42.52],[97.45,42.75],[96.35,42.73],[95.76,43.32],[95.31,44.24],[94.69,44.35],[93.48,44.98],[92.13,45.12],[90.95,45.29],[90.59,45.72],[90.97,46.89],[90.28,47.69],[88.85,48.07],[88.01,48.6],[87.75,49.3]]]}},{"type":"Feature","properties":{"name":"India","level":"country"},"geometry":{"type":"Polygon","coordinates":[[[97.33,28.26],[97.4,27.88],[97.05,27.7],[97.13,27.08],[96.42,27.26],[95.12,26.57],[95.16,26.0],[94.6,25.16],[94.55,24.68],[94.11,23.85],[93.33,24.08],[93.29,23.04],[93.06,22.7],[93.17,22.28],[92.67,22.04],[92.15,23.63],[91.87,23.62],[91.71,22.99],[91.16,23.5],[91.47,24.07],[91.92,24.13],[92.38,24.98],[91.8,25.15],[90.87,25.13],[89.92,25.27],[89.83,25.97],[89.36,26.01],[88.56,26.45],[88.21,25.77],[88.93,25.24],[88.31,24.87],[88.08,24.5],[88.7,24.23],[88.53,23.63],[88.88,22.88],[89.03,22.06],[88.89,21.69],[88.21,21.7],[86.98,21.5],[87.03,20.74],[86.5,20.15],[85.06,19.48],[83.94,18.3],[83.19,17.67],[82.19,17.02],[82.19,16.56],[81.69,16.31],[80.79,15.95],[80.32,15.9],[80.03,15.14],[80.23,13.84],[80.29,13.01],[79.86,12.06],[79.86,10.36],[79.34,10.31],[78.89,9.55],[79.19,9.22],[78.28,8.93],[77.94,8.25],[77.54,7.97],[76.59,8.9],[76.13,10.3],[75.75,11.31],[75.4,11.78],[74.86,12.74],[74.62,13.99],[74.44,14.62],[73.53,15.99],[73.12,17.93],[72.82,19.21],[72.82,20.42],[72.63,21.36],[71.18,20.76],[70.47,20.88],[69.16,22.09],[69.64,22.45],[69.35,22.84],[68.18,23.69],[68.84,24.36],[71.04,24.36],[70.84,25.22],[70.28,25.72],[70.17,26.49],[69.51,26.94],[70.62,27.99],[71.78,27.91],[72.82,28.96],[73.45,29.98],[74.42,30.98],[74.41,31.69],[75.26,32.27],[74.45,32.76],[74.1,33.44],[73.75,34.32],[74.24,34.75],[75.76,34.5],[76.87,34.65],[77.84,35.49],[78.91,34.32],[78.81,33.51],[79.21,32.99],[79.18,32.48],[78.46,32.62],[78.74,31.52],[79.72,30.88],[81.11,30.18],[80.48,29.73],[80.09,28.79],[81.06,28.42],[82.0,27.93],[83.3,27.36],[84.68,27.23],[85.25,26.73],[86.02,26.63],[87.23,26.4],[88.06,26.41],[88.17,26.81],[88.04,27.45],[88.12,27.88],[88.73,28.09],[88.81,27.3],[88.84,27.1],[89.74,26.72],[90.37,26.88],[91.22,26.81],[92.03,26.84],[92.1,27.45],[91.7,27.77],[92.5,27.9],[93.41,28.64],[94.57,29.28],[95.4,29.03],[96.12,29.45],[96.59,28.83],[96.25,28.41],[97.33,28.26]]]}},{"type":"Feature","properties":{"name":"Bangladesh","level":"country"},"geometry":{"type":"Polygon","coordinates":[[[92.67,22.04],[92.65,21.32],[92.3,21.48],[92.37,20.67],[92.08,21.19],[92.03,21.7],[91.83,22.18],[91.42,22.77],[90.5,22.81],[90.59,22.39],[90.27,21.84],[89.85,22.04],[89.7,21.86],[89.42,21.97],[89.03,22.06],[88.88,22.88],[88.53,23.63],[88.7,24.23],[88.08,24.5],[88.31,24.87],[88.93,25.24],[88.21,25.77],[88.56,26.45],[89.36,26.01],[89.83,25.97],[89.92,25.27],[90.87,25.13],[91.8,25.15],[92.38,24.98],[91.92,24.13],[91.47,24.07],[91.16,23.5],[91.71,22.99],[91.87,23.62],[92.15,23.63],[92.67,22.04]]]}},{"type":"Feature","properties":{"name":"Bhutan","level":"country"},"geometry":{"type":"Polygon","coordinates":[[[91.7,27.77],[92.1,27.45],[92.03,26.84],[91.22,26.81],[90.37,26.88],[89.74,26.72],[88.84,27.1],[88.81,27.3],[89.48,28.04],[90.02,28.3],[90.73,28.06],[91.26,28.04],[91.7,27.77]]]}},{"type":"Feature","properties":{"name":"Nepal","level":"country"},"geometry":{"type":"Polygon","coordinates":[[[88.12,27.88],[88.04,27.45],[88.17,26.81],[88.06,26.41],[87.23,26.4],[86.02,26.63],[85.25,26.73],[84.68,27.23],[83.3,27.36],[82.0,27.93],[81.06,28.42],[80.09,28.79],[80.48,29.73],[81.11,30.18],[81.53,30.42],[82.33,30.12],[83.34,29.46],[83.9,29.32],[84.23,28.84],[85.01,28.64],[85.82,28.2],[86.95,27.97],[88.12,27.88]]]}},{"type":"Feature","properties":{"name":"Pakistan","level":"country"},"geometry":{"type":"Polygon","coordinates":[[[77.84,35.49],[76.87,34.65],[75.76,34.5],[74.24,34.75],[73.75,34.32],[74.1,33.44],[74.45,32.76],[75.26,32.27],[74.41,31.69],[74.42,30.98],[73.45,29.98],[72.82,28.96],[71.78,27.91],[70.62,27.99],[69.51,26.94],[70.17,26.49],[70.28,25.72],[70.84,25.22],[71.04,24.36],[68.84,24.36],[68.18,23.69],[67.44,23.94],[67.15,24.66],[66.37,25.43],[64.53,25.24],[62.91,25.22],[61.5,25.08],[61.87,26.24],[63.32,26.76],[63.23,27.22],[62.76,27.38],[62.73,28.26],[61.77,28.7],[61.37,29.3],[60.87,29.83],[62.55,29.32],[63.55,29.47],[64.15,29.34],[64.35,29.56],[65.05,29.47],[66.35,29.89],[66.38,30.74],[66.94,31.3],[67.68,31.3],[67.79,31.58],[68.56,31.71],[68.93,31.62],[69.32,31.9],[69.26,32.5],[69.69,33.11],[70.32,33.36],[69.93,34.02],[70.88,33.99],[71.16,34.35],[71.12,34.73],[71.61,35.15],[71.5,35.65],[71.26,36.07],[71.85,36.51],[72.92,36.72],[74.07,36.84],[74.58,37.02],[75.16,37.13],[75.9,36.67],[76.19,35.9],[77.84,35.49]]]}},{"type":"Feature","properties":{"name":"Afghanistan","level":"country"},"geometry":{"type":"Polygon","coordinates":[[[66.52,37.36],[67.08,37.36],[67.83,37.14],[68.14,37.02],[68.86,37.34],[69.2,37.15],[69.52,37.61],[70.12,37.59],[70.27,37.74],[70.38,38.14],[70.81,38.49],[71.35,38.26],[71.24,37.95],[71.54,37.91],[71.45,37.07],[71.84,36.74],[72.19,36.95],[72.64,37.05],[73.26,37.5],[73.95,37.42],[74.98,37.42],[75.16,37.13],[74.58,37.02],[74.07,36.84],[72.92,36.72],[71.85,36.51],[71.26,36.07],[71.5,35.65],[71.61,35.15],[71.12,34.73],[71.16,34.35],[70.88,33.99],[69.93,34.02],[70.32,33.36],[69.69,33.11],[69.26,32.5],[69.32,31.9],[68.93,31.62],[68.56,31.71],[67.79,31.58],[67.68,31.3],[66.94,31.3],[66.38,30.74],[66.35,29.89],[65.05,29.47],[64.35,29.56],[64.15,29.34],[63.55,29.47],[62.55,29.32],[60.87,29.83],[61.78,30.74],[61.7,31.38],[60.94,31.55],[60.86,32.18],[60.54,32.98],[60.96,33.53],[60.53,33.68],[60.8,34.4],[61.21,35.65],[62.23,35.27],[62.98,35.4],[63.19,35.86],[63.98,36.01],[64.55,36.31],[64.75,37.11],[65.59,37.31],[65.75,37.66],[66.22,37.39],[66.52,37.36]]]}},{"type":"Feature","properties":{"name":"Tajikistan","level":"country"},"geometry":{"type":"Polygon","coordinates":[[[67.83,37.14],[68.39,38.16],[68.18,38.9],[67.44,39.14],[67.7,39.58],[68.54,39.53],[69.01,40.09],[69.33,40.73],[70.67,40.96],[70.46,40.5],[70.6,40.22],[71.01,40.24],[70.65,39.94],[69.56,40.1],[69.46,39.53],[70.55,39.6],[71.78,39.28],[73.68,39.43],[73.93,38.51],[74.26,38.61],[74.86,38.38],[74.83,37.99],[74.98,37.42],[73.95,37.42],[73.26,37.5],[72.64,37.05],[72.19,36.95],[71.84,36.74],[71.45,37.07],[71.54,37.91],[71.24,37.95],[71.35,38.26],[70.81,38.49],[70.38,38.14],[70.27,37.74],[70.12,37.59],[69.52,37.61],[69.2,37.15],[68.86,37.34],[68.14,37.02],[67.83,37.14]]]}},{"type":"Feature","properties":{"name":"Kyrgyzstan","level":"country"},"geometry":{"type":"Polygon","coordinates":[[[70.96,42.27],[71.19,42.7],[71.84,42.85],[73.49,42.5],[73.65,43.09],[74.21,43.3],[75.64,42.88],[76.0,42.99],[77.66,42.96],[79.14,42.86],[79.64,42.5],[80.26,42.35],[80.12,42.12],[78.54,41.58],[78.19,41.19],[76.9,41.07],[76.53,40.43],[75.47,40.56],[74.78,40.37],[73.82,39.89],[73.96,39.66],[73.68,39.43],[71.78,39.28],[70.55,39.6],[69.46,39.53],[69.56,40.1],[70.65,39.94],[71.01,40.24],[71.77,40.15],[73.06,40.87],[71.87,41.39],[71.16,41.14],[70.42,41.52],[71.26,42.17],[70.96,42.27]]]}},{"type":"Feature","properties":{"name":"Turkmenistan","level":"country"},"geometry":{"type":"Polygon","coordinates":[[[52.5,41.78],[52.94,42.12],[54.08,42.32],[54.76,42.04],[55.46,41.26],[55.97,41.31],[57.1,41.32],[56.93,41.83],[57.79,42.17],[58.63,42.75],[59.98,42.22],[60.08,41.43],[60.47,41.22],[61.55,41.27],[61.88,41.08],[62.37,40.05],[63.52,39.36],[64.17,38.89],[65.22,38.4],[66.55,37.97],[66.52,37.36],[66.22,37.39],[65.75,37.66],[65.59,37.31],[64.75,37.11],[64.55,36.31],[63.98,36.01],[63.19,35.86],[62.98,35.4],[62.23,35.27],[61.21,35.65],[61.12,36.49],[60.38,36.53],[59.23,37.41],[58.44,37.52],[57.33,38.03],[56.62,38.12],[56.18,37.94],[55.51,37.96],[54.8,37.39],[53.92,37.2],[53.74,37.91],[53.88,38.95],[53.1,39.29],[53.36,39.98],[52.69,40.03],[52.92,40.88],[53.86,40.63],[54.74,40.95],[54.01,41.55],[53.72,42.12],[52.92,41.87],[52.81,41.14],[52.5,41.78]]]}},{"type":"Feature","properties":{"name":"Iran","level":"country"},"geometry":{"type":"Polygon","coordinates":[[[48.57,29.93],[48.01,30.45],[48.0,30.99],[47.69,30.98],[47.85,31.71],[47.33,32.47],[46.11,33.02],[45.42,33.97],[45.65,34.75],[46.15,35.09],[46.08,35.68],[45.42,35.98],[44.77,37.17],[44.77,37.17],[44.23,37.97],[44.42,38.28],[44.11,39.43],[44.79,39.71],[44.95,39.34],[45.46,38.87],[46.14,38.74],[46.51,38.77],[47.69,39.51],[48.06,39.58],[48.36,39.29],[48.01,38.79],[48.63,38.27],[48.88,38.32],[49.2,37.58],[50.15,37.37],[50.84,36.87],[52.26,36.7],[53.83,36.97],[53.92,37.2],[54.8,37.39],[55.51,37.96],[56.18,37.94],[56.62,38.12],[57.33,38.03],[58.44,37.52],[59.23,37.41],[60.38,36.53],[61.12,36.49],[61.21,35.65],[60.8,34.4],[60.53,33.68],[60.96,33.53],[60.54,32.98],[60.86,32.18],[60.94,31.55],[61.7,31.38],[61.78,30.74],[60.87,29.83],[61.37,29.3],[61.77,28.7],[62.73,28.26],[62.76,27.38],[63.23,27.22],[63.32,26.76],[61.87,26.24],[61.5,25.08],[59.62,25.38],[58.53,25.61],[57.4,25.74],[56.97,26.97],[56.49,27.14],[55.72,26.96],[54.72,26.48],[53.49,26.81],[52.48,27.58],[51.52,27.87],[50.85,28.81],[50.12,30.15],[49.58,29.99],[48.94,30.32],[48.57,29.93]]]}},{"type":"Feature","properties":{"name":"Syria","level":"country"},"geometry":{"type":"Polygon","coordinates":[[[35.72,32.71],[35.7,32.72],[35.84,32.87],[35.82,33.28],[36.07,33.82],[36.61,34.2],[36.45,34.59],[36.0,34.64],[35.91,35.41],[36.15,35.82],[36.42,36.04],[36.69,36.26],[36.74,36.82],[37.07,36.62],[38.17,36.9],[38.7,36.71],[39.52,36.72],[40.67,37.09],[41.21,37.07],[42.35,37.23],[41.84,36.61],[41.29,36.36],[41.38,35.63],[41.01,34.42],[38.79,33.38],[36.83,32.31],[35.72,32.71]]]}},{"type":"Feature","properties":{"name":"Armenia","level":"country"},"geometry":{"type":"Polygon","coordinates":[[[46.51,38.77],[46.14,38.74],[45.74,39.32],[45.74,39.47],[45.3,39.47],[45.0,39.74],[44.79,39.71],[44.4,40.01],[43.66,40.25],[43.75,40.74],[43.58,41.09],[44.97,41.25],[45.18,40.99],[45.56,40.81],[45.36,40.56],[45.89,40.22],[45.61,39.9],[46.03,39.63],[46.48,39.46],[46.51,38.77]]]}},{"type":"Feature","properties":{"name":"Sweden","level":"country"},"geometry":{"type":"Polygon","coordinates":[[[11.03,58.86],[11.47,59.43],[12.3,60.12],[12.63,61.29],[11.99,61.8],[11.93,63.13],[12.58,64.07],[13.57,64.05],[13.92,64.45],[13.56,64.79],[15.11,66.19],[16.11,67.3],[16.77,68.01],[17.73,68.01],[17.99,68.57],[19.88,68.41],[20.03,69.07],[20.65,69.11],[21.98,68.62],[23.54,67.94],[23.57,66.4],[23.9,66.01],[22.18,65.72],[21.21,65.03],[21.37,64.41],[19.78,63.61],[17.85,62.75],[17.12,61.34],[17.83,60.64],[18.79,60.08],[17.87,58.95],[16.83,58.72],[16.45,57.04],[15.88,56.1],[14.67,56.2],[14.1,55.41],[12.94,55.36],[12.63,56.31],[11.79,57.44],[11.03,58.86]]]}},{"type":"Feature","properties":{"name":"Belarus","level":"country"},"geometry":{"type":"Polygon","coordinates":[[[28.18,56.17],[29.23,55.92],[29.37,55.67],[29.9,55.79],[30.87,55.55],[30.97,55.08],[30.76,54.81],[31.38,54.16],[31.79,53.97],[31.73,53.79],[32.41,53.62],[32.69,53.35],[32.3,53.13],[31.5,53.17],[31.31,53.07],[31.54,52.74],[31.79,52.1],[31.79,52.1],[30.93,52.04],[30.62,51.82],[30.56,51.32],[30.16,51.42],[29.25,51.37],[28.99,51.6],[28.62,51.43],[28.24,51.57],[27.45,51.59],[26.34,51.83],[25.33,51.91],[24.55,51.89],[24.01,51.62],[23.53,51.58],[23.51,52.02],[23.2,52.49],[23.8,52.69],[23.8,53.09],[23.53,53.47],[23.48,53.91],[24.45,53.91],[25.54,54.28],[25.77,54.85],[26.59,55.17],[26.49,55.62],[27.1,55.78],[28.18,56.17]]]}},{"type":"Feature","properties":{"name":"Ukraine","level":"country"},"geometry":{"type":"Polygon","coordinates":[[[31.79,52.1],[32.16,52.06],[32.41,52.29],[32.72,52.24],[33.75,52.34],[34.39,51.77],[34.14,51.57],[34.22,51.26],[35.02,51.21],[35.38,50.77],[35.36,50.58],[36.63,50.23],[37.39,50.38],[38.01,49.92],[38.59,49.93],[40.07,49.6],[40.08,49.31],[39.67,48.78],[39.9,48.23],[39.74,47.9],[38.77,47.83],[38.26,47.55],[38.22,47.1],[37.43,47.02],[36.76,46.7],[35.82,46.65],[34.96,46.27],[35.01,45.74],[34.86,45.77],[34.73,45.97],[34.41,46.01],[33.7,46.22],[33.44,45.97],[33.3,46.08],[31.74,46.33],[31.68,46.71],[30.75,46.58],[30.38,46.03],[29.6,45.29],[29.15,45.46],[28.68,45.3],[28.23,45.49],[28.49,45.6],[28.66,45.94],[28.93,46.26],[28.86,46.44],[29.07,46.52],[29.17,46.38],[29.76,46.35],[30.02,46.42],[29.84,46.53],[29.91,46.67],[29.56,46.93],[29.42,47.35],[29.05,47.51],[29.12,47.85],[28.67,48.12],[28.26,48.16],[27.52,48.47],[26.86,48.37],[26.62,48.22],[26.2,48.22],[25.95,47.99],[25.21,47.89],[24.87,47.74],[24.4,47.98],[23.76,47.99],[23.14,48.1],[22.71,47.88],[22.64,48.15],[22.09,48.42],[22.28,48.83],[22.56,49.09],[22.78,49.03],[22.52,49.48],[23.43,50.31],[23.92,50.42],[24.03,50.71],[23.53,51.58],[24.01,51.62],[24.55,51.89],[25.33,51.91],[26.34,51.83],[27.45,51.59],[28.24,51.57],[28.62,51.43],[28.99,51.6],[29.25,51.37],[30.16,51.42],[30.56,51.32],[30.62,51.82],[30.93,52.04],[31.79,52.1]]]}},{"type":"Feature","properties":{"name":"Poland","level":"country"},"geometry":{"type":"Polygon","coordinates":[[[23.48,53.91],[23.53,53.47],[23.8,53.09],[23.8,52.69],[23.2,52.49],[23.51,52.02],[23.53,51.58],[24.03,50.71],[23.92,50.42],[23.43,50.31],[22.52,49.48],[22.78,49.03],[22.56,49.09],[21.61,49.47],[20.89,49.33],[20.42,49.43],[19.83,49.22],[19.32,49.57],[18.91,49.44],[18.85,49.5],[18.39,49.99],[17.65,50.05],[17.55,50.36],[16.87,50.47],[16.72,50.22],[16.18,50.42],[16.24,50.7],[15.49,50.78],[15.02,51.11],[14.61,51.75],[14.69,52.09],[14.44,52.62],[14.07,52.98],[14.35,53.25],[14.12,53.76],[14.8,54.05],[16.36,54.51],[17.62,54.85],[18.62,54.68],[18.7,54.44],[19.66,54.43],[20.89,54.31],[22.73,54.33],[23.24,54.22],[23.48,53.91]]]}},{"type":"Feature","properties":{"name":"Austria","level":"country"},"geometry":{"type":"Polygon","coordinates":[[[16.98,48.12],[16.9,47.71],[16.34,47.71],[16.53,47.5],[16.2,46.85],[16.01,46.68],[15.14,46.66],[14.63,46.43],[13.81,46.51],[12.38,46.77],[12.15,47.12],[11.16,46.94],[11.05,46.75],[10.44,46.89],[9.93,46.92],[9.48,47.1],[9.63,47.35],[9.59,47.53],[9.9,47.58],[10.4,47.3],[10.54,47.57],[11.43,47.52],[12.14,47.7],[12.62,47.67],[12.93,47.47],[13.03,47.64],[12.88,48.29],[13.24,48.42],[13.6,48.88],[14.34,48.56],[14.9,48.96],[15.25,49.04],[16.03,48.73],[16.5,48.79],[16.96,48.6],[16.88,48.47],[16.98,48.12]]]}},{"type":"Feature","properties":{"name":"Hungary","level":"country"},"geometry":{"type":"Polygon","coordinates":[[[22.09,48.42],[22.64,48.15],[22.71,47.88],[22.1,47.67],[21.63,46.99],[21.02,46.32],[20.22,46.13],[19.6,46.17],[18.83,45.91],[18.83,45.91],[18.46,45.76],[17.63,45.95],[16.88,46.38],[16.56,46.5],[16.37,46.84],[16.2,46.85],[16.53,47.5],[16.34,47.71],[16.9,47.71],[16.98,48.12],[17.49,47.87],[17.86,47.76],[18.7,47.88],[18.78,48.08],[19.17,48.11],[19.66,48.27],[19.77,48.2],[20.24,48.33],[20.47,48.56],[20.8,48.62],[21.87,48.32],[22.09,48.42]]]}},{"type":"Feature","properties":{"name":"Moldova","level":"country"},"geometry":{"type":"Polygon","coordinates":[[[26.62,48.22],[26.86,48.37],[27.52,48.47],[28.26,48.16],[28.67,48.12],[29.12,47.85],[29.05,47.51],[29.42,47.35],[29.56,46.93],[29.91,46.67],[29.84,46.53],[30.02,46.42],[29.76,46.35],[29.17,46.38],[29.07,46.52],[28.86,46.44],[28.93,46.26],[28.66,45.94],[28.49,45.6],[28.23,45.49],[28.05,45.94],[28.16,46.37],[28.13,46.81],[27.55,47.41],[27.23,47.83],[26.92,48.12],[26.62,48.22]]]}},{"type":"Feature","properties":{"name":"Romania","level":"country"},"geometry":{"type":"Polygon","coordinates":[[[28.23,45.49],[28.68,45.3],[29.15,45.46],[29.6,45.29],[29.63,45.04],[29.14,44.82],[28.84,44.91],[28.56,43.71],[27.97,43.81],[27.24,44.18],[26.07,43.94],[25.57,43.69],[24.1,43.74],[23.33,43.9],[22.94,43.82],[22.66,44.23],[22.47,44.41],[22.71,44.58],[22.46,44.7],[22.15,44.48],[21.56,44.77],[21.48,45.18],[20.87,45.42],[20.76,45.73],[20.22,46.13],[21.02,46.32],[21.63,46.99],[22.1,47.67],[22.71,47.88],[23.14,48.1],[23.76,47.99],[24.4,47.98],[24.87,47.74],[25.21,47.89],[25.95,47.99],[26.2,48.22],[26.62,48.22],[26.92,48.12],[27.23,47.83],[27.55,47.41],[28.13,46.81],[28.16,46.37],[28.05,45.94],[28.23,45.49]]]}},{"type":"Feature","properties":{"name":"Lithuania","level":"country"},"geometry":{"type":"Polygon","coordinates":[[[26.49,55.62],[26.59,55.17],[25.77,54.85],[25.54,54.28],[24.45,53.91],[23.48,53.91],[23.24,54.22],[22.73,54.33],[22.65,54.58],[22.76,54.86],[22.32,55.02],[21.27,55.19],[21.06,56.03],[22.2,56.34],[23.88,56.27],[24.86,56.37],[25.0,56.16],[25.53,56.1],[26.49,55.62]]]}},{"type":"Feature","properties":{"name":"Latvia","level":"country"},"geometry":{"type":"Polygon","coordinates":[[[27.29,57.47],[27.77,57.24],[27.86,56.76],[28.18,56.17],[27.1,55.78],[26.49,55.62],[25.53,56.1],[25.0,56.16],[24.86,56.37],[23.88,56.27],[22.2,56.34],[21.06,56.03],[21.09,56.78],[21.58,57.41],[22.52,57.75],[23.32,57.01],[24.12,57.03],[24.31,57.79],[25.16,57.97],[25.6,57.85],[26.46,57.48],[27.29,57.47]]]}},{"type":"Feature","properties":{"name":"Estonia","level":"country"},"geometry":{"type":"Polygon","coordinates":[[[27.98,59.48],[27.98,59.48],[28.13,59.3],[27.42,58.72],[27.72,57.79],[27.29,57.47],[26.46,57.48],[25.6,57.85],[25.16,57.97],[24.31,57.79],[24.43,58.38],[24.06,58.26],[23.43,58.61],[23.34,59.19],[24.6,59.47],[25.86,59.61],[26.95,59.45],[27.98,59.48],[27.98,59.48]]]}},{"type":"Feature","properties":{"name":"Germany","level":"country"},"geometry":{"type":"Polygon","coordinates":[[[14.12,53.76],[14.35,53.25],[14.07,52.98],[14.44,52.62],[14.69,52.09],[14.61,51.75],[15.02,51.11],[14.57,51.0],[14.31,51.12],[14.06,50.93],[13.34,50.73],[12.97,50.48],[12.24,50.27],[12.42,49.97],[12.52,49.55],[13.03,49.31],[13.6,48.88],[13.24,48.42],[12.88,48.29],[13.03,47.64],[12.93,47.47],[12.62,47.67],[12.14,47.7],[11.43,47.52],[10.54,47.57],[10.4,47.3],[9.9,47.58],[9.59,47.53],[8.52,47.83],[8.32,47.61],[7.47,47.62],[7.59,48.33],[8.1,49.02],[6.66,49.2],[6.19,49.46],[6.24,49.9],[6.04,50.13],[6.16,50.8],[5.99,51.85],[6.59,51.85],[6.84,52.23],[7.09,53.14],[6.91,53.48],[7.1,53.69],[7.94,53.75],[8.12,53.53],[8.8,54.02],[8.57,54.4],[8.53,54.96],[9.28,54.83],[9.92,54.98],[9.94,54.6],[10.95,54.36],[10.94,54.01],[11.96,54.2],[12.52,54.47],[13.65,54.08],[14.12,53.76]]]}},{"type":"Feature","properties":{"name":"Bulgaria","level":"country"},"geometry":{"type":"Polygon","coordinates":[[[22.66,44.23],[22.94,43.82],[23.33,43.9],[24.1,43.74],[25.57,43.69],[26.07,43.94],[27.24,44.18],[27.97,43.81],[28.56,43.71],[28.04,43.29],[27.67,42.58],[28.0,42.01],[27.14,42.14],[26.12,41.83],[26.11,41.33],[25.2,41.23],[24.49,41.58],[23.69,41.31],[22.95,41.34],[22.88,42.0],[22.38,42.32],[22.55,42.46],[22.44,42.58],[22.6,42.9],[22.99,43.21],[22.5,43.64],[22.41,44.01],[22.66,44.23]]]}},{"type":"Feature","properties":{"name":"Greece","level":"country"},"geometry":{"type":"MultiPolygon","coordinates":[[[[26.29,35.3],[26.16,35.0],[24.72,34.92],[24.74,35.08],[23.51,35.28],[23.7,35.71],[24.25,35.37],[25.03,35.42],[25.77,35.35],[25.75,35.18],[26.29,35.3]]],[[[22.95,41.34],[23.69,41.31],[24.49,41.58],[25.2,41.23],[26.11,41.33],[26.12,41.83],[26.6,41.56],[26.29,40.94],[26.06,40.82],[25.45,40.85],[24.93,40.95],[23.71,40.69],[24.41,40.12],[23.9,39.96],[23.34,39.96],[22.81,40.48],[22.63,40.26],[22.85,39.66],[23.35,39.19],[22.97,38.97],[23.53,38.51],[24.03,38.22],[24.04,37.66],[23.12,37.92],[23.41,37.41],[22.77,37.31],[23.15,36.42],[22.49,36.41],[21.67,36.84],[21.3,37.64],[21.12,38.31],[20.73,38.77],[20.22,39.34],[20.15,39.62],[20.61,40.11],[20.67,40.44],[21.0,40.58],[21.02,40.84],[21.67,40.93],[22.06,41.15],[22.6,41.13],[22.76,41.3],[22.95,41.34]]]]}},{"type":"Feature","properties":{"name":"Turkey","level":"country"},"geometry":{"type":"MultiPolygon","coordinates":[[[[44.77,37.17],[44.29,37.0],[43.94,37.26],[42.78,37.39],[42.35,37.23],[41.21,37.07],[40.67,37.09],[39.52,36.72],[38.7,36.71],[38.17,36.9],[37.07,36.62],[36.74,36.82],[36.69,36.26],[36.42,36.04],[36.15,35.82],[35.78,36.27],[36.16,36.65],[35.55,36.57],[34.71,36.8],[34.03,36.22],[32.51,36.11],[31.7,36.64],[30.62,36.68],[30.39,36.26],[29.7,36.14],[28.73,36.68],[27.64,36.66],[27.05,37.65],[26.32,38.21],[26.8,38.99],[26.17,39.46],[27.28,40.42],[28.82,40.46],[29.24,41.22],[31.15,41.09],[32.35,41.74],[33.51,42.02],[35.17,42.04],[36.91,41.34],[38.35,40.95],[39.51,41.1],[40.37,41.01],[41.55,41.54],[42.62,41.58],[43.58,41.09],[43.75,40.74],[43.66,40.25],[44.4,40.01],[44.79,39.71],[44.11,39.43],[44.42,38.28],[44.23,37.97],[44.77,37.17],[44.77,37.17]]],[[[26.12,41.83],[27.14,42.14],[28.0,42.01],[28.12,41.62],[28.99,41.3],[28.81,41.05],[27.62,41.0],[27.19,40.69],[26.36,40.15],[26.04,40.62],[26.06,40.82],[26.29,40.94],[26.6,41.56],[26.12,41.83]]]]}},{"type":"Feature","properties":{"name":"Albania","level":"country"},"geometry":{"type":"Polygon","coordinates":[[[21.02,40.84],[21.0,40.58],[20.67,40.44],[20.61,40.11],[20.15,39.62],[19.98,39.69],[19.96,39.92],[19.41,40.25],[19.32,40.73],[19.4,41.41],[19.54,41.72],[19.37,41.88],[19.37,41.88],[19.3,42.2],[19.74,42.69],[19.8,42.5],[20.07,42.59],[20.28,42.32],[20.52,42.22],[20.59,41.86],[20.59,41.86],[20.46,41.52],[20.61,41.09],[21.02,40.84]]]}},{"type":"Feature","properties":{"name":"Croatia","level":"country"},"geometry":{"type":"Polygon","coordinates":[[[16.56,46.5],[16.88,46.38],[17.63,45.95],[18.46,45.76],[18.83,45.91],[19.07,45.52],[19.39,45.24],[19.01,44.86],[18.55,45.08],[17.86,45.07],[17.0,45.23],[16.53,45.21],[16.32,45.0],[15.96,45.23],[15.75,44.82],[16.24,44.35],[16.46,44.04],[16.92,43.67],[17.3,43.45],[17.67,43.03],[18.56,42.65],[18.45,42.48],[18.45,42.48],[17.51,42.85],[16.93,43.21],[16.02,43.51],[15.17,44.24],[15.38,44.32],[14.92,44.74],[14.9,45.08],[14.26,45.23],[13.95,44.8],[13.66,45.14],[13.68,45.48],[13.72,45.5],[14.41,45.47],[14.6,45.63],[14.94,45.47],[15.33,45.45],[15.32,45.73],[15.67,45.83],[15.77,46.24],[16.56,46.5]]]}},{"type":"Feature","properties":{"name":"Switzerland","level":"country"},"geometry":{"type":"Polygon","coordinates":[[[9.59,47.53],[9.63,47.35],[9.48,47.1],[9.93,46.92],[10.44,46.89],[10.36,46.48],[9.92,46.31],[9.18,46.44],[8.97,46.04],[8.49,46.01],[8.32,46.16],[7.76,45.82],[7.27,45.78],[6.84,45.99],[6.5,46.43],[6.02,46.27],[6.04,46.73],[6.77,47.29],[6.74,47.54],[7.19,47.45],[7.47,47.62],[8.32,47.61],[8.52,47.83],[9.59,47.53]]]}},{"type":"Feature","properties":{"name":"Luxembourg","level":"country"},"geometry":{"type":"Polygon","coordinates":[[[6.04,50.13],[6.24,49.9],[6.19,49.46],[5.9,49.44],[5.67,49.53],[5.78,50.09],[6.04,50.13]]]}},{"type":"Feature","properties":{"name":"Belgium","level":"country"},"geometry":{"type":"Polygon","coordinates":[[[6.16,50.8],[6.04,50.13],[5.78,50.09],[5.67,49.53],[4.8,49.99],[4.29,49.91],[3.59,50.38],[3.12,50.78],[2.66,50.8],[2.51,51.15],[3.31,51.35],[3.32,51.35],[3.31,51.35],[4.05,51.27],[4.97,51.48],[5.61,51.04],[6.16,50.8]]]}},{"type":"Feature","properties":{"name":"Netherlands","level":"country"},"geometry":{"type":"Polygon","coordinates":[[[6.91,53.48],[7.09,53.14],[6.84,52.23],[6.59,51.85],[5.99,51.85],[6.16,50.8],[5.61,51.04],[4.97,51.48],[4.05,51.27],[3.31,51.35],[3.32,51.35],[3.83,51.62],[4.71,53.09],[6.07,53.51],[6.91,53.48]]]}},{"type":"Feature","properties":{"name":"Portugal","level":"country"},"geometry":{"type":"Polygon","coordinates":[[[-9.03,41.88],[-8.67,42.13],[-8.26,42.28],[-8.01,41.79],[-7.42,41.79],[-7.25,41.92],[-6.67,41.88],[-6.39,41.38],[-6.85,41.11],[-6.86,40.33],[-7.03,40.18],[-7.07,39.71],[-7.5,39.63],[-7.1,39.03],[-7.37,38.37],[-7.03,38.08],[-7.17,37.8],[-7.54,37.43],[-7.45,37.1],[-7.86,36.84],[-8.38,36.98],[-8.9,36.87],[-8.75,37.65],[-8.84,38.27],[-9.29,38.36],[-9.53,38.74],[-9.45,39.39],[-9.05,39.76],[-8.98,40.16],[-8.77,40.76],[-8.79,41.18],[-8.99,41.54],[-9.03,41.88]]]}},{"type":"Feature","properties":{"name":"Spain","level":"country"},"geometry":{"type":"Polygon","coordinates":[[[-7.45,37.1],[-7.54,37.43],[-7.17,37.8],[-7.03,38.08],[-7.37,38.37],[-7.1,39.03],[-7.5,39.63],[-7.07,39.71],[-7.03,40.18],[-6.86,40.33],[-6.85,41.11],[-6.39,41.38],[-6.67,41.88],[-7.25,41.92],[-7.42,41.79],[-8.01,41.79],[-8.26,42.28],[-8.67,42.13],[-9.03,41.88],[-8.98,42.59],[-9.39,43.03],[-7.98,43.75],[-6.75,43.57],[-5.41,43.57],[-4.35,43.4],[-3.52,43.46],[-1.9,43.42],[-1.5,43.03],[0.34,42.58],[0.7,42.8],[1.83,42.34],[2.99,42.47],[3.04,41.89],[2.09,41.23],[0.81,41.01],[0.72,40.68],[0.11,40.12],[-0.28,39.31],[0.11,38.74],[-0.47,38.29],[-0.68,37.64],[-1.44,37.44],[-2.15,36.67],[-3.42,36.66],[-4.37,36.68],[-5.0,36.32],[-5.38,35.95],[-5.87,36.03],[-6.24,36.37],[-6.52,36.94],[-7.45,37.1]]]}},{"type":"Feature","properties":{"name":"Ireland","level":"country"},"geometry":{"type":"Polygon","coordinates":[[[-6.2,53.87],[-6.03,53.15],[-6.79,52.26],[-8.56,51.67],[-9.98,51.82],[-9.17,52.86],[-9.69,53.88],[-8.33,54.66],[-7.57,55.13],[-7.37,54.6],[-7.57,54.06],[-6.95,54.07],[-6.2,53.87]]]}},{"type":"Feature","properties":{"name":"New Caledonia","level":"country"},"geometry":{"type":"Polygon","coordinates":[[[165.78,-21.08],[166.6,-21.7],[167.12,-22.16],[166.74,-22.4],[166.19,-22.13],[165.47,-21.68],[164.83,-21.15],[164.17,-20.44],[164.03,-20.11],[164.46,-20.12],[165.02,-20.46],[165.46,-20.8],[165.78,-21.08]]]}},{"type":"Feature","properties":{"name":"Solomon Is.","level":"country"},"geometry":{"type":"MultiPolygon","coordinates":[[[[162.12,-10.48],[162.4,-10.83],[161.7,-10.82],[161.32,-10.2],[161.92,-10.45],[162.12,-10.48]]],[[[161.68,-9.6],[161.53,-9.78],[160.79,-8.92],[160.58,-8.32],[160.92,-8.32],[161.28,-9.12],[161.68,-9.6]]],[[[160.85,-9.87],[160.46,-9.9],[159.85,-9.79],[159.64,-9.64],[159.7,-9.24],[160.36,-9.4],[160.69,-9.61],[160.85,-9.87]]],[[[159.64,-8.02],[159.88,-8.34],[159.92,-8.54],[159.13,-8.11],[158.59,-7.75],[158.21,-7.42],[158.36,-7.32],[158.82,-7.56],[159.64,-8.02]]],[[[157.14,-7.02],[157.54,-7.35],[157.34,-7.4],[156.9,-7.18],[156.49,-6.77],[156.54,-6.6],[157.14,-7.02]]]]}},{"type":"Feature","properties":{"name":"New Zealand","level":"country"},"geometry":{"type":"MultiPolygon","coordinates":[[[[176.89,-40.07],[176.51,-40.6],[176.01,-41.29],[175.24,-41.69],[175.07,-41.43],[174.65,-41.28],[175.23,-40.46],[174.9,-39.91],[173.82,-39.51],[173.85,-39.15],[174.57,-38.8],[174.74,-38.03],[174.7,-37.38],[174.29,-36.71],[174.32,-36.53],[173.84,-36.12],[173.05,-35.24],[172.64,-34.53],[173.01,-34.45],[173.55,-35.01],[174.33,-35.27],[174.61,-36.16],[175.34,-37.21],[175.36,-36.53],[175.81,-36.8],[175.96,-37.56],[176.76,-37.88],[177.44,-37.96],[178.01,-37.58],[178.52,-37.7],[178.27,-38.58],[177.97,-39.17],[177.21,-39.15],[176.94,-39.45],[177.03,-39.88],[176.89,-40.07]]],[[[169.67,-43.56],[170.52,-43.03],[171.13,-42.51],[171.57,-41.77],[171.95,-41.51],[172.1,-40.96],[172.8,-40.49],[173.02,-40.92],[173.25,-41.33],[173.96,-40.93],[174.25,-41.35],[174.25,-41.77],[173.88,-42.23],[173.22,-42.97],[172.71,-43.37],[173.08,-43.85],[172.31,-43.87],[171.45,-44.24],[171.19,-44.9],[170.62,-45.91],[169.83,-46.36],[169.33,-46.64],[168.41,-46.62],[167.76,-46.29],[166.68,-46.22],[166.51,-45.85],[167.05,-45.11],[168.3,-44.12],[168.95,-43.94],[169.67,-43.56]]]]}},{"type":"Feature","properties":{"name":"Australia","level":"country"},"geometry":{"type":"MultiPolygon","coordinates":[[[[147.69,-40.81],[148.29,-40.88],[148.36,-42.06],[148.02,-42.41],[147.91,-43.21],[147.56,-42.94],[146.87,-43.63],[146.66,-43.58],[146.05,-43.55],[145.43,-42.69],[145.3,-42.03],[144.72,-41.16],[144.74,-40.7],[145.4,-40.79],[146.36,-41.14],[146.91,-41.0],[147.69,-40.81]]],[[[126.15,-32.22],[125.09,-32.73],[124.22,-32.96],[124.03,-33.48],[123.66,-33.89],[122.81,-33.91],[122.18,-34.0],[121.3,-33.82],[120.58,-33.93],[119.89,-33.98],[119.3,-34.51],[119.01,-34.46],[118.51,-34.75],[118.02,-35.06],[117.3,-35.03],[116.63,-35.03],[115.56,-34.39],[115.03,-34.2],[115.05,-33.62],[115.55,-33.49],[115.71,-33.26],[115.68,-32.9],[115.8,-32.21],[115.69,-31.61],[115.16,-30.6],[115.0,-30.03],[115.04,-29.46],[114.64,-28.81],[114.62,-28.52],[114.17,-28.12],[114.05,-27.33],[113.48,-26.54],[113.34,-26.12],[113.78,-26.55],[113.44,-25.62],[113.94,-25.91],[114.23,-26.3],[114.22,-25.79],[113.72,-25.0],[113.63,-24.68],[113.39,-24.38],[113.5,-23.81],[113.71,-23.56],[113.84,-23.06],[113.74,-22.48],[114.15,-21.76],[114.23,-22.52],[114.65,-21.83],[115.46,-21.5],[115.95,-21.07],[116.71,-20.7],[117.17,-20.62],[117.44,-20.75],[118.23,-20.37],[118.84,-20.26],[118.99,-20.04],[119.25,-19.95],[119.81,-19.98],[120.86,-19.68],[121.4,-19.24],[121.66,-18.71],[122.24,-18.2],[122.29,-17.8],[122.31,-17.25],[123.01,-16.41],[123.43,-17.27],[123.86,-17.07],[123.5,-16.6],[123.82,-16.11],[124.26,-16.33],[124.38,-15.57],[124.93,-15.08],[125.17,-14.68],[125.67,-14.51],[125.69,-14.23],[126.13,-14.35],[126.14,-14.1],[126.58,-13.95],[127.07,-13.82],[127.8,-14.28],[128.36,-14.87],[128.99,-14.88],[129.62,-14.97],[129.41,-14.42],[129.89,-13.62],[130.34,-13.36],[130.18,-13.11],[130.62,-12.54],[131.22,-12.18],[131.74,-12.3],[132.58,-12.11],[132.56,-11.6],[131.82,-11.27],[132.36,-11.13],[133.02,-11.38],[133.55,-11.79],[134.39,-12.04],[134.68,-11.94],[135.3,-12.25],[135.88,-11.96],[136.26,-12.05],[136.49,-11.86],[136.95,-12.35],[136.69,-12.89],[136.31,-13.29],[135.96,-13.32],[136.08,-13.72],[135.78,-14.22],[135.43,-14.72],[135.5,-15.0],[136.3,-15.55],[137.07,-15.87],[137.58,-16.22],[138.3,-16.81],[138.59,-16.81],[139.11,-17.06],[139.26,-17.37],[140.22,-17.71],[140.88,-17.37],[141.07,-16.83],[141.27,-16.39],[141.4,-15.84],[141.7,-15.04],[141.56,-14.56],[141.64,-14.27],[141.52,-13.7],[141.65,-12.94],[141.84,-12.74],[141.69,-12.41],[141.93,-11.88],[142.12,-11.33],[142.14,-11.04],[142.52,-10.67],[142.8,-11.16],[142.87,-11.78],[143.12,-11.91],[143.16,-12.33],[143.52,-12.83],[143.6,-13.4],[143.56,-13.76],[143.92,-14.55],[144.56,-14.17],[144.89,-14.59],[145.37,-14.98],[145.27,-15.43],[145.49,-16.29],[145.64,-16.78],[145.89,-16.91],[146.16,-17.76],[146.06,-18.28],[146.39,-18.96],[147.47,-19.48],[148.18,-19.96],[148.85,-20.39],[148.72,-20.63],[149.29,-21.26],[149.68,-22.34],[150.08,-22.12],[150.48,-22.56],[150.73,-22.4],[150.9,-23.46],[151.61,-24.08],[152.07,-24.46],[152.86,-25.27],[153.14,-26.07],[153.16,-26.64],[153.09,-27.26],[153.57,-28.11],[153.51,-29.0],[153.34,-29.46],[153.07,-30.35],[153.09,-30.92],[152.89,-31.64],[152.45,-32.55],[151.71,-33.04],[151.34,-33.82],[151.01,-34.31],[150.71,-35.17],[150.33,-35.67],[150.08,-36.42],[149.95,-37.11],[150.0,-37.43],[149.42,-37.77],[148.3,-37.81],[147.38,-38.22],[146.92,-38.61],[146.32,-39.04],[145.49,-38.59],[144.88,-38.42],[145.03,-37.9],[144.49,-38.09],[143.61,-38.81],[142.75,-38.54],[142.18,-38.38],[141.61,-38.31],[140.64,-38.02],[139.99,-37.4],[139.81,-36.64],[139.57,-36.14],[139.08,-35.73],[138.12,-35.61],[138.45,-35.13],[138.21,-34.38],[137.72,-35.08],[136.83,-35.26],[137.35,-34.71],[137.5,-34.13],[137.89,-33.64],[137.81,-32.9],[137.0,-33.75],[136.37,-34.09],[135.99,-34.89],[135.21,-34.48],[135.24,-33.95],[134.61,-33.22],[134.09,-32.85],[134.27,-32.62],[132.99,-32.01],[132.29,-31.98],[131.33,-31.5],[129.54,-31.59],[128.24,-31.95],[127.1,-32.28],[126.15,-32.22]]]]}},{"type":"Feature","properties":{"name":"Sri Lanka","level":"country"},"geometry":{"type":"Polygon","coordinates":[[[81.79,7.52],[81.64,6.48],[81.22,6.2],[80.35,5.97],[79.87,6.76],[79.7,8.2],[80.15,9.82],[80.84,9.27],[81.3,8.56],[81.79,7.52]]]}},{"type":"Feature","properties":{"name":"China","level":"country"},"geometry":{"type":"MultiPolygon","coordinates":[[[[109.48,18.2],[108.66,18.51],[108.63,19.37],[109.12,19.82],[110.21,20.1],[110.79,20.08],[111.01,19.7],[110.57,19.26],[110.34,18.68],[109.48,18.2]]],[[[80.26,42.35],[80.18,42.92],[80.87,43.18],[79.97,44.92],[81.95,45.32],[82.46,45.54],[83.18,47.33],[85.16,47.0],[85.72,47.45],[85.77,48.46],[86.6,48.55],[87.36,49.21],[87.75,49.3],[88.01,48.6],[88.85,48.07],[90.28,47.69],[90.97,46.89],[90.59,45.72],[90.95,45.29],[92.13,45.12],[93.48,44.98],[94.69,44.35],[95.31,44.24],[95.76,43.32],[96.35,42.73],[97.45,42.75],[99.52,42.52],[100.85,42.66],[101.83,42.51],[103.31,41.91],[104.52,41.91],[104.96,41.6],[106.13,42.13],[107.74,42.48],[109.24,42.52],[110.41,42.87],[111.13,43.41],[111.83,43.74],[111.67,44.07],[111.35,44.46],[111.87,45.1],[112.44,45.01],[113.46,44.81],[114.46,45.34],[115.99,45.73],[116.72,46.39],[117.42,46.67],[118.87,46.81],[119.66,46.69],[119.77,47.05],[118.87,47.75],[118.06,48.07],[117.3,47.7],[116.31,47.85],[115.74,47.73],[115.49,48.14],[116.19,49.13],[116.68,49.89],[117.88,49.51],[119.29,50.14],[119.28,50.58],[120.18,51.64],[120.74,51.96],[120.73,52.52],[120.18,52.75],[121.0,53.25],[122.25,53.43],[123.57,53.46],[125.07,53.16],[125.95,52.79],[126.56,51.78],[126.94,51.35],[127.29,50.74],[127.66,49.76],[129.4,49.44],[130.58,48.73],[130.99,47.79],[132.51,47.79],[133.37,48.18],[135.03,48.48],[134.5,47.58],[134.11,47.21],[133.77,46.12],[133.1,45.14],[131.88,45.32],[131.03,44.97],[131.29,44.11],[131.14,42.93],[130.63,42.9],[130.64,42.4],[129.99,42.99],[129.6,42.42],[128.05,41.99],[128.21,41.47],[127.34,41.5],[126.87,41.82],[126.18,41.11],[125.08,40.57],[124.27,39.93],[122.87,39.64],[122.13,39.17],[121.05,38.9],[121.59,39.36],[121.38,39.75],[122.17,40.42],[121.64,40.95],[120.77,40.59],[119.64,39.9],[119.02,39.25],[118.04,39.2],[117.53,38.74],[118.06,38.06],[118.88,37.9],[118.91,37.45],[119.7,37.16],[120.82,37.87],[121.71,37.48],[122.36,37.45],[122.52,36.93],[121.1,36.65],[120.64,36.11],[119.66,35.61],[119.15,34.91],[120.23,34.36],[120.62,33.38],[121.23,32.46],[121.91,31.69],[121.89,30.95],[121.26,30.68],[121.5,30.14],[122.09,29.83],[121.94,29.02],[121.68,28.23],[121.13,28.14],[120.4,27.05],[119.59,25.74],[118.66,24.55],[117.28,23.62],[115.89,22.78],[114.76,22.67],[114.15,22.22],[113.81,22.55],[113.24,22.05],[111.84,21.55],[110.79,21.4],[110.44,20.34],[109.89,20.28],[109.63,21.01],[109.86,21.4],[108.52,21.72],[108.05,21.55],[107.04,21.81],[106.57,22.22],[106.73,22.79],[105.81,22.98],[105.33,23.35],[104.48,22.82],[103.5,22.7],[102.71,22.71],[102.17,22.46],[101.65,22.32],[101.8,21.17],[101.27,21.2],[101.18,21.44],[101.15,21.85],[100.42,21.56],[99.98,21.74],[99.24,22.12],[99.53,22.95],[98.9,23.14],[98.66,24.06],[97.6,23.9],[97.72,25.08],[98.67,25.92],[98.71,26.74],[98.68,27.51],[98.25,27.75],[97.91,28.34],[97.33,28.26],[96.25,28.41],[96.59,28.83],[96.12,29.45],[95.4,29.03],[94.57,29.28],[93.41,28.64],[92.5,27.9],[91.7,27.77],[91.26,28.04],[90.73,28.06],[90.02,28.3],[89.48,28.04],[88.81,27.3],[88.73,28.09],[88.12,27.88],[86.95,27.97],[85.82,28.2],[85.01,28.64],[84.23,28.84],[83.9,29.32],[83.34,29.46],[82.33,30.12],[81.53,30.42],[81.11,30.18],[79.72,30.88],[78.74,31.52],[78.46,32.62],[79.18,32.48],[79.21,32.99],[78.81,33.51],[78.91,34.32],[77.84,35.49],[76.19,35.9],[75.9,36.67],[75.16,37.13],[74.98,37.42],[74.83,37.99],[74.86,38.38],[74.26,38.61],[73.93,38.51],[73.68,39.43],[73.96,39.66],[73.82,39.89],[74.78,40.37],[75.47,40.56],[76.53,40.43],[76.9,41.07],[78.19,41.19],[78.54,41.58],[80.12,42.12],[80.26,42.35]]]]}},{"type":"Feature","properties":{"name":"Taiwan","level":"country"},"geometry":{"type":"Polygon","coordinates":[[[121.78,24.39],[121.18,22.79],[120.75,21.97],[120.22,22.81],[120.11,23.56],[120.69,24.54],[121.5,25.3],[121.95,25.0],[121.78,24.39]]]}},{"type":"Feature","properties":{"name":"Italy","level":"country"},"geometry":{"type":"MultiPolygon","coordinates":[[[[10.44,46.89],[11.05,46.75],[11.16,46.94],[12.15,47.12],[12.38,46.77],[13.81,46.51],[13.7,46.02],[13.94,45.59],[13.14,45.74],[12.33,45.38],[12.38,44.89],[12.26,44.6],[12.59,44.09],[13.53,43.59],[14.03,42.76],[15.14,41.96],[15.93,41.96],[16.17,41.74],[15.89,41.54],[16.79,41.18],[17.52,40.88],[18.38,40.36],[18.48,40.17],[18.29,39.81],[17.74,40.28],[16.87,40.44],[16.45,39.8],[17.17,39.42],[17.05,38.9],[16.64,38.84],[16.1,37.99],[15.68,37.91],[15.69,38.21],[15.89,38.75],[16.11,38.96],[15.72,39.54],[15.41,40.05],[15.0,40.17],[14.7,40.6],[14.06,40.79],[13.63,41.19],[12.89,41.25],[12.11,41.7],[11.19,42.36],[10.51,42.93],[10.2,43.92],[9.7,44.04],[8.89,44.37],[8.43,44.23],[7.85,43.77],[7.44,43.69],[7.55,44.13],[7.01,44.25],[6.75,45.03],[7.1,45.33],[6.8,45.71],[6.84,45.99],[7.27,45.78],[7.76,45.82],[8.32,46.16],[8.49,46.01],[8.97,46.04],[9.18,46.44],[9.92,46.31],[10.36,46.48],[10.44,46.89]]],[[[14.76,38.14],[15.52,38.23],[15.16,37.44],[15.31,37.13],[15.1,36.62],[14.34,37.0],[13.83,37.1],[12.43,37.61],[12.57,38.13],[13.74,38.03],[14.76,38.14]]],[[[8.71,40.9],[9.21,41.21],[9.81,40.5],[9.67,39.18],[9.21,39.24],[8.81,38.91],[8.43,39.17],[8.39,40.38],[8.16,40.95],[8.71,40.9]]]]}},{"type":"Feature","properties":{"name":"Denmark","level":"country"},"geometry":{"type":"MultiPolygon","coordinates":[[[[9.92,54.98],[9.28,54.83],[8.53,54.96],[8.12,55.52],[8.09,56.54],[8.26,56.81],[8.54,57.11],[9.42,57.17],[9.78,57.45],[10.58,57.73],[10.55,57.22],[10.25,56.89],[10.37,56.61],[10.91,56.46],[10.67,56.08],[10.37,56.19],[9.65,55.47],[9.92,54.98]]],[[[12.37,56.11],[12.69,55.61],[12.09,54.8],[11.04,55.36],[10.9,55.78],[12.37,56.11]]]]}},{"type":"Feature","properties":{"name":"United Kingdom","level":"country"},"geometry":{"type":"MultiPolygon","coordinates":[[[[-6.2,53.87],[-6.95,54.07],[-7.57,54.06],[-7.37,54.6],[-7.57,55.13],[-6.73,55.17],[-5.66,54.55],[-6.2,53.87]]],[[[-3.09,53.4],[-3.09,53.4],[-2.95,53.98],[-3.61,54.6],[-3.63,54.62],[-4.84,54.79],[-5.08,55.06],[-4.72,55.51],[-5.05,55.78],[-5.59,55.31],[-5.64,56.28],[-6.15,56.79],[-5.79,57.82],[-5.01,58.63],[-4.21,58.55],[-3.01,58.63],[-4.07,57.55],[-3.06,57.69],[-1.96,57.68],[-2.22,56.87],[-3.12,55.97],[-2.09,55.91],[-2.01,55.8],[-1.11,54.62],[-0.43,54.46],[0.18,53.33],[0.47,52.93],[1.68,52.74],[1.56,52.1],[1.05,51.81],[1.45,51.29],[0.55,50.77],[-0.79,50.77],[-2.49,50.5],[-2.96,50.7],[-3.62,50.23],[-4.54,50.34],[-5.25,49.96],[-5.78,50.16],[-4.31,51.21],[-3.41,51.43],[-3.42,51.43],[-4.98,51.59],[-5.27,51.99],[-4.22,52.3],[-4.77,52.84],[-4.58,53.5],[-3.09,53.4]]]]}},{"type":"Feature","properties":{"name":"Iceland","level":"country"},"geometry":{"type":"Polygon","coordinates":[[[-14.51,66.46],[-14.74,65.81],[-13.61,65.13],[-14.91,64.36],[-17.79,63.68],[-18.66,63.5],[-19.97,63.64],[-22.76,63.96],[-21.78,64.4],[-23.96,64.89],[-22.18,65.08],[-22.23,65.38],[-24.33,65.61],[-23.65,66.26],[-22.13,66.41],[-20.58,65.73],[-19.06,66.28],[-17.8,65.99],[-16.17,66.53],[-14.51,66.46]]]}},{"type":"Feature","properties":{"name":"Azerbaijan","level":"country"},"geometry":{"type":"MultiPolygon","coordinates":[[[[46.4,41.86],[46.69,41.83],[47.37,41.22],[47.82,41.15],[47.99,41.41],[48.58,41.81],[49.11,41.28],[49.62,40.57],[50.08,40.53],[50.39,40.26],[49.57,40.18],[49.4,39.4],[49.22,39.05],[48.86,38.82],[48.88,38.32],[48.63,38.27],[48.01,38.79],[48.36,39.29],[48.06,39.58],[47.69,39.51],[46.51,38.77],[46.48,39.46],[46.03,39.63],[45.61,39.9],[45.89,40.22],[45.36,40.56],[45.56,40.81],[45.18,40.99],[44.97,41.25],[45.22,41.41],[45.96,41.12],[46.5,41.06],[46.64,41.18],[46.15,41.72],[46.4,41.86]]],[[[46.14,38.74],[45.46,38.87],[44.95,39.34],[44.79,39.71],[45.0,39.74],[45.3,39.47],[45.74,39.47],[45.74,39.32],[46.14,38.74]]]]}},{"type":"Feature","properties":{"name":"Georgia","level":"country"},"geometry":{"type":"Polygon","coordinates":[[[39.96,43.43],[40.08,43.55],[40.92,43.38],[42.39,43.22],[43.76,42.74],[43.93,42.55],[44.54,42.71],[45.47,42.5],[45.78,42.09],[46.4,41.86],[46.15,41.72],[46.64,41.18],[46.5,41.06],[45.96,41.12],[45.22,41.41],[44.97,41.25],[43.58,41.09],[42.62,41.58],[41.55,41.54],[41.7,41.96],[41.45,42.65],[40.88,43.01],[40.32,43.13],[39.96,43.43]]]}},{"type":"Feature","properties":{"name":"Philippines","level":"country"},"geometry":{"type":"MultiPolygon","coordinates":[[[[120.83,12.7],[120.32,13.47],[121.18,13.43],[121.53,13.07],[121.26,12.21],[120.83,12.7]]],[[[122.59,9.98],[122.84,10.26],[122.95,10.88],[123.5,10.94],[123.34,10.27],[124.08,11.23],[123.98,10.28],[123.62,9.95],[123.31,9.32],[123.0,9.02],[122.38,9.71],[122.59,9.98]]],[[[126.38,8.41],[126.48,7.75],[126.54,7.19],[126.2,6.27],[125.83,7.29],[125.36,6.79],[125.68,6.05],[125.4,5.58],[124.22,6.16],[123.94,6.89],[124.24,7.36],[123.61,7.83],[123.3,7.42],[122.83,7.46],[122.09,6.9],[121.92,7.19],[122.31,8.03],[122.94,8.32],[123.49,8.69],[123.84,8.24],[124.6,8.51],[124.76,8.96],[125.47,8.99],[125.41,9.76],[126.22,9.29],[126.31,8.78],[126.38,8.41]]],[[[118.5,9.32],[117.17,8.37],[117.66,9.07],[118.39,9.68],[118.99,10.38],[119.51,11.37],[119.69,10.55],[119.03,10.0],[118.5,9.32]]],[[[122.34,18.22],[122.17,17.81],[122.52,17.09],[122.25,16.26],[121.66,15.93],[121.51,15.12],[121.73,14.33],[122.26,14.22],[122.7,14.34],[123.95,13.78],[123.86,13.24],[124.18,13.0],[124.08,12.54],[123.3,13.03],[122.93,13.55],[122.67,13.19],[122.03,13.78],[121.13,13.64],[120.63,13.86],[120.68,14.27],[120.99,14.53],[120.69,14.76],[120.56,14.4],[120.07,14.97],[119.92,15.41],[119.88,16.36],[120.29,16.03],[120.39,17.6],[120.72,18.51],[121.32,18.5],[121.94,18.22],[122.25,18.48],[122.34,18.22]]],[[[122.04,11.42],[121.88,11.89],[122.48,11.58],[123.12,11.58],[123.1,11.17],[122.64,10.74],[122.0,10.44],[121.97,10.91],[122.04,11.42]]],[[[125.5,12.16],[125.78,11.05],[125.01,11.31],[125.03,10.98],[125.28,10.36],[124.8,10.13],[124.76,10.84],[124.46,10.89],[124.3,11.5],[124.89,11.42],[124.88,11.79],[124.27,12.56],[125.23,12.54],[125.5,12.16]]]]}},{"type":"Feature","properties":{"name":"Malaysia","level":"country"},"geometry":{"type":"MultiPolygon","coordinates":[[[[100.09,6.46],[100.26,6.64],[101.08,6.2],[101.15,5.69],[101.81,5.81],[102.14,6.22],[102.37,6.13],[102.96,5.52],[103.38,4.86],[103.44,4.18],[103.33,3.73],[103.43,3.38],[103.5,2.79],[103.85,2.52],[104.25,1.63],[104.23,1.29],[103.52,1.23],[102.57,1.97],[101.39,2.76],[101.27,3.27],[100.7,3.94],[100.56,4.77],[100.2,5.31],[100.31,6.04],[100.09,6.46]]],[[[117.88,4.14],[117.02,4.31],[115.87,4.31],[115.52,3.17],[115.13,2.82],[114.62,1.43],[113.81,1.22],[112.86,1.5],[112.38,1.41],[111.8,0.9],[111.16,0.98],[110.51,0.77],[109.83,1.34],[109.66,2.01],[110.4,1.66],[111.17,1.85],[111.37,2.7],[111.8,2.89],[113.0,3.1],[113.71,3.89],[114.2,4.53],[114.66,4.01],[114.87,4.35],[115.35,4.32],[115.41,4.96],[115.45,5.45],[116.22,6.14],[116.73,6.92],[117.13,6.93],[117.64,6.42],[117.69,5.99],[118.35,5.71],[119.18,5.41],[119.11,5.02],[118.44,4.97],[118.62,4.48],[117.88,4.14]]]]}},{"type":"Feature","properties":{"name":"Brunei","level":"country"},"geometry":{"type":"Polygon","coordinates":[[[115.45,5.45],[115.41,4.96],[115.35,4.32],[114.87,4.35],[114.66,4.01],[114.2,4.53],[114.6,4.9],[115.45,5.45]]]}},{"type":"Feature","properties":{"name":"Slovenia","level":"country"},"geometry":{"type":"Polygon","coordinates":[[[13.81,46.51],[14.63,46.43],[15.14,46.66],[16.01,46.68],[16.2,46.85],[16.37,46.84],[16.56,46.5],[15.77,46.24],[15.67,45.83],[15.32,45.73],[15.33,45.45],[14.94,45.47],[14.6,45.63],[14.41,45.47],[13.72,45.5],[13.94,45.59],[13.7,46.02],[13.81,46.51]]]}},{"type":"Feature","properties":{"name":"Finland","level":"country"},"geometry":{"type":"Polygon","coordinates":[[[28.59,69.06],[28.45,68.36],[29.98,67.7],[29.05,66.94],[30.22,65.81],[29.54,64.95],[30.44,64.2],[30.04,63.55],[31.52,62.87],[31.14,62.36],[30.21,61.78],[28.07,60.5],[28.07,60.5],[28.07,60.5],[26.26,60.42],[24.5,60.06],[22.87,59.85],[22.29,60.39],[21.32,60.72],[21.54,61.71],[21.06,62.61],[21.54,63.19],[22.44,63.82],[24.73,64.9],[25.4,65.11],[25.29,65.53],[23.9,66.01],[23.57,66.4],[23.54,67.94],[21.98,68.62],[20.65,69.11],[21.24,69.37],[22.36,68.84],[23.66,68.89],[24.74,68.65],[25.69,69.09],[26.18,69.83],[27.73,70.16],[29.02,69.77],[28.59,69.06]]]}},{"type":"Feature","properties":{"name":"Slovakia","level":"country"},"geometry":{"type":"Polygon","coordinates":[[[22.56,49.09],[22.28,48.83],[22.09,48.42],[21.87,48.32],[20.8,48.62],[20.47,48.56],[20.24,48.33],[19.77,48.2],[19.66,48.27],[19.17,48.11],[18.78,48.08],[18.7,47.88],[17.86,47.76],[17.49,47.87],[16.98,48.12],[16.88,48.47],[16.96,48.6],[17.1,48.82],[17.55,48.8],[17.89,48.9],[17.91,49.0],[18.1,49.04],[18.17,49.27],[18.4,49.32],[18.55,49.5],[18.85,49.5],[18.91,49.44],[19.32,49.57],[19.83,49.22],[20.42,49.43],[20.89,49.33],[21.61,49.47],[22.56,49.09]]]}},{"type":"Feature","properties":{"name":"Czechia","level":"country"},"geometry":{"type":"Polygon","coordinates":[[[15.02,51.11],[15.49,50.78],[16.24,50.7],[16.18,50.42],[16.72,50.22],[16.87,50.47],[17.55,50.36],[17.65,50.05],[18.39,49.99],[18.85,49.5],[18.55,49.5],[18.4,49.32],[18.17,49.27],[18.1,49.04],[17.91,49.0],[17.89,48.9],[17.55,48.8],[17.1,48.82],[16.96,48.6],[16.5,48.79],[16.03,48.73],[15.25,49.04],[14.9,48.96],[14.34,48.56],[13.6,48.88],[13.03,49.31],[12.52,49.55],[12.42,49.97],[12.24,50.27],[12.97,50.48],[13.34,50.73],[14.06,50.93],[14.31,51.12],[14.57,51.0],[15.02,51.11]]]}},{"type":"Feature","properties":{"name":"Eritrea","level":"country"},"geometry":{"type":"Polygon","coordinates":[[[36.43,14.42],[36.32,14.82],[36.75,16.29],[36.85,16.96],[37.17,17.26],[37.9,17.43],[38.41,18.0],[38.99,16.84],[39.27,15.92],[39.81,15.44],[41.18,14.49],[41.73,13.92],[42.28,13.34],[42.59,13.0],[43.08,12.7],[42.78,12.46],[42.35,12.54],[42.01,12.87],[41.6,13.45],[41.16,13.77],[40.9,14.12],[40.03,14.52],[39.34,14.53],[39.1,14.74],[38.51,14.51],[37.91,14.96],[37.59,14.21],[36.43,14.42]]]}},{"type":"Feature","properties":{"name":"Japan","level":"country"},"geometry":{"type":"MultiPolygon","coordinates":[[[[141.88,39.18],[140.96,38.17],[140.98,37.14],[140.6,36.34],[140.77,35.84],[140.25,35.14],[138.98,34.67],[137.22,34.61],[135.79,33.46],[135.12,33.85],[135.08,34.6],[133.34,34.38],[132.16,33.9],[130.99,33.89],[132.0,33.15],[131.33,31.45],[130.69,31.03],[130.2,31.42],[130.45,32.32],[129.81,32.61],[129.41,33.3],[130.35,33.6],[130.88,34.23],[131.88,34.75],[132.62,35.43],[134.61,35.73],[135.68,35.53],[136.72,37.3],[137.39,36.83],[138.86,37.83],[139.43,38.22],[140.05,39.44],[139.88,40.56],[140.31,41.2],[141.37,41.38],[141.91,39.99],[141.88,39.18]]],[[[144.61,43.96],[145.32,44.38],[145.54,43.26],[144.06,42.99],[143.18,42.0],[141.61,42.68],[141.07,41.58],[139.96,41.57],[139.82,42.56],[140.31,43.33],[141.38,43.39],[141.67,44.77],[141.97,45.55],[143.14,44.51],[143.91,44.17],[144.61,43.96]]],[[[132.37,33.46],[132.92,34.06],[133.49,33.94],[133.9,34.36],[134.64,34.15],[134.77,33.81],[134.2,33.2],[133.79,33.52],[133.28,33.29],[133.01,32.7],[132.36,32.99],[132.37,33.46]]]]}},{"type":"Feature","properties":{"name":"Paraguay","level":"country"},"geometry":{"type":"Polygon","coordinates":[[[-58.17,-20.18],[-57.87,-20.73],[-57.94,-22.09],[-56.88,-22.28],[-56.47,-22.09],[-55.8,-22.36],[-55.61,-22.66],[-55.52,-23.57],[-55.4,-23.96],[-55.03,-24.0],[-54.65,-23.84],[-54.29,-24.02],[-54.29,-24.57],[-54.43,-25.16],[-54.63,-25.74],[-54.79,-26.62],[-55.7,-27.39],[-56.49,-27.55],[-57.61,-27.4],[-58.62,-27.12],[-57.63,-25.6],[-57.78,-25.16],[-58.81,-24.77],[-60.03,-24.03],[-60.85,-23.88],[-62.69,-22.25],[-62.29,-21.05],[-62.27,-20.51],[-61.79,-19.63],[-60.04,-19.34],[-59.12,-19.36],[-58.18,-19.87],[-58.17,-20.18]]]}},{"type":"Feature","properties":{"name":"Yemen","level":"country"},"geometry":{"type":"Polygon","coordinates":[[[52.0,19.0],[52.78,17.35],[53.11,16.65],[52.39,16.38],[52.19,15.94],[52.17,15.6],[51.17,15.18],[49.57,14.71],[48.68,14.0],[48.24,13.95],[47.94,14.01],[47.35,13.59],[46.72,13.4],[45.88,13.35],[45.63,13.29],[45.41,13.03],[45.14,12.95],[44.99,12.7],[44.49,12.72],[44.18,12.59],[43.48,12.64],[43.22,13.22],[43.25,13.77],[43.09,14.06],[42.89,14.8],[42.6,15.21],[42.81,15.26],[42.7,15.72],[42.82,15.91],[42.78,16.35],[43.22,16.67],[43.12,17.09],[43.38,17.58],[43.79,17.32],[44.06,17.41],[45.22,17.43],[45.4,17.33],[46.37,17.23],[46.75,17.28],[47.0,16.95],[47.47,17.12],[48.18,18.17],[49.12,18.62],[52.0,19.0]]]}},{"type":"Feature","properties":{"name":"Saudi Arabia","level":"country"},"geometry":{"type":"Polygon","coordinates":[[[34.96,29.36],[36.07,29.2],[36.5,29.51],[36.74,29.87],[37.5,30.0],[37.67,30.34],[38.0,30.51],[37.0,31.51],[39.0,32.01],[39.2,32.16],[40.4,31.89],[41.89,31.19],[44.71,29.18],[46.57,29.1],[47.46,29.0],[47.71,28.53],[48.42,28.55],[48.81,27.69],[49.3,27.46],[49.47,27.11],[50.15,26.69],[50.21,26.28],[50.11,25.94],[50.24,25.61],[50.53,25.33],[50.66,25.0],[50.81,24.75],[51.11,24.56],[51.39,24.63],[51.58,24.25],[51.62,24.01],[52.0,23.0],[55.01,22.5],[55.21,22.71],[55.67,22.0],[55.0,20.0],[52.0,19.0],[49.12,18.62],[48.18,18.17],[47.47,17.12],[47.0,16.95],[46.75,17.28],[46.37,17.23],[45.4,17.33],[45.22,17.43],[44.06,17.41],[43.79,17.32],[43.38,17.58],[43.12,17.09],[43.22,16.67],[42.78,16.35],[42.65,16.77],[42.35,17.08],[42.27,17.47],[41.75,17.83],[41.22,18.67],[40.94,19.49],[40.25,20.17],[39.8,20.34],[39.14,21.29],[39.02,21.99],[39.07,22.58],[38.49,23.69],[38.02,24.08],[37.48,24.29],[37.15,24.86],[37.21,25.08],[36.93,25.6],[36.64,25.83],[36.25,26.57],[35.64,27.38],[35.13,28.06],[34.63,28.06],[34.79,28.61],[34.83,28.96],[34.96,29.36]]]}},{"type":"Feature","properties":{"name":"Antarctica","level":"country"},"geometry":{"type":"MultiPolygon","coordinates":[[[[-48.66,-78.05],[-48.15,-78.05],[-46.66,-77.83],[-45.15,-78.05],[-43.92,-78.48],[-43.49,-79.09],[-43.37,-79.52],[-43.33,-80.03],[-44.88,-80.34],[-46.51,-80.59],[-48.39,-80.83],[-50.48,-81.03],[-52.85,-80.97],[-54.16,-80.63],[-53.99,-80.22],[-51.85,-79.95],[-50.99,-79.61],[-50.36,-79.18],[-49.91,-78.81],[-49.31,-78.46],[-48.66,-78.05],[-48.66,-78.05]]],[[[-66.29,-80.26],[-64.04,-80.29],[-61.88,-80.39],[-61.14,-79.98],[-60.61,-79.63],[-59.57,-80.04],[-59.87,-80.55],[-60.16,-81.0],[-62.26,-80.86],[-64.49,-80.92],[-65.74,-80.59],[-65.74,-80.55],[-66.29,-80.26]]],[[[-73.92,-71.27],[-73.92,-71.27],[-73.23,-71.15],[-72.07,-71.19],[-71.78,-70.68],[-71.72,-70.31],[-71.74,-69.51],[-71.17,-69.04],[-70.25,-68.88],[-69.72,-69.25],[-69.49,-69.62],[-69.06,-70.07],[-68.73,-70.51],[-68.45,-70.96],[-68.33,-71.41],[-68.51,-71.8],[-68.78,-72.17],[-69.96,-72.31],[-71.08,-72.5],[-72.39,-72.48],[-71.9,-72.09],[-73.07,-72.23],[-74.19,-72.37],[-74.95,-72.07],[-75.01,-71.66],[-73.92,-71.27]]],[[[-102.33,-71.89],[-102.33,-71.89],[-101.7,-71.72],[-100.43,-71.85],[-98.98,-71.93],[-97.88,-72.07],[-96.79,-71.95],[-96.2,-72.52],[-96.98,-72.44],[-98.2,-72.48],[-99.43,-72.44],[-100.78,-72.5],[-101.8,-72.31],[-102.33,-71.89]]],[[[-122.62,-73.66],[-122.62,-73.66],[-122.41,-73.32],[-121.21,-73.5],[-119.92,-73.66],[-118.72,-73.48],[-119.29,-73.83],[-120.23,-74.09],[-121.62,-74.01],[-122.62,-73.66]]],[[[-127.28,-73.46],[-127.28,-73.46],[-126.56,-73.25],[-125.56,-73.48],[-124.03,-73.87],[-124.62,-73.83],[-125.91,-73.74],[-127.28,-73.46]]],[[[-163.71,-78.6],[-163.71,-78.6],[-163.11,-78.22],[-161.25,-78.38],[-160.25,-78.69],[-159.48,-79.05],[-159.21,-79.5],[-161.13,-79.63],[-162.44,-79.28],[-163.03,-78.93],[-163.07,-78.87],[-163.71,-78.6]]],[[[180,-84.71],[180,-90],[-180,-90],[-180,-84.71],[-179.94,-84.72],[-179.06,-84.14],[-177.26,-84.45],[-177.14,-84.42],[-176.08,-84.1],[-175.95,-84.11],[-175.83,-84.12],[-174.38,-84.53],[-173.12,-84.12],[-172.89,-84.06],[-169.95,-83.88],[-169.0,-84.12],[-168.53,-84.24],[-167.02,-84.57],[-164.18,-84.83],[-161.93,-85.14],[-158.07,-85.37],[-155.19,-85.1],[-150.94,-85.3],[-148.53,-85.61],[-145.89,-85.32],[-143.11,-85.04],[-142.89,-84.57],[-146.83,-84.53],[-150.06,-84.3],[-150.9,-83.9],[-153.59,-83.69],[-153.41,-83.24],[-153.04,-82.83],[-152.67,-82.45],[-152.86,-82.04],[-154.53,-81.77],[-155.29,-81.42],[-156.84,-81.1],[-154.41,-81.16],[-152.1,-81.0],[-150.65,-81.34],[-148.87,-81.04],[-147.22,-80.67],[-146.42,-80.34],[-146.77,-79.93],[-148.06,-79.65],[-149.53,-79.36],[-151.59,-79.3],[-153.39,-79.16],[-155.33,-79.06],[-155.98,-78.69],[-157.27,-78.38],[-158.05,-78.03],[-158.37,-76.89],[-157.88,-76.99],[-156.97,-77.3],[-155.33,-77.2],[-153.74,-77.07],[-152.92,-77.5],[-151.33,-77.4],[-150.0,-77.18],[-148.75,-76.91],[-147.61,-76.58],[-146.1,-76.48],[-146.14,-76.11],[-146.5,-75.73],[-146.2,-75.38],[-144.91,-75.2],[-144.32,-75.54],[-142.79,-75.34],[-141.64,-75.09],[-140.21,-75.07],[-138.86,-74.97],[-137.51,-74.73],[-136.43,-74.52],[-135.21,-74.3],[-134.43,-74.36],[-133.75,-74.44],[-132.26,-74.3],[-130.93,-74.48],[-129.55,-74.46],[-128.24,-74.32],[-126.89,-74.42],[-125.4,-74.52],[-124.01,-74.48],[-122.56,-74.5],[-121.07,-74.52],[-119.7,-74.48],[-118.68,-74.19],[-117.47,-74.03],[-116.22,-74.24],[-115.02,-74.07],[-113.94,-73.71],[-113.3,-74.03],[-112.95,-74.38],[-112.3,-74.71],[-111.26,-74.42],[-110.07,-74.79],[-108.71,-74.91],[-107.56,-75.18],[-106.15,-75.13],[-104.88,-74.95],[-103.37,-74.99],[-102.02,-75.13],[-100.65,-75.3],[-100.12,-74.87],[-100.76,-74.54],[-101.25,-74.19],[-102.55,-74.11],[-103.11,-73.73],[-103.33,-73.36],[-103.68,-72.62],[-102.92,-72.75],[-101.61,-72.81],[-100.31,-72.75],[-99.14,-72.91],[-98.12,-73.21],[-97.69,-73.56],[-96.34,-73.62],[-95.04,-73.48],[-93.67,-73.28],[-92.44,-73.17],[-91.42,-73.4],[-90.09,-73.32],[-89.23,-72.56],[-88.42,-73.01],[-87.27,-73.19],[-86.01,-73.09],[-85.19,-73.48],[-83.88,-73.52],[-82.67,-73.64],[-81.47,-73.85],[-80.69,-73.48],[-80.3,-73.13],[-79.3,-73.52],[-77.93,-73.42],[-76.91,-73.64],[-76.22,-73.97],[-74.89,-73.87],[-73.85,-73.66],[-72.83,-73.4],[-71.62,-73.26],[-70.21,-73.15],[-68.94,-73.01],[-67.96,-72.79],[-67.37,-72.48],[-67.13,-72.05],[-67.25,-71.64],[-67.56,-71.25],[-67.92,-70.85],[-68.23,-70.46],[-68.49,-70.11],[-68.54,-69.72],[-68.45,-69.33],[-67.98,-68.95],[-67.58,-68.54],[-67.43,-68.15],[-67.62,-67.72],[-67.74,-67.33],[-67.25,-66.88],[-66.7,-66.58],[-66.06,-66.21],[-65.37,-65.9],[-64.57,-65.6],[-64.18,-65.17],[-63.63,-64.9],[-63.0,-64.64],[-62.04,-64.58],[-61.41,-64.27],[-60.71,-64.07],[-59.89,-63.96],[-59.16,-63.7],[-58.59,-63.39],[-57.81,-63.27],[-57.22,-63.53],[-57.6,-63.86],[-58.61,-64.15],[-59.05,-64.37],[-59.79,-64.21],[-60.61,-64.31],[-61.3,-64.54],[-62.02,-64.8],[-62.51,-65.09],[-62.65,-65.48],[-62.59,-65.86],[-62.12,-66.19],[-62.81,-66.43],[-63.75,-66.5],[-64.29,-66.84],[-64.88,-67.15],[-65.51,-67.58],[-65.67,-67.95],[-65.31,-68.37],[-64.78,-68.68],[-63.96,-68.91],[-63.2,-69.23],[-62.79,-69.62],[-62.57,-69.99],[-62.28,-70.38],[-61.81,-70.72],[-61.51,-71.09],[-61.38,-72.01],[-61.08,-72.38],[-61.0,-72.77],[-60.69,-73.17],[-60.83,-73.7],[-61.38,-74.11],[-61.96,-74.44],[-63.3,-74.58],[-63.75,-74.93],[-64.35,-75.26],[-65.86,-75.64],[-67.19,-75.79],[-68.45,-76.01],[-69.8,-76.22],[-70.6,-76.63],[-72.21,-76.67],[-73.97,-76.63],[-75.56,-76.71],[-77.24,-76.71],[-76.93,-77.1],[-75.4,-77.28],[-74.28,-77.56],[-73.66,-77.91],[-74.77,-78.22],[-76.5,-78.12],[-77.93,-78.38],[-77.98,-78.79],[-78.02,-79.18],[-76.85,-79.51],[-76.63,-79.89],[-75.36,-80.26],[-73.24,-80.42],[-71.44,-80.69],[-70.01,-81.0],[-68.19,-81.32],[-65.7,-81.47],[-63.26,-81.75],[-61.55,-82.04],[-59.69,-82.38],[-58.71,-82.85],[-58.22,-83.22],[-57.01,-82.87],[-55.36,-82.57],[-53.62,-82.26],[-51.54,-82.0],[-49.76,-81.73],[-47.27,-81.71],[-44.83,-81.85],[-42.81,-82.08],[-42.16,-81.65],[-40.77,-81.36],[-38.24,-81.34],[-36.27,-81.12],[-34.39,-80.91],[-32.31,-80.77],[-30.1,-80.59],[-28.55,-80.34],[-29.25,-79.99],[-29.69,-79.63],[-29.69,-79.26],[-31.62,-79.3],[-33.68,-79.46],[-35.64,-79.46],[-35.91,-79.08],[-35.78,-78.34],[-35.33,-78.12],[-33.9,-77.89],[-32.21,-77.65],[-31.0,-77.36],[-29.78,-77.07],[-28.88,-76.67],[-27.51,-76.5],[-26.16,-76.36],[-25.47,-76.28],[-23.93,-76.24],[-22.46,-76.11],[-21.22,-75.91],[-20.01,-75.67],[-18.91,-75.44],[-17.52,-75.13],[-16.64,-74.79],[-15.7,-74.5],[-15.41,-74.11],[-16.47,-73.87],[-16.11,-73.46],[-15.45,-73.15],[-14.41,-72.95],[-13.31,-72.72],[-12.29,-72.4],[-11.51,-72.01],[-11.02,-71.54],[-10.3,-71.27],[-9.1,-71.32],[-8.61,-71.66],[-7.42,-71.7],[-7.38,-71.32],[-6.87,-70.93],[-5.79,-71.03],[-5.54,-71.4],[-4.34,-71.46],[-3.05,-71.29],[-1.8,-71.17],[-0.66,-71.23],[-0.23,-71.64],[0.87,-71.3],[1.89,-71.13],[3.02,-70.99],[4.14,-70.85],[5.16,-70.62],[6.27,-70.46],[7.14,-70.25],[7.74,-69.89],[8.49,-70.15],[9.53,-70.01],[10.25,-70.48],[10.82,-70.83],[11.95,-70.64],[12.4,-70.25],[13.42,-69.97],[14.73,-70.03],[15.13,-70.4],[15.95,-70.03],[17.03,-69.91],[18.2,-69.87],[19.26,-69.89],[20.38,-70.01],[21.45,-70.07],[21.92,-70.4],[22.57,-70.7],[23.67,-70.52],[24.84,-70.48],[25.98,-70.48],[27.09,-70.46],[28.09,-70.32],[29.15,-70.21],[30.03,-69.93],[30.97,-69.76],[31.99,-69.66],[32.75,-69.38],[33.3,-68.84],[33.87,-68.5],[34.91,-68.66],[35.3,-69.01],[36.16,-69.25],[37.2,-69.17],[37.91,-69.52],[38.65,-69.78],[39.67,-69.54],[40.02,-69.11],[40.92,-68.93],[41.96,-68.6],[42.94,-68.46],[44.11,-68.27],[44.9,-68.05],[45.72,-67.82],[46.5,-67.6],[47.44,-67.72],[48.34,-67.37],[48.99,-67.09],[49.93,-67.11],[50.75,-66.88],[50.95,-66.52],[51.79,-66.25],[52.61,-66.05],[53.61,-65.9],[54.53,-65.82],[55.41,-65.88],[56.36,-65.97],[57.16,-66.25],[57.26,-66.68],[58.14,-67.01],[58.74,-67.29],[59.94,-67.41],[60.61,-67.68],[61.43,-67.95],[62.39,-68.01],[63.19,-67.82],[64.05,-67.41],[64.99,-67.62],[65.97,-67.74],[66.91,-67.86],[67.89,-67.93],[68.89,-67.93],[69.71,-68.97],[69.67,-69.23],[69.56,-69.68],[68.6,-69.93],[67.81,-70.31],[67.95,-70.7],[69.07,-70.68],[68.93,-71.07],[68.42,-71.44],[67.95,-71.85],[68.71,-72.17],[69.87,-72.26],[71.02,-72.09],[71.57,-71.7],[71.91,-71.32],[72.45,-71.01],[73.08,-70.72],[73.34,-70.36],[73.86,-69.87],[74.49,-69.78],[75.63,-69.74],[76.63,-69.62],[77.64,-69.46],[78.13,-69.07],[78.43,-68.7],[79.11,-68.33],[80.09,-68.07],[80.94,-67.88],[81.48,-67.54],[82.05,-67.37],[82.78,-67.21],[83.78,-67.31],[84.68,-67.21],[85.66,-67.09],[86.75,-67.15],[87.48,-66.88],[87.99,-66.21],[88.36,-66.48],[88.83,-66.95],[89.67,-67.15],[90.63,-67.23],[91.59,-67.11],[92.61,-67.19],[93.55,-67.21],[94.18,-67.11],[95.02,-67.17],[95.78,-67.39],[96.68,-67.25],[97.76,-67.25],[98.68,-67.11],[99.72,-67.25],[100.38,-66.92],[100.89,-66.58],[101.58,-66.31],[102.83,-65.56],[103.48,-65.7],[104.24,-65.97],[104.91,-66.33],[106.18,-66.93],[107.16,-66.95],[108.08,-66.95],[109.16,-66.84],[110.24,-66.7],[111.06,-66.43],[111.74,-66.13],[112.86,-66.09],[113.6,-65.88],[114.39,-66.07],[114.9,-66.39],[115.6,-66.7],[116.7,-66.66],[117.38,-66.92],[118.58,-67.17],[119.83,-67.27],[120.87,-67.19],[121.65,-66.88],[122.32,-66.56],[123.22,-66.48],[124.12,-66.62],[125.16,-66.72],[126.1,-66.56],[127.0,-66.56],[127.88,-66.66],[128.8,-66.76],[129.7,-66.58],[130.78,-66.43],[131.8,-66.39],[132.94,-66.39],[133.86,-66.29],[134.76,-66.21],[135.03,-65.72],[135.07,-65.31],[135.7,-65.58],[135.87,-66.03],[136.21,-66.45],[136.62,-66.78],[137.46,-66.95],[138.6,-66.9],[139.91,-66.88],[140.81,-66.82],[142.12,-66.82],[143.06,-66.8],[144.37,-66.84],[145.49,-66.92],[146.2,-67.23],[146.0,-67.6],[146.65,-67.9],[147.72,-68.13],[148.84,-68.39],[150.13,-68.56],[151.48,-68.72],[152.5,-68.87],[153.64,-68.89],[154.28,-68.56],[155.17,-68.84],[155.93,-69.15],[156.81,-69.38],[158.03,-69.48],[159.18,-69.6],[159.67,-69.99],[160.81,-70.23],[161.57,-70.58],[162.69,-70.74],[163.84,-70.72],[164.92,-70.78],[166.11,-70.76],[167.31,-70.83],[168.43,-70.97],[169.46,-71.21],[170.5,-71.4],[171.21,-71.7],[171.09,-72.09],[170.56,-72.44],[170.11,-72.89],[169.76,-73.24],[169.29,-73.66],[167.98,-73.81],[167.39,-74.17],[166.09,-74.38],[165.64,-74.77],[164.96,-75.15],[164.23,-75.46],[163.82,-75.87],[163.57,-76.24],[163.47,-76.69],[163.49,-77.07],[164.06,-77.46],[164.27,-77.83],[164.74,-78.18],[166.6,-78.32],[167.0,-78.75],[165.19,-78.91],[163.67,-79.12],[161.77,-79.16],[160.92,-79.73],[160.75,-80.2],[160.32,-80.57],[159.79,-80.95],[161.12,-81.28],[161.63,-81.69],[162.49,-82.06],[163.71,-82.4],[165.1,-82.71],[166.6,-83.02],[168.9,-83.34],[169.4,-83.83],[172.28,-84.04],[172.48,-84.12],[173.22,-84.41],[175.99,-84.16],[178.28,-84.47],[180,-84.71]]]]}},{"type":"Feature","properties":{"name":"N. Cyprus","level":"country"},"geometry":{"type":"Polygon","coordinates":[[[32.73,35.14],[32.8,35.15],[32.95,35.39],[33.67,35.37],[34.58,35.67],[33.9,35.25],[33.97,35.06],[33.87,35.09],[33.68,35.02],[33.53,35.04],[33.48,35.0],[33.46,35.1],[33.38,35.16],[33.19,35.17],[32.92,35.09],[32.73,35.14]]]}},{"type":"Feature","properties":{"name":"Cyprus","level":"country"},"geometry":{"type":"Polygon","coordinates":[[[32.73,35.14],[32.92,35.09],[33.19,35.17],[33.38,35.16],[33.46,35.1],[33.48,35.0],[33.53,35.04],[33.68,35.02],[33.87,35.09],[33.97,35.06],[34.0,34.98],[32.98,34.57],[32.49,34.7],[32.26,35.1],[32.73,35.14]]]}},{"type":"Feature","properties":{"name":"Morocco","level":"country"},"geometry":{"type":"Polygon","coordinates":[[[-2.17,35.17],[-1.79,34.53],[-1.73,33.92],[-1.39,32.86],[-1.12,32.65],[-1.31,32.26],[-2.62,32.09],[-3.07,31.72],[-3.65,31.64],[-3.69,30.9],[-4.86,30.5],[-5.24,30.0],[-6.06,29.73],[-7.06,29.58],[-8.67,28.84],[-8.67,27.66],[-8.82,27.66],[-8.79,27.12],[-9.41,27.09],[-9.74,26.86],[-10.19,26.86],[-10.55,26.99],[-11.39,26.88],[-11.72,26.1],[-12.03,26.03],[-12.5,24.77],[-13.89,23.69],[-14.22,22.31],[-14.63,21.86],[-14.75,21.5],[-17.0,21.42],[-17.02,21.42],[-16.97,21.89],[-16.59,22.16],[-16.26,22.68],[-16.33,23.02],[-15.98,23.72],[-15.43,24.36],[-15.09,24.52],[-14.82,25.1],[-14.8,25.64],[-14.44,26.25],[-13.77,26.62],[-13.14,27.64],[-13.12,27.65],[-12.62,28.04],[-11.69,28.15],[-10.9,28.83],[-10.4,29.1],[-9.56,29.93],[-9.81,31.18],[-9.43,32.04],[-9.3,32.56],[-8.66,33.24],[-7.65,33.7],[-6.91,34.11],[-6.24,35.15],[-5.93,35.76],[-5.19,35.76],[-4.59,35.33],[-3.64,35.4],[-2.6,35.18],[-2.17,35.17]]]}},{"type":"Feature","properties":{"name":"Egypt","level":"country"},"geometry":{"type":"Polygon","coordinates":[[[36.87,22],[32.9,22],[29.02,22],[25,22],[25,25.68],[25,29.24],[24.7,30.04],[24.96,30.66],[24.8,31.09],[25.16,31.57],[26.5,31.59],[27.46,31.32],[28.45,31.03],[28.91,30.87],[29.68,31.19],[30.1,31.47],[30.98,31.56],[31.69,31.43],[31.96,30.93],[32.19,31.26],[32.99,31.02],[33.77,30.97],[34.27,31.22],[34.27,31.22],[34.82,29.76],[34.92,29.5],[34.64,29.1],[34.43,28.34],[34.15,27.82],[33.92,27.65],[33.59,27.97],[33.14,28.42],[32.42,29.85],[32.32,29.76],[32.73,28.71],[33.35,27.7],[34.1,26.14],[34.47,25.6],[34.8,25.03],[35.69,23.93],[35.49,23.75],[35.53,23.1],[36.69,22.2],[36.87,22]]]}},{"type":"Feature","properties":{"name":"Libya","level":"country"},"geometry":{"type":"Polygon","coordinates":[[[25,22],[25,20.0],[23.85,20],[23.84,19.58],[19.85,21.5],[15.86,23.41],[14.85,22.86],[14.14,22.49],[13.58,23.04],[12.0,23.47],[11.56,24.1],[10.77,24.56],[10.3,24.38],[9.95,24.94],[9.91,25.37],[9.32,26.09],[9.72,26.51],[9.63,27.14],[9.76,27.69],[9.68,28.14],[9.86,28.96],[9.81,29.42],[9.48,30.31],[9.97,30.54],[10.06,30.96],[9.95,31.38],[10.64,31.76],[10.94,32.08],[11.43,32.37],[11.49,33.14],[12.66,32.79],[13.08,32.88],[13.92,32.71],[15.25,32.27],[15.71,31.38],[16.61,31.18],[18.02,30.76],[19.09,30.27],[19.57,30.53],[20.05,30.99],[19.82,31.75],[20.13,32.24],[20.85,32.71],[21.54,32.84],[22.9,32.64],[23.24,32.19],[23.61,32.19],[23.93,32.02],[24.92,31.9],[25.16,31.57],[24.8,31.09],[24.96,30.66],[24.7,30.04],[25,29.24],[25,25.68],[25,22]]]}},{"type":"Feature","properties":{"name":"Ethiopia","level":"country"},"geometry":{"type":"Polygon","coordinates":[[[47.79,8.0],[44.96,5.0],[43.66,4.96],[42.77,4.25],[42.13,4.23],[41.86,3.92],[41.17,3.92],[40.77,4.26],[39.85,3.84],[39.56,3.42],[38.89,3.5],[38.67,3.62],[38.44,3.59],[38.12,3.6],[36.86,4.45],[36.16,4.45],[35.82,4.78],[35.82,5.34],[35.3,5.51],[34.71,6.59],[34.25,6.83],[34.08,7.23],[33.57,7.71],[32.95,7.78],[33.29,8.35],[33.83,8.38],[33.97,8.68],[33.96,9.58],[34.26,10.63],[34.73,10.91],[34.83,11.32],[35.26,12.08],[35.86,12.58],[36.27,13.56],[36.43,14.42],[37.59,14.21],[37.91,14.96],[38.51,14.51],[39.1,14.74],[39.34,14.53],[40.03,14.52],[40.9,14.12],[41.16,13.77],[41.6,13.45],[42.01,12.87],[42.35,12.54],[42,12.1],[41.66,11.63],[41.74,11.36],[41.76,11.05],[42.31,11.03],[42.55,11.11],[42.78,10.93],[42.56,10.57],[42.93,10.02],[43.3,9.54],[43.68,9.18],[46.95,8.0],[47.79,8.0]]]}},{"type":"Feature","properties":{"name":"Djibouti","level":"country"},"geometry":{"type":"Polygon","coordinates":[[[42.35,12.54],[42.78,12.46],[43.08,12.7],[43.32,12.39],[43.29,11.97],[42.72,11.74],[43.15,11.46],[42.78,10.93],[42.55,11.11],[42.31,11.03],[41.76,11.05],[41.74,11.36],[41.66,11.63],[42,12.1],[42.35,12.54]]]}},{"type":"Feature","properties":{"name":"Somaliland","level":"country"},"geometry":{"type":"Polygon","coordinates":[[[48.95,11.41],[48.95,11.41],[48.94,11.39],[48.94,10.98],[48.94,9.97],[48.94,9.45],[48.49,8.84],[47.79,8.0],[46.95,8.0],[43.68,9.18],[43.3,9.54],[42.93,10.02],[42.56,10.57],[42.78,10.93],[43.15,11.46],[43.47,11.28],[43.67,10.86],[44.12,10.45],[44.61,10.44],[45.56,10.7],[46.65,10.82],[47.53,11.13],[48.02,11.19],[48.38,11.38],[48.95,11.41],[48.95,11.41]]]}},{"type":"Feature","properties":{"name":"Uganda","level":"country"},"geometry":{"type":"Polygon","coordinates":[[[33.9,-0.95],[31.87,-1.03],[30.77,-1.01],[30.42,-1.13],[29.82,-1.44],[29.58,-1.34],[29.59,-0.59],[29.82,-0.21],[29.88,0.6],[30.09,1.06],[30.47,1.58],[30.85,1.85],[31.17,2.2],[30.77,2.34],[30.83,3.51],[30.83,3.51],[31.25,3.78],[31.88,3.56],[32.69,3.79],[33.39,3.79],[34.01,4.25],[34.48,3.56],[34.6,3.05],[35.04,1.91],[34.67,1.18],[34.18,0.52],[33.89,0.11],[33.9,-0.95]]]}},{"type":"Feature","properties":{"name":"Rwanda","level":"country"},"geometry":{"type":"Polygon","coordinates":[[[30.42,-1.13],[30.82,-1.7],[30.76,-2.29],[30.47,-2.41],[30.47,-2.41],[29.94,-2.35],[29.63,-2.92],[29.02,-2.84],[29.12,-2.29],[29.25,-2.22],[29.29,-1.62],[29.58,-1.34],[29.82,-1.44],[30.42,-1.13]]]}},{"type":"Feature","properties":{"name":"Bosnia and Herz.","level":"country"},"geometry":{"type":"Polygon","coordinates":[[[18.56,42.65],[17.67,43.03],[17.3,43.45],[16.92,43.67],[16.46,44.04],[16.24,44.35],[15.75,44.82],[15.96,45.23],[16.32,45.0],[16.53,45.21],[17.0,45.23],[17.86,45.07],[18.55,45.08],[19.01,44.86],[19.01,44.86],[19.37,44.86],[19.12,44.42],[19.6,44.04],[19.45,43.57],[19.22,43.52],[19.03,43.43],[18.71,43.2],[18.56,42.65]]]}},{"type":"Feature","properties":{"name":"North Macedonia","level":"country"},"geometry":{"type":"Polygon","coordinates":[[[22.38,42.32],[22.88,42.0],[22.95,41.34],[22.76,41.3],[22.6,41.13],[22.06,41.15],[21.67,40.93],[21.02,40.84],[20.61,41.09],[20.46,41.52],[20.59,41.86],[20.59,41.86],[20.72,41.85],[20.76,42.05],[21.35,42.21],[21.58,42.25],[21.92,42.3],[22.38,42.32]]]}},{"type":"Feature","properties":{"name":"Serbia","level":"country"},"geometry":{"type":"Polygon","coordinates":[[[18.83,45.91],[18.83,45.91],[19.6,46.17],[20.22,46.13],[20.76,45.73],[20.87,45.42],[21.48,45.18],[21.56,44.77],[22.15,44.48],[22.46,44.7],[22.71,44.58],[22.47,44.41],[22.66,44.23],[22.41,44.01],[22.5,43.64],[22.99,43.21],[22.6,42.9],[22.44,42.58],[22.55,42.46],[22.38,42.32],[21.92,42.3],[21.58,42.25],[21.54,42.32],[21.66,42.44],[21.78,42.68],[21.63,42.68],[21.44,42.86],[21.27,42.91],[21.14,43.07],[20.96,43.13],[20.81,43.27],[20.64,43.22],[20.5,42.88],[20.26,42.81],[20.34,42.9],[19.96,43.11],[19.63,43.21],[19.48,43.35],[19.22,43.52],[19.45,43.57],[19.6,44.04],[19.12,44.42],[19.37,44.86],[19.01,44.86],[19.01,44.86],[19.39,45.24],[19.07,45.52],[18.83,45.91]]]}},{"type":"Feature","properties":{"name":"Montenegro","level":"country"},"geometry":{"type":"Polygon","coordinates":[[[20.07,42.59],[19.8,42.5],[19.74,42.69],[19.3,42.2],[19.37,41.88],[19.16,41.96],[18.88,42.28],[18.45,42.48],[18.56,42.65],[18.71,43.2],[19.03,43.43],[19.22,43.52],[19.48,43.35],[19.63,43.21],[19.96,43.11],[20.34,42.9],[20.26,42.81],[20.07,42.59]]]}},{"type":"Feature","properties":{"name":"Kosovo","level":"country"},"geometry":{"type":"Polygon","coordinates":[[[20.59,41.86],[20.52,42.22],[20.28,42.32],[20.07,42.59],[20.26,42.81],[20.5,42.88],[20.64,43.22],[20.81,43.27],[20.96,43.13],[21.14,43.07],[21.27,42.91],[21.44,42.86],[21.63,42.68],[21.78,42.68],[21.66,42.44],[21.54,42.32],[21.58,42.25],[21.35,42.21],[20.76,42.05],[20.72,41.85],[20.59,41.86]]]}},{"type":"Feature","properties":{"name":"Trinidad and Tobago","level":"country"},"geometry":{"type":"Polygon","coordinates":[[[-61.68,10.76],[-61.1,10.89],[-60.9,10.86],[-60.94,10.11],[-61.77,10],[-61.95,10.09],[-61.66,10.37],[-61.68,10.76]]]}},{"type":"Feature","properties":{"name":"S. Sudan","level":"country"},"geometry":{"type":"Polygon","coordinates":[[[30.83,3.51],[29.95,4.17],[29.72,4.6],[29.16,4.39],[28.7,4.46],[28.43,4.29],[27.98,4.41],[27.37,5.23],[27.21,5.55],[26.47,5.95],[26.21,6.55],[25.8,6.98],[25.12,7.5],[25.11,7.83],[24.57,8.23],[23.89,8.62],[24.19,8.73],[24.54,8.92],[24.79,9.81],[25.07,10.27],[25.79,10.41],[25.96,10.14],[26.48,9.55],[26.75,9.47],[27.11,9.64],[27.83,9.6],[27.97,9.4],[28.97,9.4],[29.0,9.6],[29.52,9.79],[29.62,10.08],[30.0,10.29],[30.84,9.71],[31.35,9.81],[31.85,10.53],[32.4,11.08],[32.31,11.68],[32.07,11.97],[32.67,12.02],[32.74,12.25],[33.21,12.18],[33.09,11.44],[33.21,10.72],[33.72,10.33],[33.84,9.98],[33.82,9.48],[33.96,9.46],[33.97,8.68],[33.83,8.38],[33.29,8.35],[32.95,7.78],[33.57,7.71],[34.08,7.23],[34.25,6.83],[34.71,6.59],[35.3,5.51],[34.62,4.85],[34.01,4.25],[33.39,3.79],[32.69,3.79],[31.88,3.56],[31.25,3.78],[30.83,3.51]]]}},{"type":"Feature","properties":{"name":"United States Virgin Islands","level":"us_state"},"geometry":{"type":"MultiPolygon","coordinates":[[[[-64.768,18.26],[-64.664,18.261],[-64.64,18.364],[-64.8,18.408],[-64.865,18.396],[-64.9,18.464],[-65.092,18.447],[-65.154,18.293],[-65.117,18.235],[-65.05,18.269],[-64.946,18.257],[-64.858,18.18],[-64.768,18.26]]],[[[-64.957,17.679],[-64.916,17.625],[-64.756,17.631],[-64.549,17.703],[-64.513,17.76],[-64.612,17.843],[-64.698,17.809],[-64.747,17.835],[-64.883,17.82],[-64.934,17.785],[-64.957,17.679]]]]}},{"type":"Feature","properties":{"name":"Maryland","level":"us_state"},"geometry":{"type":"Polygon","coordinates":[[[-75.756,39.246],[-75.789,39.722],[-79.477,39.721],[-79.473,39.202],[-79.346,39.294],[-79.29,39.299],[-79.256,39.357],[-79.162,39.388],[-79.102,39.476],[-79.047,39.483],[-78.957,39.44],[-78.893,39.524],[-78.816,39.563],[-78.826,39.589],[-78.766,39.648],[-78.778,39.622],[-78.733,39.615],[-78.777,39.604],[-78.761,39.583],[-78.565,39.519],[-78.467,39.517],[-78.461,39.551],[-78.417,39.549],[-78.457,39.588],[-78.395,39.585],[-78.43,39.623],[-78.266,39.619],[-78.177,39.696],[-77.946,39.585],[-77.941,39.619],[-77.837,39.606],[-77.836,39.567],[-77.889,39.555],[-77.861,39.514],[-77.825,39.528],[-77.845,39.498],[-77.766,39.496],[-77.803,39.438],[-77.738,39.399],[-77.759,39.337],[-77.567,39.306],[-77.459,39.228],[-77.528,39.145],[-77.461,39.075],[-77.305,39.051],[-77.247,39.025],[-77.235,38.976],[-77.12,38.934],[-77.041,38.996],[-76.909,38.893],[-77.04,38.79],[-77.043,38.718],[-77.123,38.685],[-77.13,38.635],[-77.246,38.593],[-77.319,38.474],[-77.284,38.343],[-77.179,38.342],[-77.042,38.401],[-77.011,38.374],[-77.028,38.305],[-76.962,38.257],[-76.949,38.208],[-76.839,38.164],[-76.605,38.149],[-76.517,38.027],[-76.236,37.887],[-76.052,37.954],[-75.944,37.946],[-75.953,37.907],[-75.801,37.912],[-75.705,37.955],[-75.648,37.947],[-75.624,37.994],[-75.166,38.028],[-75.021,38.31],[-74.986,38.452],[-75.694,38.46],[-75.756,39.246]]]}},{"type":"Feature","properties":{"name":"Rhode Island","level":"us_state"},"geometry":{"type":"MultiPolygon","coordinates":[[[[-71.208,41.691],[-71.34,41.797],[-71.339,41.899],[-71.381,41.894],[-71.381,42.019],[-71.799,42.008],[-71.798,41.417],[-71.842,41.41],[-71.829,41.342],[-71.907,41.304],[-71.791,41.184],[-71.791,41.272],[-71.575,41.321],[-71.495,41.307],[-71.119,41.413],[-71.089,41.431],[-71.121,41.493],[-71.133,41.66],[-71.208,41.691]]],[[[-71.679,41.159],[-71.619,41.099],[-71.518,41.107],[-71.477,41.156],[-71.489,41.235],[-71.536,41.286],[-71.592,41.289],[-71.635,41.264],[-71.679,41.159]]]]}},{"type":"Feature","properties":{"name":"Idaho","level":"us_state"},"geometry":{"type":"Polygon","coordinates":[[[-116.358,49.0],[-117.032,48.999],[-117.035,46.418],[-117.063,46.354],[-116.986,46.296],[-116.965,46.203],[-116.922,46.169],[-116.982,46.085],[-116.86,45.907],[-116.782,45.825],[-116.71,45.826],[-116.665,45.782],[-116.548,45.752],[-116.535,45.692],[-116.463,45.611],[-116.674,45.322],[-116.73,45.142],[-116.848,45.023],[-116.858,44.977],[-116.826,44.982],[-116.852,44.888],[-116.935,44.784],[-117.062,44.727],[-117.149,44.536],[-117.225,44.482],[-117.215,44.427],[-117.243,44.396],[-117.19,44.337],[-117.223,44.298],[-117.198,44.274],[-117.104,44.28],[-117.051,44.229],[-116.976,44.243],[-116.972,44.197],[-116.894,44.162],[-116.977,44.085],[-116.935,43.989],[-116.976,43.975],[-116.962,43.918],[-117.033,43.83],[-117.026,42.0],[-111.047,42.002],[-111.049,44.474],[-111.228,44.577],[-111.219,44.623],[-111.385,44.755],[-111.414,44.711],[-111.489,44.706],[-111.472,44.666],[-111.516,44.644],[-111.524,44.592],[-111.468,44.539],[-111.703,44.56],[-111.822,44.509],[-111.869,44.567],[-112.106,44.521],[-112.287,44.569],[-112.353,44.538],[-112.387,44.447],[-112.718,44.504],[-112.781,44.485],[-112.84,44.425],[-112.812,44.377],[-112.854,44.36],[-112.89,44.406],[-113.005,44.453],[-113.027,44.496],[-113.007,44.526],[-113.088,44.6],[-113.051,44.635],[-113.131,44.773],[-113.247,44.823],[-113.341,44.785],[-113.378,44.835],[-113.455,44.865],[-113.499,44.942],[-113.444,44.959],[-113.452,45.059],[-113.522,45.091],[-113.511,45.116],[-113.57,45.124],[-113.592,45.185],[-113.692,45.263],[-113.739,45.329],[-113.733,45.391],[-113.776,45.408],[-113.766,45.521],[-113.835,45.521],[-113.806,45.602],[-113.905,45.622],[-113.935,45.694],[-114.015,45.696],[-114.015,45.653],[-114.086,45.591],[-114.194,45.536],[-114.248,45.546],[-114.27,45.485],[-114.33,45.46],[-114.426,45.511],[-114.456,45.562],[-114.565,45.558],[-114.538,45.607],[-114.564,45.638],[-114.508,45.658],[-114.495,45.704],[-114.566,45.773],[-114.51,45.845],[-114.41,45.852],[-114.388,45.884],[-114.431,45.936],[-114.412,45.978],[-114.48,45.993],[-114.48,46.03],[-114.508,46.031],[-114.46,46.098],[-114.527,46.145],[-114.444,46.169],[-114.471,46.266],[-114.425,46.288],[-114.422,46.387],[-114.368,46.437],[-114.403,46.499],[-114.343,46.518],[-114.322,46.649],[-114.358,46.671],[-114.467,46.632],[-114.606,46.636],[-114.643,46.673],[-114.621,46.707],[-114.665,46.739],[-114.767,46.697],[-114.787,46.783],[-114.895,46.802],[-114.948,46.86],[-114.925,46.919],[-115.049,46.97],[-115.144,47.102],[-115.301,47.188],[-115.32,47.257],[-115.482,47.281],[-115.578,47.367],[-115.759,47.423],[-115.629,47.48],[-115.686,47.485],[-115.698,47.531],[-115.756,47.548],[-115.688,47.595],[-115.737,47.654],[-115.723,47.695],[-115.831,47.755],[-115.852,47.828],[-116.049,47.977],[-116.049,49.001],[-116.358,49.0]]]}},{"type":"Feature","properties":{"name":"New Hampshire","level":"us_state"},"geometry":{"type":"Polygon","coordinates":[[[-70.839,43.244],[-70.988,43.39],[-70.951,43.551],[-70.973,43.571],[-71.084,45.305],[-71.148,45.239],[-71.231,45.249],[-71.284,45.302],[-71.384,45.234],[-71.443,45.238],[-71.397,45.204],[-71.428,45.124],[-71.506,45.048],[-71.501,45.013],[-71.465,45.013],[-71.542,44.985],[-71.495,44.904],[-71.632,44.752],[-71.535,44.588],[-71.597,44.559],[-71.577,44.502],[-71.703,44.414],[-71.794,44.399],[-71.815,44.354],[-72.029,44.322],[-72.068,44.273],[-72.032,44.079],[-72.117,43.994],[-72.091,43.966],[-72.185,43.864],[-72.205,43.771],[-72.3,43.706],[-72.328,43.601],[-72.38,43.573],[-72.416,43.377],[-72.395,43.313],[-72.457,43.148],[-72.433,43.119],[-72.468,43.053],[-72.443,43.008],[-72.534,42.953],[-72.557,42.853],[-72.515,42.766],[-72.458,42.727],[-71.295,42.697],[-71.245,42.743],[-71.182,42.737],[-71.167,42.809],[-71.064,42.806],[-71.031,42.859],[-70.915,42.887],[-70.848,42.861],[-70.735,42.875],[-70.694,42.957],[-70.655,42.922],[-70.575,42.917],[-70.706,43.075],[-70.827,43.127],[-70.81,43.225],[-70.839,43.244]]]}},{"type":"Feature","properties":{"name":"California","level":"us_state"},"geometry":{"type":"MultiPolygon","coordinates":[[[[-120.0,41.184],[-119.999,41.995],[-124.329,41.998],[-124.289,41.97],[-124.285,41.859],[-124.401,41.886],[-124.439,41.825],[-124.212,41.681],[-124.133,41.432],[-124.14,41.382],[-124.207,41.385],[-124.242,41.343],[-124.22,41.303],[-124.161,41.289],[-124.196,41.185],[-124.252,41.134],[-124.183,41.001],[-124.198,40.951],[-124.403,40.613],[-124.481,40.428],[-124.428,40.362],[-124.411,40.225],[-124.154,40.064],[-124.133,40.0],[-123.901,39.78],[-123.835,39.549],[-123.875,39.494],[-123.895,39.348],[-123.762,39.041],[-123.81,38.961],[-123.785,38.894],[-123.511,38.681],[-123.361,38.51],[-123.165,38.388],[-123.135,38.296],[-123.015,38.149],[-123.085,38.008],[-123.068,37.959],[-122.953,37.941],[-122.889,37.974],[-122.767,37.866],[-122.588,37.789],[-122.575,37.5],[-122.467,37.35],[-122.464,37.178],[-122.376,37.066],[-122.076,36.91],[-122.001,36.648],[-122.044,36.578],[-121.958,36.285],[-121.728,36.129],[-121.632,35.979],[-121.561,35.944],[-121.501,35.843],[-121.393,35.763],[-121.324,35.625],[-121.202,35.584],[-121.042,35.42],[-120.933,35.393],[-120.961,35.25],[-120.918,35.187],[-120.8,35.117],[-120.69,35.099],[-120.734,34.901],[-120.673,34.839],[-120.702,34.748],[-120.665,34.696],[-120.713,34.575],[-120.682,34.525],[-120.559,34.488],[-120.524,34.42],[-120.456,34.391],[-120.147,34.423],[-119.716,34.336],[-119.585,34.362],[-119.335,34.237],[-119.218,34.062],[-119.159,34.04],[-118.815,33.947],[-118.557,33.988],[-118.447,33.849],[-118.484,33.803],[-118.467,33.726],[-118.319,33.66],[-118.126,33.697],[-117.468,33.212],[-117.376,33.075],[-117.323,32.903],[-117.342,32.84],[-117.309,32.656],[-117.223,32.621],[-117.205,32.53],[-114.719,32.719],[-114.702,32.746],[-114.617,32.728],[-114.527,32.757],[-114.53,32.795],[-114.469,32.845],[-114.469,32.972],[-114.52,33.03],[-114.665,33.034],[-114.706,33.088],[-114.672,33.258],[-114.731,33.302],[-114.698,33.352],[-114.725,33.405],[-114.643,33.417],[-114.524,33.553],[-114.532,33.675],[-114.494,33.708],[-114.528,33.815],[-114.508,33.904],[-114.536,33.934],[-114.438,34.023],[-114.434,34.087],[-114.131,34.263],[-114.177,34.349],[-114.387,34.458],[-114.381,34.53],[-114.437,34.596],[-114.47,34.711],[-114.634,34.873],[-114.633,35.002],[-117.5,37.22],[-120.001,39.0],[-120.0,41.184]]],[[[-119.492,33.983],[-119.38,33.954],[-119.312,33.98],[-119.294,34.028],[-119.342,34.069],[-119.468,34.063],[-119.557,34.109],[-119.655,34.071],[-119.751,34.113],[-119.929,34.13],[-119.992,34.065],[-120.045,34.091],[-120.253,34.058],[-120.355,34.145],[-120.419,34.161],[-120.472,34.134],[-120.538,34.15],[-120.582,34.108],[-120.488,33.984],[-120.299,33.968],[-120.221,33.884],[-120.126,33.842],[-119.939,33.899],[-119.905,33.94],[-119.834,33.901],[-119.707,33.91],[-119.492,33.983]]],[[[-119.636,33.281],[-119.605,33.207],[-119.512,33.168],[-119.395,33.181],[-119.361,33.221],[-119.38,33.268],[-119.519,33.334],[-119.599,33.323],[-119.636,33.281]]],[[[-123.174,37.776],[-123.041,37.65],[-122.987,37.642],[-122.941,37.677],[-122.95,37.732],[-123.07,37.814],[-123.132,37.82],[-123.174,37.776]]],[[[-119.117,33.506],[-119.072,33.414],[-118.989,33.423],[-118.964,33.467],[-119.001,33.536],[-119.117,33.506]]],[[[-118.668,33.486],[-118.487,33.277],[-118.328,33.248],[-118.249,33.284],[-118.258,33.364],[-118.359,33.465],[-118.529,33.531],[-118.626,33.529],[-118.668,33.486]]],[[[-118.678,33.04],[-118.553,32.829],[-118.465,32.76],[-118.408,32.752],[-118.296,32.798],[-118.297,32.845],[-118.542,33.074],[-118.633,33.085],[-118.678,33.04]]]]}},{"type":"Feature","properties":{"name":"New Jersey","level":"us_state"},"geometry":{"type":"Polygon","coordinates":[[[-74.465,39.298],[-74.369,39.321],[-74.287,39.398],[-74.038,39.75],[-73.965,40.113],[-73.891,40.311],[-73.888,40.484],[-73.978,40.519],[-74.225,40.477],[-74.258,40.509],[-74.191,40.642],[-74.056,40.651],[-73.894,40.997],[-74.696,41.358],[-74.796,41.32],[-74.883,41.18],[-74.982,41.108],[-74.969,41.087],[-75.131,40.99],[-75.051,40.866],[-75.096,40.847],[-75.109,40.791],[-75.197,40.752],[-75.204,40.691],[-75.177,40.676],[-75.194,40.576],[-75.068,40.541],[-75.059,40.418],[-74.967,40.398],[-74.94,40.338],[-74.723,40.149],[-74.823,40.127],[-75.129,39.961],[-75.142,39.885],[-75.342,39.846],[-75.451,39.775],[-75.559,39.63],[-75.512,39.567],[-75.561,39.456],[-75.321,39.251],[-75.015,38.789],[-74.733,38.968],[-74.625,39.144],[-74.465,39.298]],[[-74.047,40.691],[-74.044,40.69],[-74.044,40.689],[-74.047,40.691]],[[-74.041,40.7],[-74.038,40.699],[-74.04,40.699],[-74.041,40.7]]]}},{"type":"Feature","properties":{"name":"South Carolina","level":"us_state"},"geometry":{"type":"Polygon","coordinates":[[[-81.367,35.165],[-82.291,35.2],[-82.371,35.181],[-82.394,35.215],[-82.44,35.166],[-82.682,35.128],[-82.757,35.067],[-82.783,35.086],[-83.109,35.001],[-83.112,34.935],[-83.306,34.817],[-83.354,34.699],[-83.233,34.612],[-83.16,34.603],[-83.035,34.484],[-82.902,34.487],[-82.859,34.455],[-82.834,34.365],[-82.747,34.267],[-82.717,34.151],[-82.642,34.093],[-82.557,33.945],[-82.324,33.82],[-82.247,33.753],[-82.186,33.621],[-82.046,33.564],[-81.986,33.487],[-81.926,33.463],[-81.91,33.412],[-81.945,33.408],[-81.94,33.345],[-81.847,33.307],[-81.863,33.289],[-81.828,33.263],[-81.852,33.247],[-81.769,33.217],[-81.752,33.149],[-81.492,33.009],[-81.502,32.935],[-81.418,32.818],[-81.428,32.702],[-81.393,32.652],[-81.419,32.629],[-81.367,32.577],[-81.281,32.556],[-81.187,32.464],[-81.205,32.423],[-81.16,32.34],[-81.129,32.338],[-81.12,32.287],[-81.157,32.243],[-81.114,32.196],[-81.115,32.115],[-81.038,32.084],[-81.004,32.102],[-80.925,32.042],[-80.823,32.034],[-80.783,31.996],[-80.748,32.084],[-80.566,32.172],[-80.497,32.25],[-80.392,32.28],[-80.375,32.342],[-80.243,32.472],[-80.121,32.499],[-80.089,32.549],[-79.968,32.564],[-79.798,32.676],[-79.76,32.738],[-79.535,32.87],[-79.496,32.932],[-79.322,32.956],[-79.273,33.047],[-79.082,33.171],[-79.12,33.247],[-79.088,33.369],[-78.911,33.589],[-78.696,33.753],[-78.499,33.813],[-79.676,34.805],[-80.797,34.82],[-80.782,34.936],[-80.935,35.107],[-81.041,35.045],[-81.034,35.149],[-81.367,35.165]]]}},{"type":"Feature","properties":{"name":"Michigan","level":"us_state"},"geometry":{"type":"Polygon","coordinates":[[[-87.113,47.818],[-88.37,48.306],[-88.677,48.245],[-89.338,47.974],[-89.483,48.014],[-90.418,46.566],[-90.393,46.532],[-90.332,46.553],[-90.317,46.517],[-90.217,46.502],[-90.121,46.337],[-89.092,46.138],[-88.816,46.021],[-88.679,46.014],[-88.671,45.989],[-88.515,46.02],[-88.489,45.991],[-88.102,45.922],[-88.101,45.882],[-88.07,45.873],[-88.13,45.81],[-87.877,45.754],[-87.782,45.683],[-87.824,45.648],[-87.777,45.588],[-87.834,45.562],[-87.793,45.5],[-87.862,45.434],[-87.849,45.404],[-87.888,45.355],[-87.754,45.349],[-87.694,45.39],[-87.657,45.369],[-87.648,45.339],[-87.742,45.197],[-87.66,45.108],[-87.443,45.076],[-87.406,45.202],[-87.171,45.353],[-87.101,45.444],[-86.754,45.444],[-86.25,45.236],[-86.5,45.081],[-86.686,44.881],[-87.013,44.132],[-87.114,43.734],[-87.147,43.38],[-87.02,42.494],[-87.208,41.761],[-84.806,41.76],[-84.806,41.696],[-83.416,41.734],[-83.112,41.959],[-83.149,42.04],[-83.128,42.239],[-83.08,42.307],[-82.83,42.373],[-82.662,42.542],[-82.585,42.553],[-82.519,42.614],[-82.468,42.762],[-82.456,42.926],[-82.123,43.591],[-82.521,45.336],[-83.484,45.772],[-83.637,45.774],[-83.434,45.999],[-83.571,46.106],[-83.655,46.122],[-83.826,46.119],[-83.955,46.057],[-84.006,46.15],[-84.108,46.241],[-84.146,46.419],[-84.111,46.504],[-84.129,46.53],[-84.226,46.534],[-84.276,46.493],[-84.42,46.501],[-84.476,46.453],[-84.557,46.461],[-84.763,46.634],[-84.859,46.889],[-87.113,47.818]]]}},{"type":"Feature","properties":{"name":"Arkansas","level":"us_state"},"geometry":{"type":"Polygon","coordinates":[[[-90.956,34.119],[-90.91,34.166],[-90.845,34.137],[-90.808,34.162],[-90.914,34.196],[-90.929,34.245],[-90.847,34.206],[-90.832,34.277],[-90.738,34.289],[-90.764,34.364],[-90.676,34.371],[-90.693,34.323],[-90.669,34.313],[-90.657,34.377],[-90.584,34.412],[-90.593,34.491],[-90.54,34.554],[-90.592,34.621],[-90.57,34.693],[-90.542,34.684],[-90.534,34.627],[-90.463,34.684],[-90.572,34.713],[-90.544,34.792],[-90.493,34.772],[-90.517,34.727],[-90.448,34.74],[-90.48,34.882],[-90.437,34.883],[-90.439,34.825],[-90.308,34.845],[-90.318,34.871],[-90.241,34.919],[-90.308,34.993],[-90.297,35.039],[-90.207,35.026],[-90.168,35.121],[-90.067,35.138],[-90.117,35.188],[-90.076,35.213],[-90.091,35.245],[-90.169,35.28],[-90.11,35.305],[-90.08,35.384],[-90.129,35.414],[-90.136,35.377],[-90.179,35.385],[-90.108,35.477],[-90.068,35.467],[-90.054,35.389],[-90.003,35.43],[-90.048,35.504],[-90.031,35.554],[-89.905,35.519],[-89.958,35.589],[-89.851,35.658],[-89.925,35.658],[-89.958,35.727],[-89.907,35.759],[-89.825,35.745],[-89.782,35.805],[-89.699,35.819],[-89.773,35.866],[-89.745,35.911],[-89.669,35.875],[-89.644,35.89],[-89.733,36.001],[-90.378,35.996],[-90.32,36.09],[-90.064,36.303],[-90.064,36.384],[-90.139,36.414],[-90.152,36.498],[-94.618,36.5],[-94.431,35.393],[-94.486,33.638],[-94.448,33.642],[-94.472,33.603],[-94.412,33.569],[-94.381,33.582],[-94.401,33.561],[-94.382,33.544],[-94.243,33.59],[-94.251,33.557],[-94.195,33.555],[-94.217,33.58],[-94.184,33.595],[-94.129,33.551],[-94.074,33.585],[-94.043,33.552],[-94.043,33.019],[-91.166,33.004],[-91.121,33.058],[-91.202,33.124],[-91.086,33.136],[-91.1,33.219],[-91.044,33.276],[-91.078,33.284],[-91.106,33.242],[-91.142,33.349],[-91.058,33.447],[-91.087,33.451],[-91.148,33.379],[-91.209,33.406],[-91.132,33.43],[-91.134,33.483],[-91.17,33.498],[-91.177,33.444],[-91.236,33.439],[-91.182,33.5],[-91.233,33.563],[-91.129,33.607],[-91.23,33.682],[-91.16,33.707],[-91.093,33.658],[-91.034,33.674],[-91.061,33.715],[-91.13,33.712],[-91.145,33.768],[-90.991,33.777],[-91.073,33.859],[-91.011,33.935],[-91.085,33.957],[-91.09,33.991],[-91.019,34.003],[-90.976,33.961],[-90.988,34.019],[-90.891,34.029],[-90.873,34.088],[-90.956,34.119]]]}},{"type":"Feature","properties":{"name":"Mississippi","level":"us_state"},"geometry":{"type":"Polygon","coordinates":[[[-88.431,32.228],[-88.098,34.893],[-88.2,34.996],[-90.308,34.996],[-90.241,34.926],[-90.318,34.871],[-90.307,34.847],[-90.439,34.825],[-90.436,34.882],[-90.477,34.885],[-90.448,34.742],[-90.475,34.724],[-90.524,34.731],[-90.493,34.772],[-90.544,34.792],[-90.572,34.713],[-90.463,34.684],[-90.534,34.627],[-90.542,34.684],[-90.57,34.693],[-90.592,34.621],[-90.54,34.554],[-90.593,34.491],[-90.586,34.409],[-90.657,34.377],[-90.669,34.313],[-90.693,34.323],[-90.676,34.371],[-90.764,34.364],[-90.738,34.289],[-90.832,34.277],[-90.847,34.206],[-90.936,34.238],[-90.908,34.192],[-90.807,34.164],[-90.845,34.137],[-90.91,34.166],[-90.959,34.135],[-90.871,34.08],[-90.894,34.026],[-90.988,34.019],[-90.966,33.965],[-91.086,34.006],[-91.086,33.958],[-91.01,33.932],[-91.069,33.843],[-90.989,33.783],[-91.133,33.783],[-91.149,33.731],[-91.059,33.715],[-91.034,33.674],[-91.093,33.658],[-91.16,33.707],[-91.23,33.685],[-91.129,33.607],[-91.233,33.563],[-91.182,33.5],[-91.236,33.439],[-91.177,33.444],[-91.17,33.498],[-91.134,33.483],[-91.132,33.43],[-91.209,33.406],[-91.148,33.379],[-91.087,33.451],[-91.058,33.447],[-91.142,33.35],[-91.142,33.3],[-91.101,33.238],[-91.077,33.284],[-91.045,33.267],[-91.1,33.219],[-91.086,33.136],[-91.201,33.126],[-91.12,33.055],[-91.214,32.927],[-91.152,32.902],[-91.136,32.98],[-91.087,32.976],[-91.064,32.901],[-91.145,32.843],[-91.166,32.753],[-91.055,32.719],[-91.152,32.62],[-91.12,32.585],[-91.016,32.642],[-91.008,32.604],[-91.08,32.556],[-90.987,32.496],[-91.038,32.49],[-91.094,32.549],[-91.116,32.483],[-91.051,32.438],[-90.97,32.439],[-90.994,32.354],[-90.912,32.339],[-90.876,32.372],[-90.922,32.299],[-90.979,32.294],[-90.995,32.193],[-91.039,32.242],[-91.164,32.197],[-91.163,32.133],[-91.054,32.124],[-91.058,32.181],[-91.004,32.146],[-91.081,32.048],[-91.159,32.073],[-91.076,32.017],[-91.185,31.966],[-91.182,31.916],[-91.268,31.863],[-91.254,31.814],[-91.283,31.816],[-91.294,31.86],[-91.345,31.844],[-91.366,31.761],[-91.263,31.755],[-91.369,31.747],[-91.401,31.62],[-91.515,31.63],[-91.493,31.59],[-91.405,31.576],[-91.523,31.522],[-91.475,31.369],[-91.522,31.375],[-91.543,31.433],[-91.576,31.41],[-91.509,31.315],[-91.516,31.278],[-91.654,31.256],[-91.589,31.189],[-91.627,31.119],[-91.56,31.054],[-91.637,30.999],[-89.732,31.005],[-89.782,30.819],[-89.835,30.771],[-89.816,30.739],[-89.852,30.662],[-89.814,30.638],[-89.804,30.549],[-89.683,30.452],[-89.684,30.406],[-89.63,30.339],[-89.647,30.289],[-89.577,30.183],[-89.535,30.195],[-89.495,30.161],[-89.184,30.212],[-89.096,30.166],[-88.889,30.14],[-88.9,30.17],[-88.821,30.217],[-88.461,30.147],[-88.385,30.158],[-88.473,31.894],[-88.431,32.228]]]}},{"type":"Feature","properties":{"name":"Missouri","level":"us_state"},"geometry":{"type":"Polygon","coordinates":[[[-93.374,40.58],[-95.774,40.578],[-95.757,40.526],[-95.709,40.522],[-95.679,40.563],[-95.656,40.547],[-95.7,40.505],[-95.623,40.342],[-95.657,40.311],[-95.562,40.297],[-95.552,40.262],[-95.476,40.241],[-95.479,40.186],[-95.393,40.119],[-95.411,40.036],[-95.315,40.012],[-95.205,39.94],[-95.203,39.905],[-95.15,39.906],[-95.125,39.873],[-94.93,39.89],[-94.941,39.853],[-94.876,39.813],[-94.935,39.773],[-94.87,39.773],[-94.863,39.742],[-94.964,39.74],[-94.971,39.687],[-95.028,39.665],[-95.051,39.588],[-95.105,39.577],[-95.11,39.545],[-94.942,39.389],[-94.885,39.39],[-94.906,39.315],[-94.831,39.255],[-94.832,39.216],[-94.741,39.17],[-94.678,39.184],[-94.589,39.151],[-94.618,36.499],[-90.152,36.498],[-90.139,36.414],[-90.064,36.384],[-90.064,36.303],[-90.32,36.09],[-90.378,35.996],[-89.707,36.001],[-89.679,36.085],[-89.592,36.142],[-89.702,36.246],[-89.535,36.253],[-89.62,36.323],[-89.532,36.339],[-89.51,36.374],[-89.567,36.565],[-89.48,36.569],[-89.494,36.474],[-89.464,36.458],[-89.366,36.625],[-89.325,36.631],[-89.263,36.566],[-89.219,36.575],[-89.159,36.666],[-89.198,36.74],[-89.117,36.766],[-89.179,36.83],[-89.138,36.847],[-89.099,36.963],[-89.185,36.974],[-89.255,37.072],[-89.308,37.068],[-89.26,37.023],[-89.279,36.989],[-89.384,37.046],[-89.377,37.091],[-89.456,37.188],[-89.459,37.249],[-89.518,37.285],[-89.421,37.388],[-89.517,37.537],[-89.52,37.583],[-89.476,37.593],[-89.518,37.641],[-89.517,37.693],[-89.663,37.75],[-89.67,37.8],[-89.843,37.905],[-89.902,37.87],[-89.948,37.88],[-89.975,37.927],[-89.925,37.96],[-89.997,37.963],[-90.111,38.027],[-90.359,38.222],[-90.371,38.334],[-90.185,38.612],[-90.211,38.721],[-90.119,38.802],[-90.113,38.849],[-90.439,38.967],[-90.561,38.869],[-90.663,38.926],[-90.714,39.054],[-90.681,39.101],[-90.73,39.256],[-91.038,39.448],[-91.1,39.539],[-91.154,39.548],[-91.182,39.603],[-91.369,39.731],[-91.362,39.79],[-91.437,39.847],[-91.419,39.928],[-91.495,40.036],[-91.511,40.126],[-91.491,40.283],[-91.419,40.378],[-91.525,40.411],[-91.525,40.458],[-91.575,40.466],[-91.62,40.541],[-91.689,40.557],[-91.729,40.614],[-93.374,40.58]]]}},{"type":"Feature","properties":{"name":"Montana","level":"us_state"},"geometry":{"type":"Polygon","coordinates":[[[-105.058,48.999],[-116.049,49.001],[-116.049,47.977],[-115.852,47.828],[-115.831,47.755],[-115.723,47.695],[-115.737,47.654],[-115.688,47.595],[-115.756,47.548],[-115.698,47.531],[-115.686,47.485],[-115.629,47.48],[-115.759,47.423],[-115.578,47.367],[-115.482,47.281],[-115.32,47.257],[-115.301,47.188],[-115.144,47.102],[-115.049,46.97],[-114.925,46.919],[-114.948,46.86],[-114.895,46.802],[-114.787,46.783],[-114.767,46.697],[-114.665,46.739],[-114.621,46.707],[-114.643,46.673],[-114.606,46.636],[-114.467,46.632],[-114.358,46.671],[-114.322,46.649],[-114.343,46.518],[-114.403,46.499],[-114.368,46.437],[-114.422,46.387],[-114.425,46.288],[-114.471,46.266],[-114.444,46.169],[-114.527,46.145],[-114.46,46.098],[-114.508,46.031],[-114.48,46.03],[-114.48,45.993],[-114.412,45.978],[-114.431,45.936],[-114.388,45.884],[-114.41,45.852],[-114.51,45.845],[-114.566,45.773],[-114.495,45.704],[-114.508,45.658],[-114.564,45.638],[-114.538,45.607],[-114.565,45.558],[-114.456,45.562],[-114.426,45.511],[-114.33,45.46],[-114.27,45.485],[-114.248,45.546],[-114.194,45.536],[-114.086,45.591],[-114.015,45.653],[-114.015,45.696],[-113.935,45.694],[-113.905,45.622],[-113.806,45.602],[-113.835,45.521],[-113.766,45.521],[-113.776,45.408],[-113.733,45.391],[-113.739,45.329],[-113.692,45.263],[-113.592,45.185],[-113.57,45.124],[-113.511,45.116],[-113.522,45.091],[-113.452,45.059],[-113.444,44.959],[-113.499,44.942],[-113.455,44.865],[-113.378,44.835],[-113.341,44.785],[-113.247,44.823],[-113.131,44.773],[-113.051,44.635],[-113.088,44.6],[-113.007,44.526],[-113.027,44.496],[-113.005,44.453],[-112.89,44.406],[-112.854,44.359],[-112.812,44.377],[-112.84,44.425],[-112.781,44.485],[-112.718,44.504],[-112.387,44.447],[-112.353,44.538],[-112.287,44.569],[-112.106,44.521],[-111.869,44.567],[-111.822,44.509],[-111.703,44.56],[-111.468,44.539],[-111.524,44.592],[-111.516,44.644],[-111.472,44.666],[-111.489,44.706],[-111.414,44.711],[-111.385,44.755],[-111.219,44.623],[-111.228,44.577],[-111.056,44.477],[-111.055,45.001],[-104.04,44.998],[-104.049,49.0],[-105.058,48.999]]]}},{"type":"Feature","properties":{"name":"Kansas","level":"us_state"},"geometry":{"type":"Polygon","coordinates":[[[-94.618,37.761],[-94.588,39.15],[-94.678,39.184],[-94.741,39.17],[-94.832,39.216],[-94.831,39.255],[-94.906,39.315],[-94.885,39.39],[-94.942,39.389],[-95.109,39.542],[-95.105,39.577],[-95.051,39.588],[-95.028,39.665],[-94.971,39.687],[-94.964,39.74],[-94.863,39.742],[-94.87,39.773],[-94.935,39.773],[-94.877,39.823],[-94.94,39.852],[-94.952,39.901],[-95.09,39.863],[-95.202,39.904],[-95.205,39.94],[-95.308,40.0],[-102.052,40.003],[-102.042,36.993],[-94.618,36.999],[-94.618,37.761]]]}},{"type":"Feature","properties":{"name":"Indiana","level":"us_state"},"geometry":{"type":"Polygon","coordinates":[[[-86.33,38.182],[-86.272,38.139],[-86.268,38.057],[-86.178,38.011],[-86.095,38.009],[-86.039,37.959],[-86.03,37.992],[-85.926,38.022],[-85.906,38.168],[-85.829,38.277],[-85.743,38.267],[-85.68,38.298],[-85.607,38.439],[-85.506,38.465],[-85.42,38.535],[-85.457,38.686],[-85.436,38.729],[-85.272,38.741],[-85.173,38.688],[-84.992,38.778],[-84.813,38.787],[-84.83,38.83],[-84.785,38.88],[-84.877,38.909],[-84.83,38.973],[-84.897,39.057],[-84.82,39.105],[-84.806,41.76],[-87.524,41.76],[-87.532,39.348],[-87.621,39.307],[-87.575,39.218],[-87.659,39.136],[-87.573,39.057],[-87.578,38.989],[-87.512,38.954],[-87.553,38.862],[-87.496,38.741],[-87.531,38.684],[-87.62,38.639],[-87.612,38.589],[-87.67,38.545],[-87.647,38.508],[-87.75,38.471],[-87.745,38.409],[-87.823,38.347],[-87.841,38.28],[-87.871,38.312],[-87.91,38.268],[-87.935,38.295],[-87.96,38.237],[-87.988,38.257],[-87.977,38.2],[-87.911,38.163],[-88.015,38.101],[-87.957,38.086],[-88.042,38.046],[-88.008,38.031],[-88.013,37.967],[-88.034,37.926],[-88.069,37.926],[-88.013,37.894],[-88.098,37.902],[-88.026,37.833],[-88.091,37.819],[-87.946,37.773],[-87.904,37.817],[-87.94,37.888],[-87.894,37.928],[-87.83,37.876],[-87.675,37.902],[-87.678,37.834],[-87.617,37.831],[-87.584,37.878],[-87.627,37.926],[-87.587,37.975],[-87.511,37.906],[-87.386,37.938],[-87.162,37.84],[-87.108,37.783],[-87.065,37.808],[-87.034,37.906],[-86.82,37.999],[-86.733,37.895],[-86.648,37.909],[-86.662,37.853],[-86.638,37.843],[-86.598,37.867],[-86.589,37.921],[-86.507,37.93],[-86.522,38.04],[-86.431,38.075],[-86.465,38.117],[-86.333,38.13],[-86.323,38.151],[-86.378,38.182],[-86.33,38.182]]]}},{"type":"Feature","properties":{"name":"Puerto Rico","level":"us_state"},"geometry":{"type":"MultiPolygon","coordinates":[[[[-66.323,17.878],[-66.22,17.863],[-65.853,17.941],[-65.716,18.106],[-65.618,18.154],[-65.625,18.077],[-65.55,18.028],[-65.25,18.084],[-65.216,18.144],[-65.272,18.196],[-65.464,18.222],[-65.555,18.185],[-65.465,18.244],[-65.462,18.293],[-65.297,18.227],[-65.211,18.241],[-65.172,18.333],[-65.221,18.395],[-65.303,18.388],[-65.377,18.421],[-65.464,18.393],[-65.625,18.451],[-65.679,18.419],[-65.757,18.473],[-65.993,18.517],[-66.908,18.533],[-67.088,18.568],[-67.176,18.544],[-67.222,18.498],[-67.208,18.442],[-67.319,18.381],[-67.286,18.282],[-67.214,18.211],[-67.267,17.983],[-67.261,17.929],[-67.215,17.887],[-66.921,17.875],[-66.788,17.916],[-66.574,17.913],[-66.583,17.862],[-66.531,17.832],[-66.424,17.882],[-66.323,17.878]]],[[[-67.999,18.171],[-67.993,18.062],[-67.946,18.018],[-67.871,18.0],[-67.797,18.059],[-67.795,18.116],[-67.834,18.164],[-67.895,18.167],[-67.945,18.21],[-67.999,18.171]]],[[[-67.543,18.386],[-67.489,18.327],[-67.418,18.373],[-67.473,18.438],[-67.543,18.386]]]]}},{"type":"Feature","properties":{"name":"South Dakota","level":"us_state"},"geometry":{"type":"Polygon","coordinates":[[[-98.724,45.939],[-104.046,45.945],[-104.053,43.001],[-98.499,42.999],[-98.444,42.929],[-98.147,42.84],[-98.035,42.764],[-97.937,42.776],[-97.842,42.868],[-97.686,42.842],[-97.238,42.853],[-97.13,42.772],[-96.979,42.76],[-96.962,42.72],[-96.907,42.734],[-96.806,42.704],[-96.793,42.666],[-96.691,42.656],[-96.71,42.605],[-96.611,42.506],[-96.549,42.521],[-96.501,42.483],[-96.445,42.491],[-96.494,42.516],[-96.477,42.556],[-96.53,42.61],[-96.516,42.63],[-96.639,42.737],[-96.581,42.838],[-96.55,42.838],[-96.541,42.924],[-96.499,42.958],[-96.521,42.98],[-96.492,43.01],[-96.521,43.04],[-96.461,43.064],[-96.436,43.12],[-96.477,43.222],[-96.569,43.233],[-96.549,43.248],[-96.589,43.295],[-96.53,43.3],[-96.522,43.387],[-96.603,43.451],[-96.599,43.5],[-96.453,43.5],[-96.453,45.301],[-96.522,45.376],[-96.693,45.417],[-96.857,45.605],[-96.839,45.648],[-96.663,45.739],[-96.584,45.819],[-96.564,45.935],[-98.724,45.939]]]}},{"type":"Feature","properties":{"name":"Colorado","level":"us_state"},"geometry":{"type":"Polygon","coordinates":[[[-105.155,36.995],[-102.042,36.993],[-102.052,41.002],[-109.05,41.001],[-109.045,36.999],[-105.155,36.995]]]}},{"type":"Feature","properties":{"name":"Pennsylvania","level":"us_state"},"geometry":{"type":"Polygon","coordinates":[[[-75.593,39.838],[-75.415,39.802],[-75.342,39.846],[-75.144,39.884],[-75.129,39.961],[-74.722,40.154],[-74.94,40.338],[-74.967,40.398],[-75.059,40.418],[-75.068,40.541],[-75.194,40.576],[-75.177,40.676],[-75.204,40.691],[-75.197,40.752],[-75.109,40.791],[-75.096,40.847],[-75.051,40.866],[-75.131,40.99],[-74.969,41.087],[-74.982,41.108],[-74.883,41.18],[-74.796,41.32],[-74.69,41.365],[-74.739,41.431],[-74.893,41.439],[-74.913,41.476],[-74.983,41.481],[-75.075,41.607],[-75.044,41.618],[-75.053,41.752],[-75.105,41.774],[-75.072,41.814],[-75.172,41.872],[-75.258,41.862],[-75.279,41.939],[-75.342,41.993],[-79.762,41.999],[-79.762,42.516],[-80.08,42.394],[-80.52,42.327],[-80.519,39.721],[-75.774,39.722],[-75.706,39.8],[-75.593,39.838]]]}},{"type":"Feature","properties":{"name":"Washington","level":"us_state"},"geometry":{"type":"Polygon","coordinates":[[[-118.404,46.001],[-116.916,45.995],[-116.983,46.09],[-116.922,46.169],[-116.965,46.203],[-116.986,46.296],[-117.063,46.354],[-117.035,46.418],[-117.032,48.999],[-123.322,49.002],[-123.008,48.831],[-123.008,48.767],[-123.268,48.694],[-123.219,48.549],[-123.115,48.423],[-123.248,48.284],[-123.541,48.225],[-123.679,48.24],[-124.012,48.297],[-124.75,48.5],[-124.772,48.474],[-124.746,48.446],[-124.815,48.406],[-124.761,48.296],[-124.781,48.229],[-124.848,48.188],[-124.785,48.087],[-124.799,47.973],[-124.54,47.716],[-124.555,47.644],[-124.461,47.625],[-124.414,47.369],[-124.306,47.248],[-124.251,47.097],[-124.247,46.918],[-124.195,46.844],[-124.145,46.67],[-124.131,46.408],[-124.16,46.261],[-124.036,46.264],[-124.025,46.299],[-123.873,46.235],[-123.741,46.269],[-123.501,46.271],[-123.448,46.25],[-123.431,46.182],[-123.371,46.146],[-123.116,46.185],[-122.884,46.06],[-122.785,45.868],[-122.764,45.657],[-122.675,45.618],[-122.267,45.544],[-121.983,45.623],[-121.867,45.693],[-121.533,45.727],[-121.216,45.671],[-121.196,45.617],[-121.146,45.608],[-121.064,45.652],[-120.896,45.643],[-120.635,45.746],[-120.483,45.694],[-120.211,45.726],[-119.966,45.824],[-119.67,45.857],[-119.572,45.925],[-119.488,45.906],[-119.126,45.933],[-118.987,46.0],[-118.404,46.001]]]}},{"type":"Feature","properties":{"name":"Louisiana","level":"us_state"},"geometry":{"type":"Polygon","coordinates":[[[-92.725,33.014],[-94.043,33.019],[-94.042,31.994],[-93.931,31.891],[-93.901,31.897],[-93.873,31.815],[-93.823,31.775],[-93.837,31.75],[-93.794,31.703],[-93.835,31.586],[-93.788,31.527],[-93.711,31.512],[-93.749,31.469],[-93.704,31.455],[-93.671,31.366],[-93.639,31.372],[-93.687,31.306],[-93.62,31.271],[-93.589,31.166],[-93.533,31.183],[-93.564,31.095],[-93.508,31.032],[-93.578,31.0],[-93.526,30.938],[-93.574,30.885],[-93.554,30.824],[-93.614,30.76],[-93.63,30.68],[-93.683,30.641],[-93.679,30.594],[-93.74,30.54],[-93.708,30.521],[-93.698,30.442],[-93.758,30.39],[-93.766,30.333],[-93.705,30.29],[-93.721,30.21],[-93.688,30.141],[-93.734,30.086],[-93.7,30.059],[-93.928,29.81],[-93.837,29.69],[-93.814,29.597],[-93.77,29.624],[-93.77,29.671],[-93.712,29.69],[-93.433,29.719],[-93.339,29.695],[-93.223,29.726],[-92.625,29.528],[-92.294,29.481],[-92.078,29.531],[-91.913,29.42],[-91.877,29.363],[-91.777,29.396],[-91.712,29.361],[-91.644,29.376],[-91.421,29.303],[-91.293,29.196],[-90.975,29.122],[-91.021,29.046],[-90.932,28.994],[-90.747,28.989],[-90.553,29.037],[-90.344,29.003],[-90.163,29.051],[-90.032,29.135],[-89.61,29.199],[-89.52,29.172],[-89.469,29.107],[-89.493,28.908],[-89.462,28.864],[-89.401,28.861],[-89.235,28.987],[-89.169,28.923],[-89.105,28.933],[-89.013,29.028],[-88.997,29.085],[-88.922,29.125],[-88.909,29.21],[-88.942,29.254],[-89.077,29.301],[-89.142,29.429],[-89.039,29.492],[-88.823,29.715],[-88.767,29.841],[-88.767,29.982],[-88.855,30.136],[-89.096,30.166],[-89.184,30.212],[-89.511,30.161],[-89.614,30.221],[-89.683,30.452],[-89.804,30.549],[-89.814,30.638],[-89.852,30.662],[-89.816,30.739],[-89.835,30.771],[-89.782,30.819],[-89.73,31.004],[-91.637,30.999],[-91.56,31.054],[-91.627,31.119],[-91.589,31.189],[-91.654,31.256],[-91.516,31.278],[-91.509,31.315],[-91.576,31.41],[-91.543,31.433],[-91.522,31.375],[-91.475,31.369],[-91.523,31.522],[-91.405,31.576],[-91.493,31.59],[-91.515,31.63],[-91.401,31.62],[-91.369,31.747],[-91.263,31.755],[-91.366,31.761],[-91.345,31.844],[-91.294,31.86],[-91.283,31.816],[-91.254,31.814],[-91.268,31.863],[-91.182,31.916],[-91.185,31.966],[-91.076,32.017],[-91.159,32.073],[-91.081,32.048],[-91.004,32.146],[-91.058,32.181],[-91.054,32.124],[-91.163,32.133],[-91.164,32.197],[-91.039,32.242],[-90.995,32.193],[-90.979,32.294],[-90.922,32.299],[-90.876,32.372],[-90.912,32.339],[-90.994,32.354],[-90.97,32.439],[-91.051,32.438],[-91.116,32.483],[-91.094,32.549],[-91.038,32.49],[-90.987,32.496],[-91.08,32.556],[-91.008,32.604],[-91.016,32.642],[-91.12,32.585],[-91.152,32.62],[-91.055,32.719],[-91.166,32.753],[-91.145,32.843],[-91.064,32.901],[-91.091,32.981],[-91.135,32.98],[-91.133,32.919],[-91.17,32.899],[-91.214,32.93],[-91.166,33.004],[-92.725,33.014]]]}},{"type":"Feature","properties":{"name":"Commonwealth of the Northern Mariana Islands","level":"us_state"},"geometry":{"type":"MultiPolygon","coordinates":[[[[145.588,15.128],[145.514,15.027],[145.563,14.934],[145.489,14.899],[145.468,14.853],[145.483,14.799],[145.533,14.773],[145.592,14.781],[145.731,14.917],[145.75,15.067],[145.876,15.135],[145.896,15.309],[145.853,15.352],[145.782,15.348],[145.709,15.275],[145.669,15.162],[145.588,15.128]]],[[[145.059,14.125],[145.078,14.06],[145.178,14.037],[145.34,14.108],[145.374,14.201],[145.352,14.244],[145.236,14.267],[145.114,14.217],[145.059,14.125]]],[[[145.747,17.599],[145.777,17.536],[145.868,17.518],[145.918,17.567],[145.918,17.655],[145.857,17.691],[145.8,17.684],[145.747,17.599]]],[[[145.644,18.058],[145.695,17.99],[145.778,18.003],[145.875,18.087],[145.88,18.186],[145.84,18.234],[145.76,18.241],[145.691,18.189],[145.644,18.058]]],[[[145.563,18.779],[145.609,18.682],[145.661,18.659],[145.737,18.688],[145.77,18.75],[145.75,18.827],[145.676,18.881],[145.608,18.866],[145.563,18.779]]],[[[145.306,19.698],[145.33,19.615],[145.4,19.588],[145.455,19.605],[145.496,19.68],[145.473,19.727],[145.397,19.765],[145.306,19.698]]],[[[145.132,20.04],[145.143,19.986],[145.212,19.947],[145.282,19.969],[145.315,20.033],[145.234,20.103],[145.161,20.086],[145.132,20.04]]],[[[146.002,16.029],[146.044,15.948],[146.133,15.981],[146.154,16.023],[146.138,16.075],[146.094,16.097],[146.051,16.093],[146.002,16.029]]],[[[145.764,17.344],[145.774,17.273],[145.847,17.225],[145.912,17.271],[145.937,17.34],[145.851,17.401],[145.764,17.344]]],[[[145.701,16.724],[145.712,16.666],[145.763,16.632],[145.842,16.648],[145.868,16.691],[145.868,16.742],[145.792,16.792],[145.701,16.724]]],[[[145.559,16.374],[145.575,16.306],[145.65,16.274],[145.733,16.293],[145.783,16.36],[145.75,16.438],[145.676,16.452],[145.625,16.442],[145.559,16.374]]],[[[144.815,20.563],[144.827,20.492],[144.862,20.467],[144.926,20.47],[144.979,20.526],[144.971,20.581],[144.923,20.614],[144.846,20.605],[144.815,20.563]]]]}},{"type":"Feature","properties":{"name":"Guam","level":"us_state"},"geometry":{"type":"Polygon","coordinates":[[[144.563,13.448],[144.593,13.392],[144.596,13.208],[144.636,13.182],[144.741,13.195],[144.818,13.28],[144.827,13.381],[144.972,13.5],[145.003,13.618],[144.838,13.703],[144.75,13.552],[144.611,13.51],[144.563,13.448]]]}},{"type":"Feature","properties":{"name":"Maine","level":"us_state"},"geometry":{"type":"Polygon","coordinates":[[[-67.806,45.68],[-67.81,45.73],[-67.782,45.731],[-67.806,45.794],[-67.755,45.823],[-67.804,45.883],[-67.751,45.918],[-67.781,45.943],[-67.79,47.067],[-67.883,47.104],[-67.957,47.2],[-68.234,47.355],[-68.363,47.355],[-68.378,47.287],[-68.58,47.287],[-68.618,47.243],[-68.9,47.178],[-69.051,47.256],[-69.043,47.427],[-69.224,47.46],[-69.997,46.696],[-70.057,46.416],[-70.191,46.35],[-70.293,46.191],[-70.236,46.145],[-70.253,46.1],[-70.302,46.082],[-70.278,46.056],[-70.318,46.019],[-70.284,45.995],[-70.316,45.963],[-70.239,45.944],[-70.259,45.891],[-70.417,45.796],[-70.4,45.72],[-70.559,45.666],[-70.723,45.514],[-70.63,45.426],[-70.635,45.383],[-70.798,45.427],[-70.826,45.398],[-70.808,45.312],[-70.858,45.229],[-70.897,45.242],[-70.952,45.339],[-71.011,45.348],[-71.009,45.319],[-71.084,45.305],[-70.973,43.571],[-70.951,43.551],[-70.988,43.39],[-70.973,43.348],[-70.81,43.226],[-70.827,43.127],[-70.706,43.075],[-70.57,42.919],[-70.529,43.006],[-70.6,43.057],[-70.582,43.095],[-70.54,43.131],[-70.525,43.089],[-70.459,43.071],[-70.403,43.115],[-70.441,43.167],[-70.522,43.155],[-70.521,43.252],[-70.367,43.323],[-70.156,43.524],[-69.855,43.647],[-69.73,43.657],[-69.665,43.712],[-69.551,43.707],[-69.506,43.778],[-69.409,43.811],[-69.388,43.736],[-69.335,43.704],[-69.238,43.75],[-69.262,43.815],[-69.15,43.796],[-69.056,43.859],[-68.926,43.75],[-68.827,43.736],[-68.785,43.804],[-68.669,43.87],[-68.679,43.923],[-68.743,43.943],[-68.721,43.962],[-68.568,43.958],[-68.437,44.053],[-68.311,44.053],[-68.203,44.1],[-68.171,44.19],[-68.123,44.226],[-68.128,44.264],[-67.999,44.28],[-67.925,44.341],[-67.824,44.327],[-67.775,44.411],[-67.715,44.387],[-67.568,44.397],[-67.473,44.448],[-67.443,44.505],[-67.223,44.563],[-66.903,44.777],[-66.885,44.794],[-66.975,44.842],[-66.969,44.91],[-67.159,45.162],[-67.283,45.192],[-67.296,45.148],[-67.346,45.126],[-67.405,45.16],[-67.489,45.281],[-67.419,45.377],[-67.503,45.49],[-67.416,45.501],[-67.431,45.584],[-67.646,45.613],[-67.728,45.689],[-67.72,45.662],[-67.806,45.68]]]}},{"type":"Feature","properties":{"name":"New York","level":"us_state"},"geometry":{"type":"MultiPolygon","coordinates":[[[[-74.726,44.995],[-74.827,45.016],[-74.972,44.983],[-75.29,44.846],[-75.767,44.515],[-75.913,44.368],[-76.162,44.281],[-76.164,44.24],[-76.207,44.215],[-76.313,44.199],[-76.353,44.135],[-76.438,44.094],[-76.776,43.63],[-78.688,43.635],[-79.201,43.45],[-79.056,43.255],[-79.042,43.144],[-79.074,43.078],[-79.007,43.066],[-79.02,42.995],[-78.919,42.947],[-78.906,42.9],[-79.0,42.804],[-79.762,42.516],[-79.762,41.999],[-75.36,42.0],[-75.279,41.939],[-75.258,41.862],[-75.172,41.872],[-75.072,41.814],[-75.105,41.774],[-75.053,41.752],[-75.044,41.618],[-75.075,41.607],[-74.982,41.48],[-74.913,41.476],[-74.893,41.439],[-74.739,41.431],[-74.696,41.358],[-73.894,40.997],[-74.056,40.651],[-74.202,40.632],[-74.258,40.509],[-74.225,40.477],[-73.978,40.519],[-73.89,40.487],[-73.784,40.532],[-73.486,40.521],[-73.274,40.551],[-72.375,40.819],[-71.794,41.037],[-71.791,41.184],[-71.929,41.31],[-73.613,40.951],[-73.66,40.988],[-73.728,41.101],[-73.483,41.213],[-73.551,41.295],[-73.49,42.0],[-73.508,42.086],[-73.265,42.746],[-73.291,42.802],[-73.242,43.535],[-73.297,43.579],[-73.306,43.628],[-73.372,43.624],[-73.396,43.568],[-73.431,43.588],[-73.351,43.771],[-73.393,43.821],[-73.374,43.876],[-73.438,44.045],[-73.391,44.191],[-73.313,44.265],[-73.335,44.364],[-73.294,44.439],[-73.39,44.618],[-73.333,44.789],[-73.382,44.849],[-73.339,44.918],[-73.343,45.011],[-74.726,44.995]]],[[[-74.041,40.7],[-74.04,40.699],[-74.038,40.699],[-74.041,40.7]]],[[[-74.047,40.691],[-74.044,40.689],[-74.044,40.69],[-74.047,40.691]]]]}},{"type":"Feature","properties":{"name":"Nevada","level":"us_state"},"geometry":{"type":"Polygon","coordinates":[[[-119.324,41.994],[-119.999,41.995],[-120.001,39.0],[-117.5,37.22],[-114.633,35.002],[-114.603,35.069],[-114.647,35.102],[-114.578,35.129],[-114.569,35.183],[-114.605,35.355],[-114.679,35.498],[-114.654,35.61],[-114.69,35.651],[-114.712,35.806],[-114.706,35.851],[-114.662,35.871],[-114.741,35.976],[-114.722,36.029],[-114.754,36.088],[-114.571,36.151],[-114.502,36.127],[-114.374,36.144],[-114.244,36.015],[-114.151,36.023],[-114.121,36.111],[-114.044,36.193],[-114.041,41.994],[-119.324,41.994]]]}},{"type":"Feature","properties":{"name":"Alaska","level":"us_state"},"geometry":{"type":"MultiPolygon","coordinates":[[[[-136.455,57.831],[-135.86,56.992],[-134.494,56.0],[-134.513,55.956],[-134.632,55.899],[-134.619,55.835],[-134.192,55.693],[-134.027,55.892],[-133.996,55.795],[-133.838,55.793],[-133.832,55.742],[-133.888,55.684],[-133.798,55.633],[-133.907,55.434],[-133.874,55.399],[-133.772,55.394],[-133.776,55.282],[-133.691,55.198],[-133.611,55.176],[-133.791,55.001],[-133.649,54.632],[-131.203,54.691],[-130.648,54.649],[-130.626,54.738],[-130.659,54.763],[-130.345,54.919],[-130.188,55.063],[-130.103,55.193],[-129.974,55.282],[-130.128,55.581],[-130.112,55.683],[-130.152,55.766],[-130.004,55.907],[-130.003,56.008],[-130.104,56.123],[-130.246,56.096],[-130.426,56.142],[-130.468,56.243],[-130.623,56.267],[-130.782,56.367],[-131.087,56.406],[-131.581,56.612],[-131.835,56.599],[-131.901,56.754],[-131.873,56.806],[-132.124,56.874],[-132.045,57.045],[-132.369,57.092],[-132.248,57.211],[-132.869,57.84],[-133.07,58.0],[-133.172,58.154],[-133.462,58.388],[-133.377,58.431],[-133.707,58.612],[-133.841,58.729],[-134.258,58.861],[-134.336,58.923],[-134.313,58.962],[-134.407,58.979],[-134.382,59.039],[-134.483,59.132],[-134.566,59.131],[-134.679,59.192],[-134.701,59.249],[-134.96,59.281],[-135.031,59.346],[-134.99,59.387],[-135.101,59.428],[-135.028,59.475],[-135.029,59.564],[-135.22,59.663],[-135.234,59.696],[-135.479,59.798],[-135.953,59.662],[-136.354,59.6],[-136.24,59.559],[-136.239,59.524],[-136.368,59.449],[-136.477,59.466],[-136.469,59.284],[-136.584,59.166],[-136.829,59.16],[-137.283,59.0],[-137.452,58.908],[-137.526,58.906],[-137.5,58.985],[-137.607,59.244],[-138.626,59.769],[-138.707,59.906],[-139.054,59.995],[-139.199,60.088],[-139.075,60.353],[-139.693,60.335],[-139.981,60.182],[-140.458,60.308],[-140.52,60.22],[-141.002,60.306],[-141.003,69.704],[-141.378,69.744],[-143.226,70.202],[-143.941,70.17],[-144.529,70.079],[-144.681,70.016],[-144.927,70.04],[-145.065,70.088],[-145.336,70.099],[-145.982,70.242],[-146.709,70.282],[-146.927,70.351],[-147.172,70.35],[-147.373,70.431],[-147.779,70.472],[-147.819,70.52],[-147.9,70.542],[-148.052,70.539],[-148.127,70.501],[-148.421,70.533],[-148.515,70.49],[-148.487,70.453],[-148.787,70.525],[-149.719,70.622],[-150.034,70.588],[-150.243,70.604],[-150.345,70.553],[-150.795,70.548],[-151.315,70.463],[-151.549,70.491],[-151.503,70.536],[-151.517,70.571],[-151.613,70.594],[-152.152,70.875],[-153.0,70.97],[-153.899,70.936],[-154.438,71.024],[-155.003,71.2],[-155.756,71.283],[-155.926,71.358],[-156.401,71.435],[-156.582,71.428],[-156.941,71.311],[-157.532,71.008],[-157.931,70.902],[-158.334,70.872],[-158.734,70.963],[-159.238,70.92],[-159.755,70.831],[-160.414,70.561],[-160.908,70.416],[-161.315,70.347],[-161.949,70.375],[-162.465,70.217],[-163.134,69.839],[-163.288,69.632],[-163.29,69.43],[-163.381,69.32],[-163.651,69.169],[-164.02,69.033],[-164.279,68.98],[-165.357,68.909],[-166.2,68.934],[-166.347,68.9],[-166.366,68.869],[-166.327,68.782],[-166.333,68.696],[-166.371,68.651],[-166.368,68.575],[-166.435,68.531],[-166.444,68.478],[-166.913,68.385],[-166.972,68.356],[-166.972,68.322],[-166.861,68.287],[-166.365,68.244],[-165.966,68.072],[-165.499,68.019],[-164.655,67.692],[-164.175,67.548],[-164.005,67.398],[-163.883,67.215],[-164.003,67.173],[-163.911,67.105],[-163.049,66.987],[-162.832,66.927],[-163.626,66.624],[-164.464,66.626],[-165.778,66.397],[-166.719,66.148],[-167.521,65.878],[-168.077,65.756],[-168.2,65.699],[-168.229,65.65],[-168.219,65.596],[-168.153,65.539],[-167.938,65.5],[-167.606,65.386],[-166.949,65.308],[-167.072,65.2],[-167.073,65.138],[-166.762,64.963],[-166.523,64.871],[-166.582,64.822],[-166.59,64.739],[-166.491,64.619],[-166.281,64.545],[-166.354,64.506],[-166.351,64.478],[-166.272,64.438],[-166.134,64.438],[-166.071,64.49],[-166.078,64.52],[-165.032,64.388],[-164.755,64.408],[-164.355,64.508],[-163.814,64.531],[-163.536,64.504],[-163.364,64.446],[-163.242,64.361],[-162.796,64.276],[-162.558,64.356],[-162.472,64.487],[-162.313,64.543],[-161.591,64.336],[-161.414,64.359],[-161.075,64.207],[-161.046,64.022],[-160.945,63.922],[-160.877,63.797],[-161.008,63.678],[-161.098,63.656],[-161.285,63.523],[-161.84,63.493],[-161.957,63.557],[-162.223,63.597],[-162.304,63.672],[-162.584,63.691],[-162.731,63.651],[-162.826,63.576],[-162.68,63.492],[-162.438,63.492],[-162.7,63.291],[-162.871,63.254],[-163.119,63.102],[-163.252,63.092],[-163.658,63.25],[-164.051,63.317],[-164.496,63.251],[-164.744,63.093],[-164.88,63.065],[-164.907,63.045],[-164.916,62.903],[-165.034,62.837],[-164.987,62.761],[-165.247,62.71],[-165.248,62.648],[-165.213,62.614],[-165.339,62.576],[-165.449,62.391],[-165.902,62.119],[-166.006,62.123],[-166.096,62.073],[-166.13,62.025],[-166.076,61.983],[-166.113,61.873],[-166.23,61.798],[-166.281,61.563],[-166.194,61.46],[-166.031,61.395],[-165.99,61.316],[-165.787,61.198],[-165.664,61.058],[-165.417,61.012],[-165.237,61.05],[-165.302,60.966],[-165.171,60.877],[-165.176,60.796],[-165.123,60.737],[-165.464,60.614],[-165.518,60.566],[-165.501,60.526],[-165.388,60.46],[-165.24,60.443],[-165.141,60.358],[-164.972,60.277],[-164.749,60.24],[-164.597,60.158],[-164.488,60.055],[-164.343,60.003],[-164.45,59.953],[-164.416,59.885],[-164.013,59.638],[-163.812,59.621],[-163.74,59.669],[-163.788,59.709],[-163.897,59.715],[-163.994,59.764],[-163.708,59.741],[-163.146,59.796],[-162.947,59.768],[-162.826,59.801],[-162.818,59.84],[-162.698,59.892],[-162.45,59.885],[-162.442,59.844],[-162.364,59.811],[-162.178,59.815],[-161.871,59.525],[-161.914,59.469],[-162.054,59.409],[-162.171,59.248],[-162.102,59.129],[-161.902,58.978],[-161.851,58.808],[-161.949,58.724],[-162.169,58.71],[-162.26,58.673],[-162.278,58.633],[-162.23,58.599],[-162.082,58.565],[-161.871,58.57],[-161.818,58.506],[-161.704,58.497],[-161.234,58.643],[-161.177,58.607],[-161.177,58.543],[-161.141,58.503],[-160.933,58.496],[-160.793,58.56],[-160.602,58.793],[-160.609,58.844],[-160.343,58.881],[-160.273,58.789],[-160.172,58.769],[-160.089,58.806],[-159.939,58.718],[-159.812,58.735],[-159.702,58.796],[-159.545,58.778],[-159.151,58.416],[-159.148,58.37],[-159.079,58.339],[-158.773,58.355],[-158.605,58.456],[-158.213,58.543],[-158.148,58.544],[-158.07,58.49],[-158.893,57.0],[-158.894,56.945],[-159.174,56.814],[-159.87,56.591],[-160.069,56.48],[-160.225,56.434],[-160.439,56.299],[-160.546,56.115],[-160.616,56.067],[-161.211,56.067],[-161.826,55.943],[-162.29,55.725],[-162.571,55.516],[-162.935,55.382],[-163.141,55.232],[-163.568,55.1],[-163.913,55.091],[-164.047,55.021],[-164.158,55.016],[-164.298,54.953],[-164.521,54.969],[-164.628,54.912],[-164.783,54.692],[-164.999,54.626],[-165.036,54.577],[-164.996,54.457],[-164.901,54.375],[-164.805,54.346],[-164.415,54.369],[-164.277,54.437],[-164.228,54.524],[-164.123,54.556],[-163.758,54.572],[-163.564,54.54],[-163.436,54.603],[-163.026,54.611],[-162.955,54.66],[-162.969,54.709],[-163.137,54.83],[-163.063,54.88],[-162.847,54.848],[-162.643,54.933],[-162.579,54.909],[-162.615,54.878],[-162.6,54.827],[-162.483,54.793],[-162.555,54.749],[-162.526,54.695],[-162.46,54.667],[-162.49,54.622],[-162.464,54.588],[-162.48,54.541],[-162.365,54.508],[-162.24,54.641],[-162.048,54.632],[-162.029,54.659],[-162.057,54.705],[-161.965,54.717],[-161.841,54.685],[-161.698,54.747],[-161.59,54.75],[-161.577,54.814],[-161.717,54.896],[-161.667,54.928],[-161.672,54.959],[-161.385,54.974],[-161.353,55.02],[-161.418,55.067],[-161.272,55.1],[-161.249,55.193],[-161.059,55.22],[-161.013,55.263],[-161.09,55.317],[-161.24,55.298],[-160.908,55.42],[-160.859,55.42],[-160.953,55.325],[-160.9,55.095],[-160.837,55.068],[-160.71,55.112],[-160.608,55.098],[-160.573,55.037],[-160.519,55.025],[-160.431,55.065],[-160.447,55.108],[-160.367,55.196],[-160.278,55.205],[-160.216,55.308],[-160.239,55.34],[-160.204,55.336],[-160.13,55.239],[-160.15,55.196],[-160.285,55.125],[-160.244,55.023],[-160.343,54.931],[-160.316,54.843],[-160.258,54.807],[-160.155,54.829],[-160.094,54.89],[-159.987,54.891],[-159.953,54.929],[-159.816,54.91],[-159.725,55.018],[-159.677,54.987],[-159.565,54.991],[-159.541,54.924],[-159.432,54.894],[-159.362,54.828],[-159.227,54.821],[-159.113,54.93],[-159.25,54.998],[-159.203,55.043],[-159.233,55.099],[-159.411,55.123],[-159.415,55.315],[-159.544,55.328],[-159.609,55.268],[-159.738,55.222],[-159.804,55.324],[-159.933,55.337],[-160.051,55.396],[-160.041,55.449],[-159.951,55.508],[-159.538,55.532],[-159.505,55.558],[-159.522,55.601],[-159.447,55.639],[-158.0,55.639],[-157.099,56.238],[-157.13,56.269],[-156.331,56.749],[-156.316,57.106],[-156.228,57.162],[-156.215,57.195],[-156.247,57.244],[-156.167,57.346],[-155.94,57.413],[-155.844,57.498],[-155.668,57.508],[-155.639,57.602],[-155.3,57.643],[-155.15,57.75],[-155.161,57.791],[-155.044,57.812],[-154.941,57.975],[-154.801,57.959],[-154.391,57.999],[-154.134,58.1],[-153.97,58.313],[-153.859,58.374],[-153.882,58.456],[-153.811,58.515],[-153.628,58.508],[-153.461,58.573],[-153.447,58.598],[-153.479,58.642],[-153.318,58.713],[-153.187,58.729],[-153.166,58.765],[-153.203,58.801],[-153.152,58.858],[-153.184,58.906],[-153.021,59.002],[-151.444,59.1],[-150.992,59.181],[-149.621,59.528],[-149.468,59.734],[-149.27,59.845],[-148.98,59.894],[-148.219,59.876],[-147.956,59.744],[-147.687,59.742],[-147.335,59.834],[-147.281,59.879],[-147.242,59.998],[-147.102,60.081],[-145.977,60.315],[-145.824,60.315],[-145.318,60.18],[-144.776,60.13],[-144.607,60.078],[-144.54,60.01],[-144.778,59.83],[-144.778,59.779],[-144.677,59.727],[-144.411,59.746],[-144.144,59.919],[-143.539,60.0],[-142.757,60.052],[-142.002,59.975],[-140.913,59.698],[-140.425,59.657],[-139.39,59.317],[-138.967,59.212],[-138.638,59.08],[-138.253,58.989],[-138.021,58.861],[-138.029,58.806],[-137.996,58.75],[-137.776,58.641],[-137.721,58.571],[-137.12,58.33],[-137.015,58.344],[-136.814,58.189],[-136.658,58.146],[-136.515,58.181],[-136.51,58.153],[-136.65,58.103],[-136.679,58.014],[-136.651,57.994],[-136.645,57.884],[-136.455,57.831]]],[[[-167.558,60.224],[-167.436,60.109],[-167.441,60.056],[-167.401,60.026],[-166.941,59.912],[-166.654,59.802],[-166.322,59.773],[-166.177,59.7],[-166.012,59.705],[-165.739,59.841],[-165.495,59.87],[-165.403,59.968],[-165.567,60.059],[-165.588,60.241],[-165.562,60.302],[-165.586,60.33],[-165.738,60.406],[-165.981,60.374],[-166.054,60.469],[-166.152,60.511],[-166.249,60.491],[-166.35,60.418],[-166.506,60.448],[-166.763,60.381],[-166.944,60.278],[-167.31,60.291],[-167.508,60.263],[-167.558,60.224]]],[[[-172.886,60.209],[-172.881,60.169],[-172.8,60.139],[-172.694,60.155],[-172.634,60.201],[-172.649,60.237],[-172.732,60.262],[-172.886,60.209]]],[[[-173.232,60.654],[-173.14,60.576],[-173.158,60.467],[-172.931,60.39],[-172.878,60.326],[-172.596,60.259],[-172.408,60.279],[-172.296,60.239],[-172.189,60.251],[-172.109,60.303],[-172.348,60.428],[-172.53,60.436],[-172.76,60.514],[-172.815,60.558],[-172.829,60.622],[-172.944,60.651],[-172.962,60.71],[-173.012,60.74],[-173.159,60.729],[-173.232,60.654]]],[[[-160.098,58.6],[-160.009,58.535],[-159.921,58.544],[-159.863,58.586],[-159.905,58.647],[-160.005,58.666],[-160.098,58.6]]],[[[-160.544,58.688],[-160.475,58.627],[-160.388,58.628],[-160.414,58.587],[-160.397,58.554],[-160.301,58.536],[-160.226,58.566],[-160.096,58.705],[-160.138,58.749],[-160.416,58.798],[-160.49,58.774],[-160.544,58.688]]],[[[-146.508,59.391],[-146.469,59.35],[-146.362,59.335],[-146.254,59.358],[-146.145,59.435],[-146.185,59.497],[-146.243,59.52],[-146.255,59.567],[-146.358,59.586],[-146.426,59.556],[-146.428,59.467],[-146.508,59.391]]],[[[179.389,51.942],[179.457,51.86],[179.623,51.819],[179.785,51.863],[179.86,51.96],[179.771,52.041],[179.658,52.078],[179.43,52.024],[179.389,51.942]]],[[[178.532,51.65],[178.552,51.6],[178.79,51.492],[178.896,51.493],[179.181,51.305],[179.511,51.308],[179.578,51.354],[179.553,51.4],[179.425,51.463],[179.287,51.47],[179.17,51.523],[179.04,51.64],[178.607,51.717],[178.559,51.702],[178.532,51.65]]],[[[178.124,51.844],[178.141,51.797],[178.25,51.724],[178.4,51.704],[178.496,51.745],[178.431,51.827],[178.332,51.871],[178.198,51.889],[178.124,51.844]]],[[[178.003,52.05],[178.016,51.979],[178.06,51.948],[178.196,51.949],[178.502,51.847],[178.581,51.86],[178.67,51.944],[178.643,51.998],[178.512,52.043],[178.267,52.037],[178.163,52.107],[178.077,52.1],[178.003,52.05]]],[[[177.934,51.872],[177.997,51.822],[178.066,51.827],[178.101,51.863],[178.034,51.923],[177.934,51.872]]],[[[177.28,52.128],[177.345,52.072],[177.447,52.114],[177.38,52.175],[177.28,52.128]]],[[[177.112,51.891],[177.142,51.842],[177.345,51.758],[177.415,51.791],[177.416,51.871],[177.819,51.895],[177.874,51.956],[177.703,52.007],[177.76,52.061],[177.765,52.121],[177.587,52.19],[177.498,52.152],[177.416,52.038],[177.166,51.949],[177.112,51.891]]],[[[175.765,52.387],[175.831,52.306],[175.897,52.281],[176.01,52.3],[176.065,52.363],[176.005,52.41],[175.875,52.44],[175.795,52.425],[175.765,52.387]]],[[[173.774,52.782],[173.838,52.716],[174.018,52.672],[174.163,52.657],[174.238,52.703],[174.221,52.768],[174.129,52.801],[174.05,52.789],[173.871,52.835],[173.774,52.782]]],[[[173.273,52.41],[173.322,52.35],[173.748,52.3],[173.814,52.353],[173.781,52.451],[173.856,52.528],[173.778,52.566],[173.608,52.56],[173.337,52.476],[173.273,52.41]]],[[[172.349,52.922],[172.419,52.86],[172.901,52.682],[173.046,52.749],[173.362,52.696],[173.414,52.728],[173.403,52.778],[173.526,52.774],[173.581,52.815],[173.49,52.9],[173.393,52.907],[173.322,52.992],[173.132,53.044],[172.623,53.053],[172.376,52.96],[172.349,52.922]]],[[[-168.135,53.951],[-168.116,53.906],[-168.055,53.876],[-167.953,53.921],[-167.994,53.99],[-168.083,53.992],[-168.135,53.951]]],[[[-169.88,56.615],[-169.805,56.547],[-169.581,56.483],[-169.378,56.588],[-169.402,56.637],[-169.509,56.667],[-169.803,56.674],[-169.88,56.615]]],[[[-170.05,57.187],[-169.969,57.128],[-169.848,57.185],[-169.94,57.239],[-170.05,57.187]]],[[[-170.273,52.749],[-170.25,52.681],[-170.174,52.663],[-170.048,52.671],[-169.976,52.738],[-169.849,52.763],[-169.738,52.721],[-169.66,52.726],[-169.589,52.801],[-169.593,52.89],[-169.634,52.929],[-169.58,52.982],[-169.581,53.032],[-169.701,53.116],[-169.814,53.127],[-169.883,53.051],[-169.833,53.01],[-169.818,52.937],[-169.908,52.923],[-169.963,52.963],[-170.117,52.963],[-170.199,52.916],[-170.153,52.836],[-170.207,52.823],[-170.273,52.749]]],[[[-170.523,57.193],[-170.495,57.128],[-170.415,57.105],[-170.492,57.08],[-170.502,57.033],[-170.399,56.996],[-170.112,57.137],[-170.012,57.254],[-170.065,57.298],[-170.159,57.304],[-170.262,57.264],[-170.438,57.255],[-170.523,57.193]]],[[[-170.926,52.559],[-170.888,52.514],[-170.764,52.49],[-170.536,52.574],[-170.475,52.674],[-170.526,52.729],[-170.68,52.75],[-170.865,52.669],[-170.926,52.559]]],[[[-171.393,52.481],[-171.358,52.413],[-171.206,52.399],[-171.136,52.446],[-171.112,52.508],[-171.05,52.531],[-171.02,52.597],[-171.179,52.639],[-171.374,52.537],[-171.393,52.481]]],[[[-172.721,52.264],[-172.676,52.211],[-172.511,52.2],[-172.288,52.266],[-172.211,52.327],[-172.275,52.406],[-172.448,52.443],[-172.633,52.388],[-172.721,52.264]]],[[[-175.225,52.233],[-175.153,52.163],[-175.036,52.218],[-175.12,52.281],[-175.225,52.233]]],[[[-175.61,52.183],[-175.599,52.147],[-175.512,52.107],[-175.437,52.133],[-175.404,52.182],[-175.492,52.238],[-175.579,52.22],[-175.61,52.183]]],[[[-177.552,51.916],[-177.469,51.84],[-177.381,51.856],[-177.333,51.901],[-177.365,51.957],[-177.46,51.983],[-177.552,51.916]]],[[[-178.308,51.882],[-178.272,51.823],[-178.132,51.758],[-178.192,51.721],[-178.189,51.634],[-177.899,51.54],[-177.831,51.57],[-177.825,51.631],[-177.783,51.648],[-177.658,51.599],[-177.403,51.67],[-177.281,51.628],[-177.127,51.653],[-177.034,51.733],[-177.04,51.808],[-176.984,51.834],[-177.004,51.788],[-176.97,51.744],[-177.045,51.691],[-177.074,51.621],[-177.043,51.566],[-176.943,51.537],[-176.699,51.578],[-176.457,51.676],[-176.255,51.695],[-176.211,51.733],[-175.965,51.755],[-175.913,51.8],[-175.827,51.805],[-175.806,51.866],[-175.349,51.963],[-175.056,51.948],[-174.869,51.989],[-174.745,51.956],[-174.594,51.978],[-174.481,51.952],[-174.35,51.98],[-174.277,52.045],[-174.05,52.055],[-173.854,51.991],[-173.638,52.004],[-173.519,51.972],[-173.243,52.009],[-173.151,51.947],[-173.085,51.975],[-173.07,52.026],[-172.923,52.024],[-172.82,52.105],[-172.895,52.156],[-173.31,52.155],[-173.441,52.169],[-173.506,52.213],[-173.99,52.183],[-173.905,52.294],[-173.923,52.378],[-174.158,52.473],[-174.313,52.457],[-174.411,52.376],[-174.495,52.367],[-174.538,52.317],[-174.494,52.265],[-174.669,52.225],[-174.795,52.15],[-174.925,52.164],[-175.549,52.01],[-175.739,52.021],[-175.854,52.097],[-175.928,52.091],[-175.992,52.15],[-176.148,52.171],[-176.224,52.153],[-176.285,52.094],[-176.243,51.927],[-176.269,51.919],[-176.453,51.908],[-176.488,52.026],[-176.601,52.057],[-176.827,52.009],[-176.91,51.89],[-176.971,51.861],[-176.97,51.925],[-177.017,51.965],[-177.206,51.993],[-177.267,51.96],[-177.309,51.837],[-177.542,51.788],[-177.564,51.796],[-177.532,51.855],[-177.568,51.897],[-177.812,51.891],[-177.947,51.971],[-178.228,51.957],[-178.308,51.882]]],[[[-178.431,51.489],[-178.387,51.437],[-178.304,51.421],[-178.218,51.431],[-178.188,51.473],[-178.279,51.542],[-178.39,51.529],[-178.431,51.489]]],[[[-178.957,51.781],[-178.796,51.693],[-178.701,51.717],[-178.647,51.799],[-178.719,51.865],[-178.839,51.888],[-178.915,51.858],[-178.957,51.781]]],[[[-179.15,51.577],[-179.103,51.513],[-179.002,51.522],[-178.95,51.565],[-178.8,51.486],[-178.636,51.525],[-178.55,51.508],[-178.441,51.551],[-178.422,51.587],[-178.47,51.629],[-178.634,51.666],[-178.768,51.617],[-178.891,51.629],[-178.949,51.587],[-179.078,51.644],[-179.15,51.577]]],[[[-179.23,51.284],[-179.184,51.184],[-179.074,51.179],[-178.842,51.316],[-178.826,51.368],[-178.873,51.425],[-178.99,51.457],[-179.23,51.284]]],[[[-159.91,54.814],[-159.835,54.745],[-159.689,54.766],[-159.652,54.718],[-159.548,54.699],[-159.469,54.721],[-159.416,54.782],[-159.556,54.88],[-159.729,54.894],[-159.855,54.864],[-159.91,54.814]]],[[[-161.195,55.159],[-161.096,55.103],[-161.02,55.129],[-161.005,55.163],[-161.109,55.208],[-161.195,55.159]]],[[[-162.819,54.811],[-162.74,54.753],[-162.637,54.805],[-162.725,54.857],[-162.819,54.811]]],[[[-163.014,54.385],[-162.983,54.338],[-162.875,54.339],[-162.7,54.238],[-162.547,54.248],[-162.492,54.294],[-162.282,54.331],[-162.238,54.37],[-162.354,54.457],[-162.861,54.554],[-162.939,54.521],[-162.96,54.428],[-163.014,54.385]]],[[[-163.271,55.432],[-163.247,55.374],[-163.154,55.343],[-163.071,55.361],[-163.028,55.421],[-163.076,55.489],[-163.174,55.532],[-163.26,55.506],[-163.271,55.432]]],[[[-165.961,53.916],[-165.703,54.034],[-165.657,54.036],[-165.563,53.967],[-165.403,54.017],[-165.27,53.981],[-165.184,54.017],[-164.923,54.028],[-164.822,54.131],[-164.692,54.182],[-164.681,54.232],[-164.805,54.282],[-165.067,54.18],[-165.321,54.145],[-165.243,54.178],[-165.232,54.217],[-165.345,54.251],[-165.431,54.341],[-165.656,54.347],[-165.769,54.239],[-165.937,54.277],[-166.138,54.214],[-166.202,54.12],[-166.141,54.047],[-166.243,54.03],[-166.354,54.061],[-166.756,54.069],[-167.054,54.009],[-167.23,53.888],[-167.234,53.814],[-167.165,53.774],[-167.138,53.709],[-167.244,53.629],[-167.23,53.567],[-167.752,53.422],[-167.696,53.515],[-167.762,53.568],[-168.08,53.62],[-168.284,53.571],[-168.477,53.451],[-168.478,53.379],[-168.667,53.315],[-168.819,53.222],[-168.883,53.15],[-168.873,53.082],[-168.965,53.051],[-169.0,52.983],[-169.234,52.946],[-169.255,52.884],[-169.188,52.851],[-169.294,52.812],[-169.327,52.754],[-169.268,52.716],[-169.189,52.725],[-168.827,52.858],[-168.743,52.855],[-168.557,52.958],[-168.476,52.919],[-168.403,52.929],[-168.315,52.982],[-168.334,53.083],[-168.258,53.142],[-168.17,53.159],[-168.132,53.219],[-168.044,53.244],[-167.593,53.174],[-167.107,53.367],[-166.702,53.402],[-166.379,53.602],[-166.175,53.66],[-165.976,53.771],[-165.923,53.846],[-165.961,53.916]]],[[[-152.467,58.915],[-152.401,58.837],[-152.315,58.82],[-152.134,58.858],[-152.017,58.829],[-151.852,58.917],[-151.937,58.988],[-152.145,59.018],[-152.414,58.992],[-152.467,58.915]]],[[[-154.934,57.295],[-154.831,57.231],[-154.686,57.214],[-154.62,57.162],[-154.609,56.97],[-154.388,56.896],[-154.386,56.83],[-154.218,56.72],[-154.237,56.668],[-154.352,56.633],[-154.54,56.656],[-154.758,56.56],[-154.894,56.445],[-154.863,56.384],[-154.726,56.355],[-154.498,56.456],[-153.919,56.457],[-153.807,56.509],[-153.765,56.588],[-153.842,56.621],[-153.982,56.609],[-154.0,56.635],[-153.784,56.698],[-153.748,56.745],[-153.76,56.776],[-153.489,56.864],[-153.451,56.9],[-153.477,56.941],[-153.449,56.971],[-153.32,56.941],[-153.206,56.953],[-153.098,57.04],[-152.834,57.094],[-152.774,57.161],[-152.836,57.217],[-152.643,57.235],[-152.416,57.384],[-152.338,57.322],[-152.186,57.353],[-152.157,57.406],[-152.216,57.438],[-152.222,57.475],[-152.063,57.571],[-152.035,57.653],[-152.08,57.686],[-152.138,57.83],[-152.255,57.866],[-152.236,57.95],[-152.475,58.045],[-152.312,58.05],[-152.055,58.105],[-151.966,58.154],[-151.884,58.113],[-151.782,58.129],[-151.707,58.188],[-151.697,58.26],[-151.755,58.303],[-151.704,58.357],[-151.75,58.395],[-151.895,58.372],[-152.182,58.452],[-152.08,58.479],[-152.065,58.527],[-152.183,58.574],[-152.248,58.681],[-152.385,58.69],[-152.435,58.751],[-152.546,58.742],[-152.719,58.635],[-152.775,58.549],[-152.847,58.532],[-153.2,58.266],[-153.47,58.109],[-153.507,58.066],[-153.48,58.019],[-153.787,57.918],[-153.917,57.917],[-154.24,57.715],[-154.407,57.691],[-154.481,57.632],[-154.589,57.613],[-154.723,57.528],[-154.815,57.413],[-154.889,57.382],[-154.934,57.295]]],[[[-155.837,55.801],[-155.794,55.73],[-155.528,55.706],[-155.475,55.741],[-155.485,55.819],[-155.453,55.884],[-155.474,55.914],[-155.634,55.925],[-155.837,55.801]]],[[[-156.902,56.165],[-156.884,56.123],[-156.817,56.104],[-156.847,56.03],[-156.793,55.956],[-156.648,55.962],[-156.548,56.039],[-156.556,56.09],[-156.676,56.152],[-156.651,56.201],[-156.707,56.267],[-156.842,56.27],[-156.902,56.165]]],[[[-161.437,64.134],[-161.414,64.087],[-161.306,64.062],[-161.21,64.082],[-161.177,64.147],[-161.31,64.189],[-161.437,64.134]]],[[[-161.859,63.611],[-161.839,63.57],[-161.752,63.552],[-161.634,63.604],[-161.758,63.655],[-161.859,63.611]]],[[[-168.214,64.984],[-168.187,64.935],[-168.091,64.911],[-167.976,64.923],[-167.914,64.97],[-167.953,65.023],[-168.076,65.043],[-168.214,64.984]]],[[[-168.869,65.621],[-168.766,65.571],[-168.627,65.612],[-168.666,65.66],[-168.735,65.674],[-168.82,65.665],[-168.869,65.621]]],[[[-168.972,65.714],[-168.972,65.689],[-168.881,65.686],[-168.762,65.751],[-168.836,65.811],[-168.951,65.819],[-168.972,65.714]]],[[[-171.955,63.521],[-171.965,63.473],[-171.839,63.343],[-171.595,63.27],[-171.399,63.258],[-171.048,63.374],[-170.597,63.312],[-170.439,63.252],[-170.359,63.148],[-170.115,63.127],[-169.901,63.037],[-169.839,62.926],[-169.639,62.885],[-169.436,62.947],[-169.42,62.974],[-169.451,63.039],[-169.264,63.118],[-169.028,63.125],[-168.923,63.1],[-168.949,63.062],[-168.917,63.031],[-168.764,63.028],[-168.701,63.057],[-168.683,63.085],[-168.733,63.132],[-168.609,63.229],[-168.579,63.309],[-168.705,63.355],[-169.456,63.415],[-169.602,63.481],[-169.793,63.491],[-169.927,63.527],[-169.986,63.623],[-170.297,63.756],[-170.657,63.724],[-170.959,63.626],[-171.536,63.722],[-171.549,63.8],[-171.675,63.844],[-171.846,63.8],[-171.86,63.675],[-171.925,63.611],[-171.955,63.521]]]]}},{"type":"Feature","properties":{"name":"American Samoa","level":"us_state"},"geometry":{"type":"MultiPolygon","coordinates":[[[[-170.538,-14.336],[-170.491,-14.302],[-170.511,-14.232],[-170.655,-14.176],[-170.75,-14.241],[-170.84,-14.258],[-170.89,-14.317],[-170.866,-14.359],[-170.739,-14.42],[-170.637,-14.337],[-170.538,-14.336]]],[[[-168.225,-14.536],[-168.174,-14.601],[-168.129,-14.597],[-168.102,-14.554],[-168.152,-14.478],[-168.225,-14.536]]],[[[-171.141,-11.047],[-171.098,-11.108],[-171.011,-11.078],[-171.036,-11.003],[-171.111,-11.004],[-171.141,-11.047]]],[[[-169.446,-14.305],[-169.371,-14.28],[-169.386,-14.175],[-169.547,-14.184],[-169.599,-14.105],[-169.72,-14.138],[-169.723,-14.189],[-169.68,-14.231],[-169.567,-14.221],[-169.513,-14.308],[-169.446,-14.305]]]]}},{"type":"Feature","properties":{"name":"Vermont","level":"us_state"},"geometry":{"type":"Polygon","coordinates":[[[-72.042,44.157],[-72.068,44.271],[-72.033,44.32],[-71.816,44.354],[-71.794,44.399],[-71.703,44.414],[-71.577,44.502],[-71.597,44.559],[-71.535,44.588],[-71.632,44.752],[-71.495,44.904],[-71.537,44.993],[-71.465,45.014],[-73.343,45.011],[-73.339,44.918],[-73.382,44.849],[-73.333,44.789],[-73.39,44.618],[-73.294,44.439],[-73.335,44.364],[-73.313,44.265],[-73.391,44.191],[-73.438,44.045],[-73.374,43.876],[-73.393,43.821],[-73.351,43.771],[-73.431,43.588],[-73.396,43.568],[-73.372,43.624],[-73.306,43.628],[-73.297,43.579],[-73.242,43.535],[-73.276,42.746],[-72.458,42.727],[-72.515,42.766],[-72.557,42.853],[-72.534,42.953],[-72.443,43.008],[-72.468,43.053],[-72.434,43.084],[-72.457,43.148],[-72.439,43.252],[-72.395,43.313],[-72.416,43.376],[-72.38,43.49],[-72.396,43.523],[-72.38,43.574],[-72.328,43.601],[-72.3,43.706],[-72.205,43.771],[-72.185,43.864],[-72.091,43.966],[-72.117,43.994],[-72.032,44.079],[-72.042,44.157]]]}},{"type":"Feature","properties":{"name":"Connecticut","level":"us_state"},"geometry":{"type":"Polygon","coordinates":[[[-72.528,41.178],[-72.082,41.262],[-71.829,41.342],[-71.844,41.405],[-71.798,41.417],[-71.788,41.621],[-71.801,42.024],[-72.756,42.036],[-72.767,42.003],[-72.817,41.998],[-72.814,42.037],[-73.487,42.05],[-73.551,41.295],[-73.483,41.213],[-73.728,41.101],[-73.657,40.985],[-73.613,40.951],[-72.528,41.178]]]}},{"type":"Feature","properties":{"name":"Delaware","level":"us_state"},"geometry":{"type":"Polygon","coordinates":[[[-75.509,39.687],[-75.405,39.796],[-75.506,39.835],[-75.618,39.834],[-75.789,39.722],[-75.694,38.46],[-74.986,38.452],[-75.016,38.791],[-75.321,39.251],[-75.561,39.456],[-75.512,39.567],[-75.559,39.63],[-75.509,39.687]]]}},{"type":"Feature","properties":{"name":"New Mexico","level":"us_state"},"geometry":{"type":"Polygon","coordinates":[[[-103.065,32.335],[-103.042,36.5],[-103.002,36.501],[-103.002,37.0],[-109.045,36.999],[-109.05,31.332],[-108.208,31.333],[-108.208,31.784],[-106.528,31.784],[-106.636,31.866],[-106.618,32.0],[-103.065,32.0],[-103.065,32.335]]]}},{"type":"Feature","properties":{"name":"North Carolina","level":"us_state"},"geometry":{"type":"Polygon","coordinates":[[[-77.9,36.545],[-80.294,36.544],[-81.677,36.588],[-81.708,36.536],[-81.695,36.467],[-81.742,36.411],[-81.707,36.335],[-81.793,36.362],[-81.855,36.337],[-82.034,36.12],[-82.129,36.104],[-82.149,36.15],[-82.213,36.159],[-82.353,36.116],[-82.558,35.954],[-82.611,35.967],[-82.591,36.034],[-82.637,36.066],[-82.776,36.001],[-82.805,35.927],[-82.874,35.953],[-82.92,35.929],[-82.896,35.879],[-82.992,35.774],[-83.074,35.79],[-83.16,35.765],[-83.252,35.72],[-83.298,35.657],[-83.351,35.661],[-83.499,35.563],[-83.755,35.565],[-83.88,35.519],[-84.023,35.412],[-84.021,35.301],[-84.053,35.27],[-84.184,35.24],[-84.224,35.269],[-84.29,35.225],[-84.322,34.988],[-83.109,35.001],[-82.783,35.086],[-82.757,35.067],[-82.682,35.128],[-82.44,35.166],[-82.392,35.215],[-82.371,35.181],[-82.291,35.2],[-81.034,35.149],[-81.041,35.045],[-80.935,35.107],[-80.782,34.936],[-80.797,34.82],[-79.676,34.805],[-78.499,33.813],[-78.145,33.863],[-78.067,33.848],[-77.954,33.753],[-77.897,33.788],[-77.894,33.879],[-77.786,34.125],[-77.691,34.246],[-77.516,34.382],[-77.161,34.569],[-76.905,34.632],[-76.693,34.643],[-76.615,34.618],[-76.572,34.543],[-76.515,34.535],[-76.316,34.776],[-76.033,35.0],[-75.808,35.116],[-75.595,35.183],[-75.519,35.169],[-75.471,35.209],[-75.402,35.544],[-75.411,35.66],[-75.709,36.245],[-75.797,36.551],[-77.9,36.545]]]}},{"type":"Feature","properties":{"name":"Wisconsin","level":"us_state"},"geometry":{"type":"Polygon","coordinates":[[[-89.555,46.228],[-90.121,46.337],[-90.217,46.502],[-90.317,46.517],[-90.332,46.553],[-90.393,46.532],[-90.418,46.566],[-89.957,47.291],[-90.655,47.31],[-92.02,46.704],[-92.089,46.749],[-92.189,46.718],[-92.205,46.698],[-92.176,46.686],[-92.207,46.652],[-92.292,46.666],[-92.294,46.074],[-92.352,46.016],[-92.429,46.024],[-92.47,45.974],[-92.525,45.984],[-92.708,45.895],[-92.785,45.764],[-92.869,45.718],[-92.884,45.575],[-92.746,45.553],[-92.647,45.44],[-92.705,45.327],[-92.762,45.288],[-92.74,45.116],[-92.803,45.062],[-92.762,45.024],[-92.751,44.937],[-92.808,44.751],[-92.549,44.568],[-92.336,44.554],[-92.231,44.444],[-91.967,44.364],[-91.919,44.323],[-91.875,44.201],[-91.592,44.031],[-91.439,44.001],[-91.367,43.937],[-91.244,43.775],[-91.273,43.667],[-91.217,43.512],[-91.215,43.366],[-91.058,43.255],[-91.178,43.129],[-91.145,42.906],[-91.101,42.883],[-91.054,42.738],[-90.949,42.686],[-90.709,42.636],[-90.643,42.508],[-87.02,42.493],[-87.147,43.38],[-87.114,43.734],[-87.013,44.132],[-86.686,44.881],[-86.5,45.081],[-86.25,45.236],[-86.754,45.444],[-87.101,45.444],[-87.171,45.353],[-87.406,45.202],[-87.443,45.076],[-87.66,45.108],[-87.742,45.197],[-87.648,45.339],[-87.657,45.369],[-87.694,45.39],[-87.754,45.349],[-87.888,45.355],[-87.849,45.404],[-87.862,45.434],[-87.793,45.5],[-87.834,45.562],[-87.777,45.588],[-87.824,45.648],[-87.782,45.683],[-87.877,45.754],[-88.13,45.81],[-88.07,45.873],[-88.101,45.882],[-88.102,45.922],[-88.489,45.991],[-88.515,46.02],[-88.671,45.989],[-88.679,46.014],[-88.816,46.021],[-89.092,46.138],[-89.555,46.228]]]}},{"type":"Feature","properties":{"name":"Oregon","level":"us_state"},"geometry":{"type":"Polygon","coordinates":[[[-121.441,45.697],[-121.533,45.727],[-121.811,45.707],[-121.983,45.623],[-122.263,45.544],[-122.439,45.564],[-122.764,45.657],[-122.814,45.961],[-122.904,46.084],[-123.116,46.185],[-123.371,46.146],[-123.431,46.182],[-123.448,46.25],[-123.501,46.271],[-123.741,46.269],[-123.873,46.235],[-124.025,46.299],[-124.036,46.264],[-124.16,46.261],[-124.051,46.164],[-124.003,46.028],[-124.092,45.943],[-124.038,45.842],[-124.068,45.75],[-124.012,45.677],[-124.065,45.468],[-124.036,45.413],[-124.077,45.342],[-124.042,45.282],[-124.045,45.166],[-124.142,44.833],[-124.134,44.583],[-124.215,43.954],[-124.329,43.5],[-124.38,43.403],[-124.477,43.329],[-124.465,43.2],[-124.516,43.125],[-124.531,43.0],[-124.704,42.77],[-124.665,42.72],[-124.585,42.719],[-124.53,42.632],[-124.474,42.615],[-124.465,42.553],[-124.57,42.455],[-124.494,42.396],[-124.482,42.224],[-124.375,42.029],[-124.329,41.998],[-123.811,41.995],[-117.026,42.0],[-117.033,43.83],[-116.962,43.918],[-116.976,43.975],[-116.935,43.989],[-116.977,44.085],[-116.894,44.162],[-116.972,44.197],[-116.976,44.243],[-117.051,44.229],[-117.104,44.28],[-117.198,44.274],[-117.223,44.298],[-117.19,44.337],[-117.243,44.396],[-117.215,44.427],[-117.225,44.482],[-117.149,44.536],[-117.062,44.727],[-116.935,44.784],[-116.852,44.888],[-116.826,44.982],[-116.858,44.977],[-116.848,45.023],[-116.73,45.142],[-116.674,45.322],[-116.555,45.463],[-116.528,45.552],[-116.464,45.603],[-116.547,45.752],[-116.665,45.782],[-116.71,45.826],[-116.782,45.825],[-116.916,45.995],[-118.976,46.0],[-119.126,45.933],[-119.601,45.92],[-119.67,45.857],[-119.966,45.824],[-120.211,45.726],[-120.483,45.694],[-120.635,45.746],[-120.896,45.643],[-121.064,45.652],[-121.146,45.608],[-121.196,45.617],[-121.216,45.671],[-121.441,45.697]]]}},{"type":"Feature","properties":{"name":"Nebraska","level":"us_state"},"geometry":{"type":"Polygon","coordinates":[[[-95.938,41.391],[-95.92,41.453],[-96.014,41.478],[-96.0,41.539],[-96.041,41.507],[-96.094,41.539],[-96.081,41.578],[-96.118,41.615],[-96.095,41.65],[-96.123,41.683],[-96.073,41.704],[-96.106,41.738],[-96.065,41.797],[-96.162,41.902],[-96.13,41.973],[-96.241,41.999],[-96.222,42.03],[-96.274,42.049],[-96.269,42.114],[-96.349,42.168],[-96.36,42.211],[-96.329,42.255],[-96.418,42.351],[-96.386,42.474],[-96.501,42.483],[-96.549,42.521],[-96.611,42.506],[-96.71,42.605],[-96.691,42.656],[-96.793,42.666],[-96.806,42.704],[-96.907,42.734],[-96.962,42.72],[-96.979,42.76],[-97.13,42.772],[-97.21,42.809],[-97.219,42.846],[-97.307,42.868],[-97.686,42.842],[-97.845,42.868],[-97.935,42.777],[-98.013,42.762],[-98.147,42.84],[-98.444,42.929],[-98.499,42.999],[-104.053,43.0],[-104.053,41.001],[-102.052,41.002],[-102.052,40.003],[-95.308,40.0],[-95.415,40.04],[-95.393,40.119],[-95.479,40.186],[-95.479,40.244],[-95.552,40.262],[-95.562,40.297],[-95.657,40.311],[-95.623,40.342],[-95.7,40.505],[-95.656,40.547],[-95.763,40.528],[-95.75,40.607],[-95.885,40.721],[-95.835,40.78],[-95.848,40.864],[-95.809,40.893],[-95.882,41.059],[-95.883,41.156],[-95.842,41.177],[-95.928,41.2],[-95.928,41.298],[-95.903,41.274],[-95.872,41.302],[-95.955,41.342],[-95.938,41.391]]]}},{"type":"Feature","properties":{"name":"Georgia","level":"us_state"},"geometry":{"type":"Polygon","coordinates":[[[-81.095,31.521],[-81.057,31.715],[-81.014,31.729],[-80.783,31.996],[-80.823,32.034],[-80.925,32.042],[-81.004,32.102],[-81.038,32.084],[-81.115,32.115],[-81.114,32.196],[-81.157,32.243],[-81.12,32.287],[-81.129,32.338],[-81.16,32.34],[-81.205,32.423],[-81.187,32.464],[-81.281,32.556],[-81.367,32.577],[-81.419,32.629],[-81.393,32.652],[-81.428,32.702],[-81.418,32.818],[-81.502,32.935],[-81.492,33.009],[-81.752,33.149],[-81.769,33.217],[-81.852,33.247],[-81.828,33.263],[-81.863,33.289],[-81.847,33.307],[-81.94,33.345],[-81.945,33.408],[-81.91,33.412],[-81.926,33.463],[-81.986,33.487],[-82.046,33.564],[-82.186,33.621],[-82.247,33.753],[-82.324,33.82],[-82.557,33.945],[-82.642,34.093],[-82.717,34.151],[-82.747,34.267],[-82.834,34.365],[-82.859,34.455],[-82.902,34.487],[-83.035,34.484],[-83.16,34.603],[-83.233,34.612],[-83.342,34.682],[-83.353,34.728],[-83.306,34.816],[-83.157,34.931],[-83.112,34.935],[-83.103,34.998],[-85.605,34.985],[-85.184,32.861],[-85.122,32.774],[-85.143,32.76],[-85.113,32.736],[-85.105,32.641],[-84.963,32.424],[-85.006,32.327],[-84.888,32.26],[-85.062,32.133],[-85.049,32.022],[-85.134,31.892],[-85.142,31.782],[-85.041,31.542],[-85.115,31.277],[-85.108,31.186],[-85.036,31.108],[-85.006,30.976],[-84.934,30.884],[-84.92,30.766],[-84.865,30.712],[-82.215,30.569],[-82.24,30.538],[-82.201,30.485],[-82.193,30.379],[-82.066,30.356],[-82.037,30.372],[-82.005,30.564],[-82.049,30.655],[-82.046,30.728],[-82.023,30.788],[-81.974,30.779],[-81.95,30.828],[-81.61,30.716],[-81.347,30.712],[-81.4,30.766],[-81.305,30.971],[-81.353,31.037],[-81.29,31.093],[-81.296,31.152],[-81.234,31.17],[-81.188,31.246],[-81.191,31.4],[-81.095,31.521]]]}},{"type":"Feature","properties":{"name":"Alabama","level":"us_state"},"geometry":{"type":"Polygon","coordinates":[[[-85.127,31.763],[-85.134,31.892],[-85.049,32.022],[-85.062,32.133],[-84.888,32.26],[-85.006,32.327],[-84.963,32.424],[-85.105,32.641],[-85.113,32.736],[-85.143,32.76],[-85.122,32.774],[-85.184,32.861],[-85.605,34.985],[-88.203,35.008],[-88.152,34.92],[-88.098,34.892],[-88.473,31.894],[-88.384,30.159],[-88.348,30.19],[-88.162,30.2],[-88.046,30.145],[-87.987,30.178],[-87.807,30.177],[-87.518,30.23],[-87.518,30.284],[-87.45,30.311],[-87.503,30.327],[-87.461,30.335],[-87.43,30.406],[-87.367,30.44],[-87.45,30.514],[-87.395,30.614],[-87.406,30.675],[-87.53,30.741],[-87.635,30.866],[-87.599,30.997],[-85.002,31.001],[-85.036,31.108],[-85.108,31.186],[-85.115,31.277],[-85.041,31.541],[-85.058,31.62],[-85.126,31.695],[-85.127,31.763]]]}},{"type":"Feature","properties":{"name":"Utah","level":"us_state"},"geometry":{"type":"Polygon","coordinates":[[[-111.508,42.0],[-114.041,41.994],[-114.05,37.0],[-109.045,36.999],[-109.05,41.001],[-111.047,40.998],[-111.047,42.002],[-111.508,42.0]]]}},{"type":"Feature","properties":{"name":"Ohio","level":"us_state"},"geometry":{"type":"Polygon","coordinates":[[[-80.519,40.9],[-80.52,42.327],[-81.25,42.216],[-82.398,41.677],[-82.681,41.676],[-83.069,41.864],[-83.112,41.959],[-83.416,41.734],[-84.806,41.696],[-84.82,39.105],[-84.743,39.148],[-84.607,39.073],[-84.453,39.119],[-84.426,39.053],[-84.306,39.008],[-84.213,38.806],[-83.869,38.761],[-83.769,38.655],[-83.669,38.627],[-83.626,38.679],[-83.521,38.703],[-83.358,38.655],[-83.299,38.597],[-83.246,38.629],[-83.154,38.619],[-83.03,38.726],[-82.89,38.756],[-82.842,38.589],[-82.698,38.544],[-82.583,38.41],[-82.33,38.444],[-82.291,38.579],[-82.175,38.607],[-82.222,38.787],[-82.145,38.84],[-82.143,38.898],[-82.038,39.024],[-81.933,38.988],[-81.903,38.876],[-81.827,38.946],[-81.763,38.924],[-81.764,39.015],[-81.814,39.08],[-81.746,39.097],[-81.756,39.18],[-81.692,39.227],[-81.684,39.271],[-81.57,39.268],[-81.558,39.339],[-81.456,39.409],[-81.376,39.342],[-81.217,39.388],[-80.973,39.588],[-80.88,39.621],[-80.83,39.712],[-80.869,39.766],[-80.791,39.867],[-80.807,39.916],[-80.756,39.913],[-80.738,40.079],[-80.6,40.318],[-80.633,40.391],[-80.595,40.475],[-80.668,40.583],[-80.627,40.62],[-80.519,40.639],[-80.519,40.9]]]}},{"type":"Feature","properties":{"name":"Oklahoma","level":"us_state"},"geometry":{"type":"Polygon","coordinates":[[[-95.787,36.999],[-103.002,37.0],[-103.002,36.5],[-100.0,36.5],[-100.0,34.56],[-99.923,34.575],[-99.695,34.378],[-99.6,34.375],[-99.57,34.418],[-99.405,34.373],[-99.369,34.458],[-99.32,34.409],[-99.261,34.404],[-99.274,34.384],[-99.207,34.338],[-99.19,34.214],[-99.044,34.198],[-98.988,34.221],[-98.757,34.125],[-98.6,34.161],[-98.486,34.063],[-98.414,34.085],[-98.366,34.157],[-98.171,34.114],[-98.109,34.154],[-98.09,34.128],[-98.12,34.072],[-98.088,34.005],[-97.946,33.99],[-97.985,33.901],[-97.968,33.882],[-97.834,33.858],[-97.671,33.992],[-97.59,33.954],[-97.581,33.9],[-97.461,33.905],[-97.463,33.842],[-97.427,33.819],[-97.369,33.821],[-97.332,33.884],[-97.332,33.855],[-97.309,33.889],[-97.256,33.864],[-97.211,33.916],[-97.167,33.847],[-97.205,33.819],[-97.193,33.76],[-97.134,33.718],[-97.087,33.741],[-97.093,33.804],[-97.048,33.817],[-97.088,33.852],[-97.021,33.846],[-96.984,33.891],[-96.981,33.956],[-96.973,33.936],[-96.916,33.958],[-96.875,33.861],[-96.794,33.869],[-96.762,33.824],[-96.7,33.839],[-96.667,33.917],[-96.588,33.895],[-96.629,33.846],[-96.532,33.824],[-96.501,33.773],[-96.424,33.776],[-96.347,33.686],[-96.294,33.769],[-96.187,33.755],[-96.149,33.837],[-96.017,33.841],[-96.003,33.874],[-95.951,33.857],[-95.925,33.885],[-95.83,33.835],[-95.816,33.86],[-95.758,33.85],[-95.752,33.895],[-95.633,33.905],[-95.594,33.943],[-95.554,33.927],[-95.544,33.881],[-95.289,33.873],[-95.217,33.963],[-95.125,33.935],[-95.121,33.905],[-95.08,33.921],[-95.09,33.881],[-95.067,33.917],[-95.047,33.863],[-94.97,33.862],[-94.868,33.745],[-94.822,33.733],[-94.821,33.769],[-94.803,33.733],[-94.763,33.76],[-94.789,33.736],[-94.733,33.725],[-94.736,33.692],[-94.734,33.716],[-94.702,33.703],[-94.716,33.688],[-94.644,33.702],[-94.669,33.664],[-94.588,33.686],[-94.56,33.667],[-94.59,33.645],[-94.543,33.654],[-94.569,33.627],[-94.492,33.625],[-94.431,35.393],[-94.618,36.499],[-94.618,36.999],[-95.787,36.999]]]}},{"type":"Feature","properties":{"name":"Tennessee","level":"us_state"},"geometry":{"type":"Polygon","coordinates":[[[-83.988,36.589],[-86.493,36.652],[-87.853,36.633],[-87.85,36.664],[-88.071,36.678],[-88.033,36.542],[-88.053,36.497],[-89.301,36.507],[-89.418,36.499],[-89.472,36.458],[-89.485,36.497],[-89.539,36.498],[-89.513,36.36],[-89.62,36.323],[-89.535,36.253],[-89.706,36.239],[-89.592,36.15],[-89.733,36.001],[-89.644,35.921],[-89.645,35.887],[-89.745,35.911],[-89.773,35.866],[-89.699,35.819],[-89.782,35.805],[-89.825,35.745],[-89.907,35.759],[-89.958,35.727],[-89.925,35.658],[-89.851,35.658],[-89.958,35.589],[-89.905,35.519],[-90.031,35.554],[-90.048,35.504],[-90.003,35.43],[-90.054,35.389],[-90.068,35.467],[-90.108,35.477],[-90.179,35.385],[-90.136,35.377],[-90.129,35.414],[-90.08,35.384],[-90.11,35.305],[-90.169,35.28],[-90.091,35.245],[-90.076,35.213],[-90.117,35.188],[-90.067,35.138],[-90.163,35.125],[-90.207,35.026],[-90.292,35.041],[-90.31,35.001],[-84.322,34.988],[-84.29,35.225],[-84.224,35.269],[-84.184,35.24],[-84.053,35.27],[-84.021,35.301],[-84.023,35.412],[-83.88,35.519],[-83.755,35.565],[-83.499,35.563],[-83.351,35.661],[-83.298,35.657],[-83.252,35.72],[-83.16,35.765],[-83.074,35.79],[-82.992,35.774],[-82.896,35.879],[-82.92,35.929],[-82.874,35.953],[-82.805,35.927],[-82.776,36.001],[-82.637,36.066],[-82.591,36.034],[-82.611,35.967],[-82.558,35.954],[-82.353,36.116],[-82.213,36.159],[-82.149,36.15],[-82.129,36.104],[-82.034,36.12],[-81.855,36.337],[-81.793,36.362],[-81.707,36.335],[-81.742,36.412],[-81.695,36.467],[-81.708,36.536],[-81.647,36.612],[-83.988,36.589]]]}},{"type":"Feature","properties":{"name":"Wyoming","level":"us_state"},"geometry":{"type":"Polygon","coordinates":[[[-106.321,40.999],[-104.053,41.001],[-104.058,44.998],[-111.055,45.001],[-111.047,40.998],[-106.321,40.999]]]}},{"type":"Feature","properties":{"name":"Massachusetts","level":"us_state"},"geometry":{"type":"Polygon","coordinates":[[[-71.255,42.737],[-71.295,42.697],[-73.265,42.746],[-73.508,42.086],[-73.497,42.05],[-72.814,42.037],[-72.817,41.998],[-72.767,42.003],[-72.756,42.036],[-71.381,42.019],[-71.381,41.894],[-71.339,41.899],[-71.34,41.797],[-71.195,41.675],[-71.133,41.66],[-71.121,41.493],[-71.089,41.431],[-71.034,41.414],[-70.991,41.351],[-70.896,41.37],[-70.866,41.215],[-70.784,41.201],[-70.703,41.289],[-70.572,41.3],[-70.46,41.265],[-70.344,41.276],[-70.11,41.19],[-69.916,41.221],[-69.895,41.29],[-70.006,41.434],[-70.094,41.431],[-70.117,41.395],[-70.098,41.354],[-70.138,41.346],[-70.267,41.393],[-70.383,41.37],[-70.393,41.445],[-70.49,41.463],[-70.509,41.499],[-70.395,41.557],[-70.249,41.56],[-70.078,41.613],[-70.063,41.59],[-70.127,41.504],[-70.085,41.467],[-70.024,41.472],[-69.929,41.532],[-69.859,41.736],[-69.918,41.959],[-70.04,42.092],[-70.173,42.135],[-70.277,42.114],[-70.608,42.138],[-70.643,42.178],[-70.64,42.228],[-70.69,42.279],[-70.606,42.531],[-70.502,42.625],[-70.53,42.707],[-70.714,42.732],[-70.735,42.875],[-70.848,42.861],[-70.904,42.887],[-71.031,42.859],[-71.064,42.806],[-71.167,42.809],[-71.182,42.737],[-71.255,42.737]]]}},{"type":"Feature","properties":{"name":"Virginia","level":"us_state"},"geometry":{"type":"Polygon","coordinates":[[[-76.916,36.552],[-75.797,36.551],[-75.928,36.938],[-75.89,37.055],[-75.766,37.155],[-75.716,37.276],[-75.644,37.342],[-75.53,37.557],[-75.542,37.606],[-75.461,37.771],[-75.417,37.821],[-75.303,37.838],[-75.166,38.028],[-75.624,37.994],[-75.648,37.947],[-75.705,37.955],[-75.801,37.912],[-75.953,37.907],[-75.944,37.946],[-76.052,37.954],[-76.236,37.887],[-76.517,38.027],[-76.605,38.149],[-76.839,38.164],[-76.949,38.208],[-76.962,38.257],[-77.028,38.305],[-77.011,38.374],[-77.042,38.401],[-77.163,38.346],[-77.277,38.338],[-77.323,38.433],[-77.311,38.494],[-77.246,38.593],[-77.13,38.635],[-77.123,38.685],[-77.044,38.718],[-77.042,38.873],[-77.147,38.964],[-77.245,38.983],[-77.248,39.027],[-77.457,39.073],[-77.52,39.121],[-77.518,39.169],[-77.458,39.225],[-77.567,39.306],[-77.731,39.316],[-77.828,39.132],[-78.347,39.466],[-78.367,39.359],[-78.339,39.349],[-78.439,39.198],[-78.404,39.167],[-78.572,39.032],[-78.55,39.018],[-78.602,38.965],[-78.628,38.982],[-78.697,38.914],[-78.719,38.905],[-78.717,38.936],[-78.786,38.887],[-78.869,38.763],[-79.0,38.846],[-79.085,38.725],[-79.093,38.66],[-79.13,38.655],[-79.211,38.493],[-79.283,38.418],[-79.477,38.457],[-79.537,38.551],[-79.649,38.591],[-79.726,38.364],[-79.81,38.307],[-79.789,38.269],[-79.92,38.183],[-79.945,38.132],[-79.926,38.107],[-79.999,37.995],[-80.162,37.875],[-80.296,37.693],[-80.221,37.628],[-80.329,37.564],[-80.33,37.536],[-80.282,37.534],[-80.309,37.503],[-80.475,37.423],[-80.511,37.482],[-80.552,37.474],[-80.77,37.372],[-80.859,37.429],[-80.883,37.384],[-80.849,37.347],[-80.899,37.316],[-81.225,37.235],[-81.365,37.338],[-81.416,37.274],[-81.499,37.258],[-81.555,37.208],[-81.678,37.202],[-81.757,37.276],[-81.85,37.285],[-81.928,37.36],[-81.936,37.438],[-81.996,37.472],[-81.926,37.514],[-81.968,37.538],[-82.349,37.268],[-82.721,37.121],[-82.722,37.045],[-82.867,36.978],[-82.879,36.89],[-83.073,36.854],[-83.135,36.743],[-83.53,36.666],[-83.675,36.601],[-81.647,36.612],[-81.677,36.588],[-80.122,36.543],[-76.916,36.552]]]}},{"type":"Feature","properties":{"name":"District of Columbia","level":"us_state"},"geometry":{"type":"Polygon","coordinates":[[[-77.12,38.934],[-77.039,38.87],[-77.039,38.792],[-76.909,38.893],[-77.041,38.996],[-77.12,38.934]]]}},{"type":"Feature","properties":{"name":"Iowa","level":"us_state"},"geometry":{"type":"Polygon","coordinates":[[[-95.861,43.5],[-96.599,43.5],[-96.594,43.434],[-96.522,43.386],[-96.527,43.305],[-96.588,43.296],[-96.586,43.269],[-96.553,43.258],[-96.559,43.223],[-96.477,43.222],[-96.436,43.12],[-96.461,43.064],[-96.521,43.04],[-96.492,43.01],[-96.521,42.98],[-96.499,42.958],[-96.541,42.924],[-96.55,42.838],[-96.581,42.838],[-96.639,42.737],[-96.516,42.63],[-96.476,42.49],[-96.386,42.474],[-96.418,42.351],[-96.329,42.255],[-96.35,42.171],[-96.269,42.114],[-96.273,42.046],[-96.224,42.033],[-96.236,41.996],[-96.195,42.009],[-96.187,41.978],[-96.13,41.972],[-96.162,41.902],[-96.065,41.794],[-96.106,41.738],[-96.073,41.704],[-96.123,41.683],[-96.095,41.65],[-96.118,41.615],[-96.081,41.578],[-96.095,41.541],[-96.041,41.507],[-96.005,41.543],[-96.014,41.478],[-95.921,41.455],[-95.957,41.346],[-95.871,41.297],[-95.903,41.274],[-95.928,41.298],[-95.927,41.197],[-95.842,41.175],[-95.883,41.156],[-95.882,41.059],[-95.809,40.891],[-95.849,40.861],[-95.835,40.779],[-95.889,40.732],[-95.776,40.647],[-95.766,40.585],[-94.27,40.572],[-91.729,40.614],[-91.689,40.557],[-91.62,40.541],[-91.575,40.466],[-91.525,40.458],[-91.526,40.413],[-91.483,40.382],[-91.392,40.384],[-91.364,40.498],[-91.405,40.555],[-91.34,40.613],[-91.124,40.669],[-91.093,40.821],[-90.952,40.954],[-90.947,41.097],[-91.114,41.241],[-91.046,41.414],[-90.656,41.462],[-90.556,41.524],[-90.461,41.524],[-90.343,41.588],[-90.31,41.743],[-90.181,41.809],[-90.14,42.003],[-90.168,42.122],[-90.393,42.227],[-90.444,42.355],[-90.654,42.479],[-90.636,42.519],[-90.706,42.634],[-90.949,42.686],[-91.065,42.751],[-91.101,42.883],[-91.146,42.908],[-91.179,43.067],[-91.175,43.135],[-91.058,43.255],[-91.107,43.314],[-91.207,43.353],[-91.218,43.501],[-95.861,43.5]]]}},{"type":"Feature","properties":{"name":"Arizona","level":"us_state"},"geometry":{"type":"Polygon","coordinates":[[[-110.751,37.003],[-114.051,37.0],[-114.044,36.193],[-114.121,36.111],[-114.137,36.038],[-114.244,36.015],[-114.406,36.147],[-114.445,36.125],[-114.63,36.142],[-114.755,36.086],[-114.722,36.029],[-114.741,35.976],[-114.662,35.871],[-114.706,35.851],[-114.712,35.806],[-114.69,35.651],[-114.654,35.61],[-114.679,35.498],[-114.605,35.355],[-114.569,35.183],[-114.578,35.129],[-114.647,35.102],[-114.603,35.069],[-114.638,35.027],[-114.635,34.875],[-114.47,34.711],[-114.437,34.596],[-114.381,34.53],[-114.387,34.458],[-114.177,34.349],[-114.131,34.263],[-114.416,34.108],[-114.438,34.023],[-114.535,33.935],[-114.508,33.904],[-114.528,33.815],[-114.494,33.708],[-114.532,33.675],[-114.524,33.553],[-114.643,33.417],[-114.725,33.405],[-114.698,33.352],[-114.731,33.302],[-114.672,33.258],[-114.706,33.088],[-114.662,33.033],[-114.511,33.023],[-114.468,32.971],[-114.469,32.845],[-114.539,32.75],[-114.703,32.745],[-114.808,32.619],[-114.814,32.494],[-111.075,31.332],[-109.05,31.332],[-109.045,36.999],[-110.751,37.003]]]}},{"type":"Feature","properties":{"name":"Texas","level":"us_state"},"geometry":{"type":"Polygon","coordinates":[[[-98.424,34.083],[-98.487,34.063],[-98.6,34.161],[-98.757,34.125],[-98.988,34.221],[-99.044,34.198],[-99.188,34.214],[-99.207,34.338],[-99.359,34.456],[-99.395,34.442],[-99.405,34.373],[-99.57,34.418],[-99.6,34.375],[-99.695,34.378],[-99.923,34.575],[-100.0,34.56],[-100.0,36.5],[-103.042,36.5],[-103.065,32.0],[-106.618,32.0],[-106.64,31.98],[-106.613,31.92],[-106.646,31.895],[-106.603,31.825],[-106.491,31.749],[-106.452,31.765],[-106.38,31.731],[-106.207,31.466],[-105.954,31.365],[-105.773,31.167],[-105.604,31.084],[-105.558,30.99],[-105.4,30.89],[-105.4,30.852],[-105.257,30.794],[-105.215,30.806],[-105.062,30.686],[-105.007,30.686],[-104.972,30.61],[-104.923,30.604],[-104.867,30.494],[-104.859,30.39],[-104.706,30.235],[-104.683,29.929],[-104.566,29.771],[-104.508,29.633],[-104.338,29.52],[-104.21,29.482],[-104.167,29.395],[-104.037,29.32],[-103.784,29.265],[-103.777,29.221],[-103.759,29.233],[-103.719,29.181],[-103.554,29.158],[-103.471,29.067],[-103.387,29.022],[-103.331,29.043],[-103.287,28.978],[-103.117,28.984],[-103.101,29.06],[-103.034,29.101],[-102.996,29.179],[-102.951,29.174],[-102.867,29.224],[-102.906,29.26],[-102.884,29.348],[-102.812,29.401],[-102.833,29.41],[-102.808,29.523],[-102.674,29.745],[-102.63,29.734],[-102.568,29.771],[-102.548,29.745],[-102.487,29.787],[-102.387,29.761],[-102.365,29.845],[-102.316,29.88],[-102.073,29.787],[-101.976,29.816],[-101.929,29.783],[-101.853,29.808],[-101.824,29.787],[-101.818,29.812],[-101.805,29.78],[-101.645,29.754],[-101.576,29.769],[-101.545,29.812],[-101.536,29.759],[-101.461,29.79],[-101.449,29.751],[-101.402,29.771],[-101.416,29.747],[-101.361,29.65],[-101.303,29.65],[-101.306,29.578],[-101.25,29.624],[-101.255,29.52],[-101.06,29.459],[-101.01,29.368],[-100.814,29.263],[-100.773,29.168],[-100.675,29.101],[-100.641,28.914],[-100.535,28.805],[-100.5,28.662],[-100.398,28.585],[-100.388,28.515],[-100.334,28.499],[-100.368,28.477],[-100.291,28.275],[-100.22,28.232],[-100.208,28.19],[-100.084,28.145],[-99.991,27.995],[-99.932,27.981],[-99.877,27.798],[-99.813,27.774],[-99.712,27.658],[-99.596,27.64],[-99.585,27.604],[-99.555,27.614],[-99.512,27.568],[-99.528,27.499],[-99.479,27.479],[-99.505,27.339],[-99.538,27.317],[-99.442,27.25],[-99.446,27.022],[-99.269,26.843],[-99.209,26.725],[-99.171,26.542],[-99.105,26.5],[-99.114,26.433],[-99.085,26.399],[-98.974,26.401],[-98.942,26.37],[-98.926,26.394],[-98.897,26.353],[-98.807,26.369],[-98.671,26.237],[-98.623,26.26],[-98.482,26.201],[-98.444,26.224],[-98.387,26.158],[-98.336,26.166],[-98.306,26.103],[-98.266,26.121],[-98.288,26.104],[-98.194,26.053],[-98.08,26.071],[-98.076,26.036],[-98.028,26.067],[-97.861,26.07],[-97.737,26.021],[-97.663,26.038],[-97.521,25.886],[-97.373,25.84],[-97.375,25.908],[-97.277,25.935],[-97.285,25.959],[-97.09,25.961],[-97.125,26.248],[-97.3,26.835],[-97.32,27.11],[-97.2,27.5],[-96.959,27.875],[-96.746,28.08],[-96.375,28.291],[-96.235,28.421],[-95.33,28.829],[-95.107,29.015],[-95.086,29.068],[-94.713,29.283],[-94.65,29.292],[-94.624,29.343],[-94.65,29.383],[-94.625,29.398],[-94.034,29.625],[-93.814,29.597],[-93.837,29.69],[-93.928,29.81],[-93.7,30.059],[-93.734,30.086],[-93.688,30.141],[-93.721,30.21],[-93.705,30.29],[-93.766,30.333],[-93.758,30.39],[-93.698,30.442],[-93.708,30.521],[-93.74,30.54],[-93.679,30.594],[-93.683,30.641],[-93.63,30.68],[-93.614,30.76],[-93.554,30.824],[-93.574,30.885],[-93.526,30.938],[-93.578,31.0],[-93.508,31.032],[-93.564,31.095],[-93.533,31.183],[-93.589,31.166],[-93.62,31.271],[-93.687,31.306],[-93.639,31.372],[-93.671,31.366],[-93.704,31.455],[-93.749,31.469],[-93.711,31.512],[-93.788,31.527],[-93.835,31.586],[-93.794,31.703],[-93.837,31.75],[-93.823,31.775],[-93.873,31.815],[-93.901,31.897],[-93.931,31.891],[-94.042,31.994],[-94.043,33.552],[-94.073,33.555],[-94.073,33.584],[-94.127,33.551],[-94.184,33.595],[-94.217,33.58],[-94.195,33.555],[-94.251,33.557],[-94.243,33.59],[-94.277,33.557],[-94.287,33.583],[-94.31,33.552],[-94.387,33.545],[-94.383,33.583],[-94.41,33.568],[-94.471,33.602],[-94.449,33.643],[-94.528,33.616],[-94.522,33.641],[-94.57,33.628],[-94.548,33.66],[-94.59,33.645],[-94.56,33.667],[-94.588,33.686],[-94.655,33.66],[-94.644,33.702],[-94.716,33.688],[-94.702,33.703],[-94.734,33.716],[-94.736,33.692],[-94.733,33.725],[-94.789,33.736],[-94.763,33.76],[-94.803,33.733],[-94.823,33.769],[-94.82,33.734],[-94.861,33.742],[-94.97,33.862],[-95.047,33.863],[-95.067,33.917],[-95.09,33.881],[-95.08,33.921],[-95.121,33.905],[-95.125,33.935],[-95.217,33.963],[-95.289,33.873],[-95.544,33.881],[-95.554,33.927],[-95.594,33.943],[-95.633,33.905],[-95.752,33.895],[-95.758,33.85],[-95.816,33.86],[-95.83,33.835],[-95.925,33.885],[-95.951,33.857],[-96.003,33.874],[-96.017,33.841],[-96.149,33.837],[-96.187,33.755],[-96.294,33.769],[-96.347,33.686],[-96.424,33.776],[-96.501,33.773],[-96.532,33.824],[-96.628,33.845],[-96.585,33.891],[-96.66,33.917],[-96.701,33.838],[-96.762,33.824],[-96.794,33.869],[-96.871,33.857],[-96.918,33.959],[-96.988,33.955],[-96.985,33.889],[-97.039,33.838],[-97.088,33.853],[-97.048,33.817],[-97.093,33.804],[-97.086,33.743],[-97.125,33.717],[-97.193,33.76],[-97.205,33.819],[-97.167,33.847],[-97.21,33.916],[-97.256,33.864],[-97.309,33.889],[-97.332,33.855],[-97.332,33.884],[-97.369,33.821],[-97.427,33.819],[-97.463,33.842],[-97.461,33.905],[-97.581,33.9],[-97.59,33.954],[-97.671,33.992],[-97.872,33.849],[-97.984,33.898],[-97.946,33.991],[-98.088,34.005],[-98.12,34.072],[-98.091,34.122],[-98.109,34.154],[-98.171,34.114],[-98.366,34.157],[-98.424,34.083]]]}},{"type":"Feature","properties":{"name":"Hawaii","level":"us_state"},"geometry":{"type":"MultiPolygon","coordinates":[[[[-155.03,19.792],[-155.047,19.898],[-155.252,20.063],[-155.582,20.181],[-155.793,20.309],[-155.918,20.3],[-155.958,20.168],[-155.884,20.018],[-155.962,19.909],[-156.096,19.815],[-156.12,19.727],[-156.079,19.625],[-156.03,19.587],[-155.943,19.344],[-155.974,19.113],[-155.926,19.008],[-155.74,18.917],[-155.706,18.87],[-155.649,18.871],[-155.557,18.943],[-155.495,19.072],[-155.391,19.144],[-155.268,19.219],[-155.176,19.211],[-155.0,19.282],[-154.81,19.416],[-154.759,19.536],[-154.887,19.625],[-154.964,19.769],[-155.03,19.792]]],[[[-161.988,23.07],[-161.976,23.026],[-161.932,23.005],[-161.875,23.019],[-161.858,23.061],[-161.919,23.114],[-161.988,23.07]]],[[[-164.765,23.582],[-164.75,23.536],[-164.701,23.517],[-164.64,23.576],[-164.689,23.623],[-164.765,23.582]]],[[[-166.387,23.846],[-166.314,23.804],[-166.303,23.729],[-166.227,23.727],[-166.211,23.6],[-166.117,23.611],[-166.133,23.685],[-166.107,23.743],[-166.182,23.902],[-166.307,23.925],[-166.38,23.884],[-166.387,23.846]]],[[[-168.058,25.0],[-168.0,24.948],[-167.944,24.99],[-168.0,25.052],[-168.058,25.0]]],[[[-170.685,25.506],[-170.63,25.456],[-170.573,25.505],[-170.631,25.557],[-170.685,25.506]]],[[[-171.81,25.781],[-171.737,25.707],[-171.687,25.728],[-171.668,25.781],[-171.688,25.824],[-171.75,25.838],[-171.81,25.781]]],[[[-174.067,26.06],[-174.046,26.002],[-174.0,25.99],[-173.903,26.06],[-173.929,26.12],[-174.007,26.137],[-174.052,26.113],[-174.067,26.06]]],[[[-176.043,27.796],[-175.97,27.693],[-175.746,27.733],[-175.666,27.875],[-175.67,27.942],[-175.735,28.0],[-175.81,28.006],[-175.981,27.913],[-175.989,27.862],[-175.924,27.814],[-176.0,27.835],[-176.043,27.796]]],[[[-178.444,28.419],[-178.375,28.335],[-178.289,28.329],[-178.233,28.375],[-178.238,28.456],[-178.315,28.516],[-178.396,28.5],[-178.444,28.419]]],[[[-158.345,21.583],[-158.135,21.242],[-157.899,21.25],[-157.81,21.199],[-157.676,21.214],[-157.601,21.283],[-157.651,21.485],[-157.762,21.526],[-157.942,21.755],[-158.05,21.74],[-158.149,21.642],[-158.312,21.622],[-158.345,21.583]]],[[[-156.871,21.232],[-156.971,21.274],[-157.03,21.244],[-157.272,21.277],[-157.367,21.101],[-157.321,21.051],[-157.078,21.058],[-156.878,20.993],[-156.658,21.115],[-156.687,21.211],[-156.871,21.232]]],[[[-157.116,20.903],[-157.048,20.821],[-157.027,20.729],[-156.974,20.687],[-156.817,20.72],[-156.75,20.808],[-156.823,20.931],[-156.905,20.976],[-157.049,20.979],[-157.116,20.903]]],[[[-156.46,20.976],[-156.491,21.035],[-156.591,21.092],[-156.67,21.077],[-156.732,21.011],[-156.752,20.924],[-156.729,20.852],[-156.625,20.75],[-156.512,20.735],[-156.496,20.692],[-156.734,20.582],[-156.75,20.454],[-156.533,20.463],[-156.483,20.513],[-156.485,20.579],[-156.375,20.529],[-156.135,20.57],[-156.026,20.606],[-155.95,20.677],[-155.927,20.782],[-155.959,20.875],[-156.032,20.86],[-156.269,21.004],[-156.46,20.976]]],[[[-159.273,22.037],[-159.25,22.176],[-159.309,22.25],[-159.403,22.29],[-159.596,22.278],[-159.75,22.199],[-159.838,22.094],[-159.851,22.027],[-159.794,21.94],[-159.631,21.847],[-159.45,21.817],[-159.308,21.909],[-159.273,22.037]]],[[[-160.304,21.854],[-160.266,21.746],[-160.177,21.736],[-160.122,21.825],[-160.031,21.869],[-159.997,21.993],[-160.057,22.068],[-160.125,22.081],[-160.174,21.991],[-160.28,21.921],[-160.304,21.854]]],[[[-160.601,21.658],[-160.546,21.6],[-160.483,21.64],[-160.532,21.712],[-160.601,21.658]]]]}},{"type":"Feature","properties":{"name":"North Dakota","level":"us_state"},"geometry":{"type":"Polygon","coordinates":[[[-99.0,49.0],[-104.049,49.0],[-104.046,45.945],[-96.564,45.935],[-96.554,46.084],[-96.593,46.175],[-96.599,46.33],[-96.722,46.44],[-96.747,46.582],[-96.798,46.63],[-96.775,46.767],[-96.803,46.812],[-96.753,46.924],[-96.792,46.928],[-96.84,47.007],[-96.813,47.039],[-96.841,47.152],[-96.822,47.184],[-96.845,47.194],[-96.829,47.328],[-96.858,47.368],[-96.837,47.39],[-96.872,47.419],[-96.851,47.599],[-96.935,47.767],[-96.992,47.808],[-96.974,47.823],[-97.055,47.948],[-97.072,48.048],[-97.147,48.142],[-97.121,48.16],[-97.148,48.171],[-97.139,48.217],[-97.118,48.21],[-97.152,48.22],[-97.121,48.225],[-97.145,48.269],[-97.112,48.296],[-97.156,48.366],[-97.133,48.382],[-97.163,48.393],[-97.123,48.418],[-97.151,48.441],[-97.128,48.474],[-97.163,48.478],[-97.127,48.52],[-97.175,48.562],[-97.09,48.684],[-97.182,48.799],[-97.158,48.81],[-97.19,48.815],[-97.178,48.876],[-97.234,48.947],[-97.229,49.0],[-99.0,49.0]]]}},{"type":"Feature","properties":{"name":"Kentucky","level":"us_state"},"geometry":{"type":"MultiPolygon","coordinates":[[[[-82.565,37.196],[-82.349,37.268],[-81.965,37.543],[-82.132,37.552],[-82.175,37.648],[-82.214,37.625],[-82.304,37.676],[-82.334,37.743],[-82.312,37.765],[-82.401,37.81],[-82.42,37.885],[-82.502,37.933],[-82.465,37.984],[-82.519,38.001],[-82.645,38.165],[-82.612,38.171],[-82.612,38.236],[-82.575,38.265],[-82.604,38.459],[-82.698,38.544],[-82.842,38.589],[-82.88,38.751],[-83.028,38.727],[-83.151,38.62],[-83.246,38.629],[-83.293,38.597],[-83.363,38.657],[-83.521,38.703],[-83.626,38.679],[-83.668,38.626],[-83.769,38.655],[-83.869,38.761],[-84.213,38.806],[-84.306,39.008],[-84.426,39.053],[-84.453,39.119],[-84.618,39.073],[-84.75,39.148],[-84.897,39.057],[-84.83,38.973],[-84.877,38.909],[-84.785,38.88],[-84.83,38.83],[-84.814,38.785],[-84.992,38.778],[-85.173,38.688],[-85.272,38.741],[-85.436,38.729],[-85.457,38.686],[-85.42,38.535],[-85.506,38.465],[-85.607,38.439],[-85.68,38.298],[-85.743,38.267],[-85.829,38.277],[-85.906,38.168],[-85.926,38.022],[-86.03,37.992],[-86.039,37.959],[-86.095,38.009],[-86.178,38.011],[-86.268,38.057],[-86.273,38.141],[-86.36,38.199],[-86.377,38.17],[-86.325,38.136],[-86.402,38.104],[-86.461,38.121],[-86.434,38.066],[-86.525,38.029],[-86.507,37.93],[-86.589,37.921],[-86.598,37.867],[-86.638,37.843],[-86.662,37.853],[-86.648,37.909],[-86.733,37.895],[-86.82,37.999],[-87.034,37.906],[-87.065,37.808],[-87.111,37.782],[-87.162,37.84],[-87.412,37.945],[-87.511,37.906],[-87.598,37.974],[-87.627,37.92],[-87.584,37.872],[-87.644,37.826],[-87.679,37.837],[-87.675,37.902],[-87.83,37.876],[-87.904,37.926],[-87.941,37.879],[-87.907,37.807],[-87.952,37.772],[-88.03,37.798],[-88.159,37.663],[-88.068,37.486],[-88.475,37.39],[-88.516,37.284],[-88.425,37.152],[-88.46,37.075],[-88.567,37.075],[-88.932,37.227],[-89.0,37.225],[-89.087,37.165],[-89.182,37.039],[-89.099,36.958],[-89.138,36.847],[-89.179,36.83],[-89.118,36.762],[-89.201,36.733],[-89.159,36.666],[-89.236,36.567],[-89.326,36.632],[-89.366,36.625],[-89.417,36.499],[-88.053,36.497],[-88.033,36.542],[-88.071,36.678],[-87.85,36.664],[-87.853,36.633],[-86.493,36.652],[-83.691,36.583],[-83.53,36.666],[-83.135,36.743],[-83.073,36.854],[-82.879,36.889],[-82.867,36.978],[-82.748,37.024],[-82.721,37.121],[-82.565,37.196]]],[[[-89.571,36.552],[-89.539,36.498],[-89.485,36.497],[-89.466,36.53],[-89.48,36.569],[-89.529,36.582],[-89.571,36.552]]]]}},{"type":"Feature","properties":{"name":"West Virginia","level":"us_state"},"geometry":{"type":"Polygon","coordinates":[[[-77.754,39.333],[-77.738,39.399],[-77.803,39.437],[-77.766,39.496],[-77.845,39.498],[-77.825,39.528],[-77.861,39.514],[-77.889,39.555],[-77.836,39.567],[-77.833,39.603],[-77.941,39.619],[-77.946,39.585],[-78.177,39.696],[-78.266,39.619],[-78.43,39.623],[-78.395,39.585],[-78.457,39.588],[-78.417,39.549],[-78.461,39.551],[-78.472,39.516],[-78.69,39.546],[-78.767,39.588],[-78.733,39.615],[-78.778,39.622],[-78.775,39.646],[-78.826,39.589],[-78.816,39.563],[-78.893,39.524],[-78.957,39.44],[-79.047,39.483],[-79.102,39.476],[-79.162,39.388],[-79.487,39.206],[-79.477,39.721],[-80.519,39.721],[-80.519,40.639],[-80.626,40.62],[-80.668,40.578],[-80.595,40.475],[-80.633,40.391],[-80.6,40.318],[-80.738,40.079],[-80.756,39.913],[-80.807,39.916],[-80.791,39.867],[-80.869,39.766],[-80.83,39.712],[-80.88,39.621],[-80.973,39.588],[-81.217,39.388],[-81.376,39.342],[-81.456,39.409],[-81.558,39.339],[-81.57,39.268],[-81.684,39.271],[-81.692,39.227],[-81.756,39.18],[-81.746,39.097],[-81.814,39.08],[-81.764,39.015],[-81.763,38.924],[-81.827,38.946],[-81.903,38.876],[-81.933,38.988],[-82.038,39.024],[-82.143,38.898],[-82.145,38.84],[-82.222,38.787],[-82.177,38.604],[-82.291,38.579],[-82.33,38.444],[-82.541,38.404],[-82.593,38.422],[-82.575,38.264],[-82.612,38.236],[-82.612,38.171],[-82.645,38.165],[-82.519,38.001],[-82.465,37.984],[-82.502,37.933],[-82.42,37.885],[-82.401,37.81],[-82.312,37.765],[-82.334,37.743],[-82.304,37.676],[-82.214,37.625],[-82.175,37.648],[-82.133,37.553],[-82.046,37.528],[-81.97,37.547],[-81.926,37.515],[-81.996,37.47],[-81.936,37.438],[-81.928,37.36],[-81.85,37.285],[-81.757,37.276],[-81.678,37.202],[-81.555,37.208],[-81.499,37.258],[-81.416,37.274],[-81.364,37.338],[-81.225,37.235],[-80.944,37.297],[-80.849,37.347],[-80.883,37.384],[-80.859,37.429],[-80.77,37.372],[-80.552,37.474],[-80.511,37.482],[-80.475,37.423],[-80.3,37.508],[-80.282,37.534],[-80.33,37.536],[-80.329,37.564],[-80.221,37.628],[-80.296,37.693],[-80.162,37.875],[-79.999,37.995],[-79.926,38.107],[-79.945,38.132],[-79.92,38.183],[-79.789,38.269],[-79.81,38.307],[-79.726,38.364],[-79.649,38.591],[-79.537,38.551],[-79.477,38.457],[-79.283,38.418],[-79.211,38.493],[-79.13,38.655],[-79.093,38.66],[-79.085,38.725],[-79.0,38.846],[-78.869,38.763],[-78.786,38.887],[-78.717,38.936],[-78.719,38.905],[-78.697,38.914],[-78.628,38.982],[-78.602,38.965],[-78.55,39.018],[-78.572,39.032],[-78.404,39.167],[-78.439,39.198],[-78.339,39.349],[-78.367,39.359],[-78.347,39.466],[-77.828,39.132],[-77.72,39.321],[-77.754,39.333]]]}},{"type":"Feature","properties":{"name":"Florida","level":"us_state"},"geometry":{"type":"MultiPolygon","coordinates":[[[[-80.184,25.348],[-80.095,25.476],[-80.116,25.527],[-80.069,25.757],[-79.975,26.8],[-80.039,27.03],[-80.333,27.761],[-80.5,28.077],[-80.544,28.271],[-80.519,28.391],[-80.469,28.463],[-80.523,28.608],[-80.907,29.145],[-81.186,29.76],[-81.331,30.299],[-81.317,30.408],[-81.378,30.544],[-81.347,30.712],[-81.61,30.716],[-81.95,30.828],[-81.974,30.779],[-82.023,30.788],[-82.046,30.728],[-82.049,30.655],[-82.005,30.564],[-82.037,30.372],[-82.162,30.357],[-82.207,30.407],[-82.201,30.485],[-82.24,30.538],[-82.215,30.569],[-84.865,30.712],[-84.914,30.754],[-84.934,30.884],[-85.002,31.001],[-87.599,30.997],[-87.635,30.866],[-87.53,30.741],[-87.406,30.675],[-87.395,30.614],[-87.45,30.514],[-87.367,30.44],[-87.505,30.324],[-87.45,30.311],[-87.518,30.284],[-87.518,30.126],[-86.713,30.244],[-86.306,30.209],[-86.005,30.106],[-85.71,29.936],[-85.59,29.838],[-85.543,29.649],[-85.448,29.534],[-85.355,29.505],[-85.26,29.525],[-85.06,29.436],[-84.711,29.552],[-84.42,29.747],[-84.259,29.768],[-84.19,29.83],[-84.161,29.921],[-84.065,29.94],[-83.781,29.79],[-83.706,29.644],[-83.582,29.563],[-83.539,29.414],[-83.357,29.292],[-83.198,28.995],[-83.094,28.947],[-82.946,28.964],[-82.924,28.767],[-82.839,28.575],[-82.897,28.357],[-82.974,28.316],[-83.017,28.246],[-82.997,28.013],[-83.021,27.878],[-82.994,27.778],[-82.915,27.684],[-82.935,27.584],[-82.903,27.481],[-82.445,26.765],[-82.426,26.638],[-82.321,26.397],[-82.169,26.288],[-82.005,26.284],[-81.964,26.054],[-81.874,25.834],[-81.767,25.7],[-81.683,25.673],[-81.576,25.686],[-81.425,25.552],[-81.325,25.391],[-81.342,25.225],[-81.295,25.098],[-81.171,24.966],[-81.258,24.987],[-81.488,24.966],[-81.894,24.764],[-82.027,24.726],[-82.201,24.738],[-82.282,24.676],[-82.327,24.584],[-82.215,24.584],[-82.214,24.527],[-82.169,24.498],[-82.067,24.524],[-81.974,24.471],[-81.974,24.421],[-81.921,24.396],[-81.801,24.427],[-81.792,24.496],[-81.75,24.438],[-81.697,24.432],[-81.54,24.486],[-81.515,24.565],[-81.375,24.571],[-81.148,24.649],[-81.06,24.636],[-80.771,24.766],[-80.463,24.956],[-80.333,25.099],[-80.184,25.348]]],[[[-83.109,24.629],[-83.083,24.537],[-83.0,24.477],[-83.0,24.584],[-82.872,24.562],[-82.657,24.584],[-82.64,24.655],[-82.71,24.773],[-82.869,24.798],[-83.041,24.741],[-83.109,24.629]]]]}},{"type":"Feature","properties":{"name":"Illinois","level":"us_state"},"geometry":{"type":"Polygon","coordinates":[[[-87.892,38.283],[-87.869,38.312],[-87.839,38.282],[-87.823,38.347],[-87.745,38.409],[-87.75,38.471],[-87.647,38.508],[-87.67,38.545],[-87.612,38.589],[-87.62,38.639],[-87.531,38.684],[-87.496,38.741],[-87.553,38.862],[-87.512,38.954],[-87.578,38.989],[-87.573,39.057],[-87.659,39.136],[-87.575,39.218],[-87.621,39.307],[-87.532,39.348],[-87.524,41.76],[-87.208,41.761],[-87.02,42.493],[-90.643,42.508],[-90.646,42.471],[-90.419,42.329],[-90.431,42.278],[-90.391,42.225],[-90.164,42.118],[-90.154,41.907],[-90.182,41.807],[-90.313,41.74],[-90.343,41.588],[-90.461,41.524],[-90.591,41.513],[-90.656,41.462],[-91.048,41.411],[-91.114,41.241],[-90.947,41.097],[-90.963,40.926],[-91.093,40.821],[-91.124,40.669],[-91.34,40.613],[-91.401,40.559],[-91.364,40.5],[-91.373,40.399],[-91.446,40.362],[-91.507,40.236],[-91.495,40.036],[-91.419,39.928],[-91.436,39.845],[-91.362,39.79],[-91.369,39.731],[-91.182,39.603],[-91.154,39.548],[-91.1,39.539],[-91.038,39.448],[-90.73,39.256],[-90.681,39.101],[-90.713,39.05],[-90.623,38.887],[-90.549,38.873],[-90.44,38.967],[-90.113,38.849],[-90.119,38.802],[-90.211,38.721],[-90.185,38.612],[-90.371,38.334],[-90.359,38.222],[-90.111,38.027],[-89.997,37.963],[-89.925,37.96],[-89.975,37.927],[-89.948,37.88],[-89.902,37.87],[-89.843,37.905],[-89.67,37.8],[-89.663,37.75],[-89.516,37.693],[-89.518,37.641],[-89.476,37.593],[-89.52,37.583],[-89.517,37.537],[-89.421,37.388],[-89.518,37.284],[-89.459,37.249],[-89.456,37.188],[-89.377,37.091],[-89.382,37.043],[-89.292,36.992],[-89.258,37.015],[-89.308,37.07],[-89.255,37.072],[-89.185,36.974],[-89.133,36.982],[-89.179,37.022],[-89.174,37.066],[-89.076,37.175],[-88.977,37.229],[-88.804,37.188],[-88.566,37.075],[-88.459,37.075],[-88.425,37.152],[-88.516,37.284],[-88.469,37.397],[-88.065,37.489],[-88.16,37.661],[-88.028,37.799],[-88.09,37.817],[-88.026,37.833],[-88.098,37.902],[-88.013,37.894],[-88.069,37.926],[-88.034,37.926],[-88.013,37.967],[-88.008,38.031],[-88.042,38.046],[-87.957,38.086],[-88.016,38.1],[-87.911,38.163],[-87.977,38.2],[-87.988,38.257],[-87.961,38.237],[-87.935,38.295],[-87.892,38.283]]]}},{"type":"Feature","properties":{"name":"Minnesota","level":"us_state"},"geometry":{"type":"Polygon","coordinates":[[[-95.32,48.999],[-97.238,48.984],[-97.178,48.876],[-97.19,48.815],[-97.158,48.81],[-97.182,48.799],[-97.09,48.684],[-97.175,48.562],[-97.127,48.52],[-97.163,48.478],[-97.128,48.474],[-97.151,48.441],[-97.123,48.418],[-97.163,48.393],[-97.133,48.382],[-97.156,48.366],[-97.112,48.296],[-97.145,48.269],[-97.121,48.225],[-97.152,48.22],[-97.118,48.21],[-97.139,48.217],[-97.148,48.171],[-97.121,48.16],[-97.147,48.142],[-97.072,48.048],[-97.055,47.948],[-96.974,47.823],[-96.992,47.808],[-96.935,47.767],[-96.851,47.599],[-96.872,47.419],[-96.837,47.39],[-96.858,47.368],[-96.829,47.328],[-96.845,47.194],[-96.822,47.184],[-96.841,47.152],[-96.813,47.039],[-96.84,47.007],[-96.792,46.928],[-96.753,46.924],[-96.803,46.812],[-96.775,46.767],[-96.798,46.629],[-96.747,46.582],[-96.722,46.44],[-96.599,46.33],[-96.593,46.175],[-96.554,46.084],[-96.581,45.823],[-96.663,45.739],[-96.839,45.648],[-96.857,45.605],[-96.693,45.417],[-96.522,45.376],[-96.453,45.301],[-96.453,43.5],[-91.218,43.501],[-91.269,43.617],[-91.244,43.775],[-91.432,43.997],[-91.592,44.031],[-91.875,44.201],[-91.919,44.323],[-91.967,44.364],[-92.231,44.444],[-92.336,44.554],[-92.549,44.568],[-92.808,44.751],[-92.751,44.937],[-92.762,45.024],[-92.803,45.062],[-92.74,45.116],[-92.762,45.288],[-92.705,45.327],[-92.647,45.44],[-92.746,45.553],[-92.884,45.575],[-92.869,45.718],[-92.785,45.764],[-92.708,45.895],[-92.525,45.984],[-92.47,45.974],[-92.429,46.024],[-92.352,46.016],[-92.294,46.074],[-92.291,46.668],[-92.207,46.652],[-92.176,46.686],[-92.205,46.704],[-92.117,46.749],[-92.02,46.704],[-90.655,47.31],[-89.957,47.291],[-89.483,48.014],[-89.581,47.996],[-89.775,48.023],[-89.895,47.987],[-89.994,48.028],[-90.023,48.085],[-90.141,48.113],[-90.374,48.091],[-90.557,48.096],[-90.58,48.124],[-90.752,48.091],[-90.798,48.137],[-90.778,48.164],[-90.836,48.177],[-90.839,48.24],[-90.886,48.246],[-91.267,48.079],[-91.568,48.044],[-91.559,48.109],[-91.712,48.115],[-91.715,48.2],[-91.958,48.233],[-92.007,48.265],[-92.0,48.321],[-92.055,48.359],[-92.263,48.355],[-92.306,48.316],[-92.27,48.248],[-92.37,48.22],[-92.47,48.352],[-92.456,48.414],[-92.507,48.448],[-92.656,48.436],[-92.713,48.463],[-92.699,48.495],[-92.627,48.503],[-92.635,48.543],[-92.728,48.539],[-92.955,48.632],[-93.255,48.643],[-93.465,48.592],[-93.467,48.546],[-93.793,48.516],[-93.844,48.63],[-94.224,48.649],[-94.291,48.708],[-94.452,48.692],[-94.645,48.744],[-94.694,48.789],[-94.683,48.884],[-94.816,49.321],[-94.957,49.37],[-95.058,49.353],[-95.153,49.384],[-95.153,48.999],[-95.32,48.999]]]}}]}