state	county_name	lat	lon	county_fips
AL	Autauga County	32.532237	-86.64644	01001
AL	Baldwin County	30.659218	-87.746067	01003
AL	Barbour County	31.870253	-85.405104	01005
AL	Bibb County	33.015893	-87.127148	01007
AL	Blount County	33.977358	-86.56644	01009
AL	Bullock County	32.101759	-85.717261	01011
AL	Butler County	31.751667	-86.681969	01013
AL	Calhoun County	33.770516	-85.827909	01015
AL	Chambers County	32.915504	-85.394032	01017
AL	Cherokee County	34.069515	-85.654242	01019
AL	Chilton County	32.854051	-86.726607	01021
AL	Choctaw County	31.990954	-88.248889	01023
AL	Clarke County	31.685521	-87.818624	01025
AL	Clay County	33.2704	-85.863525	01027
AL	Cleburne County	33.671964	-85.516126	01029
AL	Coffee County	31.402258	-85.989602	01031
AL	Colbert County	34.703112	-87.801457	01033
AL	Conecuh County	31.430926	-86.988722	01035
AL	Coosa County	32.931445	-86.243482	01037
AL	Covington County	31.243987	-86.448721	01039
AL	Crenshaw County	31.730311	-86.320038	01041
AL	Cullman County	34.131923	-86.869267	01043
AL	Dale County	31.430654	-85.609476	01045
AL	Dallas County	32.333526	-87.11436	01047
AL	DeKalb County	34.460915	-85.804021	01049
AL	Elmore County	32.597229	-86.142735	01051
AL	Escambia County	31.122287	-87.16841	01053
AL	Etowah County	34.047641	-86.034263	01055
AL	Fayette County	33.716157	-87.764292	01057
AL	Franklin County	34.441989	-87.842814	01059
AL	Geneva County	31.092382	-85.821022	01061
AL	Greene County	32.844497	-87.9642	01063
AL	Hale County	32.752796	-87.623061	01065
AL	Henry County	31.516978	-85.239971	01067
AL	Houston County	31.158183	-85.296411	01069
AL	Jackson County	34.764114	-85.980056	01071
AL	Jefferson County	33.553444	-86.896536	01073
AL	Lamar County	33.787085	-88.087431	01075
AL	Lauderdale County	34.904168	-87.651108	01077
AL	Lawrence County	34.529776	-87.321865	01079
AL	Lee County	32.604064	-85.353048	01081
AL	Limestone County	34.810239	-86.981399	01083
AL	Lowndes County	32.147888	-86.650586	01085
AL	Macon County	32.387027	-85.692887	01087
AL	Madison County	34.764238	-86.55108	01089
AL	Marengo County	32.247591	-87.791091	01091
AL	Marion County	34.138219	-87.881551	01093
AL	Marshall County	34.309564	-86.321668	01095
AL	Mobile County	30.684572	-88.196568	01097
AL	Monroe County	31.580353	-87.383342	01099
AL	Montgomery County	32.202881	-86.204461	01101
AL	Morgan County	34.454484	-86.846402	01103
AL	Perry County	32.639005	-87.293827	01105
AL	Pickens County	33.2968	-88.096864	01107
AL	Pike County	31.798653	-85.941608	01109
AL	Randolph County	33.296461	-85.464064	01111
AL	Russell County	32.289811	-85.18698	01113
AL	St. Clair County	33.719491	-86.311327	01115
AL	Shelby County	33.266893	-86.661007	01117
AL	Sumter County	32.597481	-88.200057	01119
AL	Talladega County	33.369314	-86.17593	01121
AL	Tallapoosa County	32.863308	-85.799618	01123
AL	Tuscaloosa County	33.29022	-87.522783	01125
AL	Walker County	33.791558	-87.301094	01127
AL	Washington County	31.408503	-88.212404	01129
AL	Wilcox County	31.990082	-87.304935	01131
AL	Winston County	34.154566	-87.365346	01133
AK	Aleutians East Borough	55.245044	-161.997477	02013
AK	Aleutians West Census Area	51.948964	+179.621188	02016
AK	Anchorage Municipality	61.17425	-149.284329	02020
AK	Bethel Census Area	60.929141	-160.152625	02050
AK	Bristol Bay Borough	58.730546	-156.994473	02060
AK	Chugach Census Area	60.488474	-146.203092	02063
AK	Copper River Census Area	62.034479	-143.922167	02066
AK	Denali Borough	63.682039	-150.027016	02068
AK	Dillingham Census Area	59.543326	-158.267123	02070
AK	Fairbanks North Star Borough	64.670454	-146.496061	02090
AK	Haines Borough	59.098404	-135.575791	02100
AK	Hoonah-Angoon Census Area	58.403336	-135.884909	02105
AK	Juneau City and Borough	58.37291	-134.178445	02110
AK	Kenai Peninsula Borough	60.366668	-152.322283	02122
AK	Ketchikan Gateway Borough	55.449938	-131.106685	02130
AK	Kodiak Island Borough	57.7044	-153.918372	02150
AK	Kusilvak Census Area	62.283588	-163.190171	02158
AK	Lake and Peninsula Borough	58.108507	-156.413413	02164
AK	Matanuska-Susitna Borough	62.265626	-149.503993	02170
AK	Nome Census Area	64.783686	-164.188912	02180
AK	North Slope Borough	69.449343	-153.47283	02185
AK	Northwest Arctic Borough	67.005066	-160.021086	02188
AK	Petersburg Borough	57.112458	-133.008598	02195
AK	Prince of Wales-Hyder Census Area	55.682773	-133.162389	02198
AK	Sitka City and Borough	57.193204	-135.367396	02220
AK	Skagway Municipality	59.560379	-135.338279	02230
AK	Southeast Fairbanks Census Area	63.864997	-143.218628	02240
AK	Wrangell City and Borough	56.180779	-132.026788	02275
AK	Yakutat City and Borough	60.017508	-140.416847	02282
AK	Yukon-Koyukuk Census Area	65.375656	-151.578176	02290
AZ	Apache County	35.385084	-109.490172	04001
AZ	Cochise County	31.840129	-109.775163	04003
AZ	Coconino County	35.829692	-111.773728	04005
AZ	Gila County	33.789618	-110.81187	04007
AZ	Graham County	32.931828	-109.87831	04009
AZ	Greenlee County	33.238872	-109.242323	04011
AZ	La Paz County	33.72761	-114.038806	04012
AZ	Maricopa County	33.345176	-112.49893	04013
AZ	Mohave County	35.717705	-113.749689	04015
AZ	Navajo County	35.390785	-110.321025	04017
AZ	Pima County	32.128038	-111.783657	04019
AZ	Pinal County	32.918521	-111.366339	04021
AZ	Santa Cruz County	31.525733	-110.845228	04023
AZ	Yavapai County	34.631071	-112.577225	04025
AZ	Yuma County	32.773942	-113.910905	04027
AR	Arkansas County	34.28957	-91.376547	05001
AR	Ashley County	33.190835	-91.772267	05003
AR	Baxter County	36.280268	-92.329949	05005
AR	Benton County	36.337819	-94.256298	05007
AR	Boone County	36.304299	-93.079236	05009
AR	Bradley County	33.466549	-92.169156	05011
AR	Calhoun County	33.56046	-92.513879	05013
AR	Carroll County	36.33737	-93.540972	05015
AR	Chicot County	33.267139	-91.297158	05017
AR	Clark County	34.053316	-93.176208	05019
AR	Clay County	36.367302	-90.418704	05021
AR	Cleburne County	35.593628	-92.008898	05023
AR	Cleveland County	33.893201	-92.188714	05025
AR	Columbia County	33.223038	-93.232843	05027
AR	Conway County	35.26569	-92.689249	05029
AR	Craighead County	35.827729	-90.631421	05031
AR	Crawford County	35.582959	-94.236193	05033
AR	Crittenden County	35.197559	-90.30512	05035
AR	Cross County	35.285692	-90.763984	05037
AR	Dallas County	33.967823	-92.653999	05039
AR	Desha County	33.828752	-91.244103	05041
AR	Drew County	33.587242	-91.722778	05043
AR	Faulkner County	35.146548	-92.336928	05045
AR	Franklin County	35.508558	-93.887665	05047
AR	Fulton County	36.381322	-91.819285	05049
AR	Garland County	34.578852	-93.146932	05051
AR	Grant County	34.285568	-92.422979	05053
AR	Greene County	36.120607	-90.566346	05055
AR	Hempstead County	33.735953	-93.664355	05057
AR	Hot Spring County	34.315177	-92.944147	05059
AR	Howard County	34.083064	-93.990931	05061
AR	Independence County	35.737499	-91.559942	05063
AR	Izard County	36.094879	-91.913625	05065
AR	Jackson County	35.596467	-91.223205	05067
AR	Jefferson County	34.277239	-91.929673	05069
AR	Johnson County	35.573359	-93.466322	05071
AR	Lafayette County	33.240629	-93.611514	05073
AR	Lawrence County	36.041098	-91.101153	05075
AR	Lee County	34.779505	-90.779717	05077
AR	Lincoln County	33.956385	-91.742355	05079
AR	Little River County	33.701941	-94.236287	05081
AR	Logan County	35.218654	-93.72091	05083
AR	Lonoke County	34.755114	-91.894132	05085
AR	Madison County	36.012545	-93.724053	05087
AR	Marion County	36.266664	-92.678577	05089
AR	Miller County	33.305505	-93.901502	05091
AR	Mississippi County	35.766944	-90.052207	05093
AR	Monroe County	34.679512	-91.20331	05095
AR	Montgomery County	34.545656	-93.664153	05097
AR	Nevada County	33.666699	-93.305072	05099
AR	Newton County	35.910742	-93.215898	05101
AR	Ouachita County	33.591168	-92.878413	05103
AR	Perry County	34.946363	-92.926877	05105
AR	Phillips County	34.423687	-90.855593	05107
AR	Pike County	34.158191	-93.658659	05109
AR	Poinsett County	35.56887	-90.681104	05111
AR	Polk County	34.49096	-94.230894	05113
AR	Pope County	35.456557	-93.026818	05115
AR	Prairie County	34.831116	-91.55362	05117
AR	Pulaski County	34.770311	-92.312996	05119
AR	Randolph County	36.341298	-91.028441	05121
AR	St. Francis County	35.022838	-90.751506	05123
AR	Saline County	34.648525	-92.674463	05125
AR	Scott County	34.858869	-94.063641	05127
AR	Searcy County	35.896387	-92.695888	05129
AR	Sebastian County	35.196981	-94.274989	05131
AR	Sevier County	33.994877	-94.243279	05133
AR	Sharp County	36.173399	-91.471069	05135
AR	Stone County	35.857001	-92.140482	05137
AR	Union County	33.168219	-92.598145	05139
AR	Van Buren County	35.582953	-92.515976	05141
AR	Washington County	35.978001	-94.217269	05143
AR	White County	35.255118	-91.753034	05145
AR	Woodruff County	35.192777	-91.244535	05147
AR	Yell County	34.997713	-93.408303	05149
CA	Alameda County	37.647139	-121.912488	06001
CA	Alpine County	38.621783	-119.798352	06003
CA	Amador County	38.443549	-120.653858	06005
CA	Butte County	39.665336	-121.603209	06007
CA	Calaveras County	38.191068	-120.554107	06009
CA	Colusa County	39.177739	-122.237563	06011
CA	Contra Costa County	37.919479	-121.951543	06013
CA	Del Norte County	41.749903	-123.980998	06015
CA	El Dorado County	38.785612	-120.534225	06017
CA	Fresno County	36.761006	-119.655019	06019
CA	Glenn County	39.602546	-122.4017	06021
CA	Humboldt County	40.706655	-123.926176	06023
CA	Imperial County	33.040814	-115.3554	06025
CA	Inyo County	36.56216	-117.404209	06027
CA	Kern County	35.346629	-118.729506	06029
CA	Kings County	36.072478	-119.81553	06031
CA	Lake County	39.108009	-122.745217	06033
CA	Lassen County	40.715287	-120.621223	06035
CA	Los Angeles County	34.196398	-118.261862	06037
CA	Madera County	37.209821	-119.749802	06039
CA	Marin County	38.051367	-122.746396	06041
CA	Mariposa County	37.574343	-119.911721	06043
CA	Mendocino County	39.432388	-123.442881	06045
CA	Merced County	37.194806	-120.722802	06047
CA	Modoc County	41.592918	-120.71837	06049
CA	Mono County	37.915836	-118.875167	06051
CA	Monterey County	36.240104	-121.315578	06053
CA	Napa County	38.5071	-122.325904	06055
CA	Nevada County	39.297508	-120.771343	06057
CA	Orange County	33.675687	-117.777207	06059
CA	Placer County	39.062032	-120.722718	06061
CA	Plumas County	39.992295	-120.824371	06063
CA	Riverside County	33.729828	-116.002239	06065
CA	Sacramento County	38.450136	-121.344329	06067
CA	San Benito County	36.611651	-121.085811	06069
CA	San Bernardino County	34.856661	-116.181571	06071
CA	San Diego County	33.023604	-116.776117	06073
CA	San Francisco County	37.727239	-123.032229	06075
CA	San Joaquin County	37.934982	-121.272244	06077
CA	San Luis Obispo County	35.388189	-120.448897	06079
CA	San Mateo County	37.414672	-122.371546	06081
CA	Santa Barbara County	34.536677	-120.038364	06083
CA	Santa Clara County	37.221614	-121.68954	06085
CA	Santa Cruz County	37.012347	-122.007789	06087
CA	Shasta County	40.760514	-122.043556	06089
CA	Sierra County	39.576925	-120.521993	06091
CA	Siskiyou County	41.587986	-122.533287	06093
CA	Solano County	38.267226	-121.939594	06095
CA	Sonoma County	38.525182	-122.92611	06097
CA	Stanislaus County	37.562316	-121.002831	06099
CA	Sutter County	39.03619	-121.70394	06101
CA	Tehama County	40.126157	-122.232274	06103
CA	Trinity County	40.647858	-123.114666	06105
CA	Tulare County	36.228834	-118.781055	06107
CA	Tuolumne County	38.021434	-119.964733	06109
CA	Ventura County	34.358748	-119.133145	06111
CA	Yolo County	38.679609	-121.90275	06113
CA	Yuba County	39.27013	-121.344259	06115
CO	Adams County	39.874325	-104.331872	08001
CO	Alamosa County	37.568442	-105.788041	08003
CO	Arapahoe County	39.644554	-104.331706	08005
CO	Archuleta County	37.202395	-107.050863	08007
CO	Baca County	37.30978	-102.543741	08009
CO	Bent County	37.931891	-103.077584	08011
CO	Boulder County	40.094971	-105.39771	08013
CO	Broomfield County	39.953593	-105.050787	08014
CO	Chaffee County	38.734599	-106.300025	08015
CO	Cheyenne County	38.835646	-102.601791	08017
CO	Clear Creek County	39.689403	-105.670783	08019
CO	Conejos County	37.213406	-106.176447	08021
CO	Costilla County	37.277547	-105.42894	08023
CO	Crowley County	38.30618	-103.772736	08025
CO	Custer County	38.101996	-105.373512	08027
CO	Delta County	38.861423	-107.865043	08029
CO	Denver County	39.76185	-104.881105	08031
CO	Dolores County	37.733823	-108.506219	08033
CO	Douglas County	39.325414	-104.925987	08035
CO	Eagle County	39.626992	-106.695169	08037
CO	Elbert County	39.315157	-104.114076	08039
CO	El Paso County	38.827383	-104.527472	08041
CO	Fremont County	38.45517	-105.424958	08043
CO	Garfield County	39.599352	-107.90978	08045
CO	Gilpin County	39.861156	-105.528878	08047
CO	Grand County	40.113065	-106.110837	08049
CO	Gunnison County	38.670499	-107.05688	08051
CO	Hinsdale County	37.811519	-107.383974	08053
CO	Huerfano County	37.687815	-104.959928	08055
CO	Jackson County	40.663432	-106.329248	08057
CO	Jefferson County	39.579511	-105.245462	08059
CO	Kiowa County	38.387663	-102.756849	08061
CO	Kit Carson County	39.30534	-102.603023	08063
CO	Lake County	39.205341	-106.350079	08065
CO	La Plata County	37.287367	-107.839718	08067
CO	Larimer County	40.658093	-105.486764	08069
CO	Las Animas County	37.318831	-104.04411	08071
CO	Lincoln County	38.99374	-103.507555	08073
CO	Logan County	40.728091	-103.090464	08075
CO	Mesa County	39.019524	-108.460571	08077
CO	Mineral County	37.549069	-107.003235	08079
CO	Moffat County	40.610864	-108.217154	08081
CO	Montezuma County	37.338025	-108.595786	08083
CO	Montrose County	38.407507	-108.266282	08085
CO	Morgan County	40.263159	-103.81221	08087
CO	Otero County	37.88417	-103.72126	08089
CO	Ouray County	38.154731	-107.78848	08091
CO	Park County	39.118914	-105.717648	08093
CO	Phillips County	40.594712	-102.345105	08095
CO	Pitkin County	39.217541	-106.916162	08097
CO	Prowers County	37.958443	-102.391754	08099
CO	Pueblo County	38.162765	-104.484668	08101
CO	Rio Blanco County	39.972622	-108.200716	08103
CO	Rio Grande County	37.485853	-106.453128	08105
CO	Routt County	40.483664	-106.987702	08107
CO	Saguache County	38.031651	-106.234666	08109
CO	San Juan County	37.781049	-107.670257	08111
CO	San Miguel County	38.009319	-108.427263	08113
CO	Sedgwick County	40.871568	-102.355358	08115
CO	Summit County	39.621023	-106.137555	08117
CO	Teller County	38.869976	-105.187365	08119
CO	Washington County	39.96579	-103.209744	08121
CO	Weld County	40.555961	-104.383666	08123
CO	Yuma County	40.00077	-102.421649	08125
CT	Capitol Planning Region	41.81697	-72.575886	09110
CT	Greater Bridgeport Planning Region	41.184558	-73.209401	09120
CT	Lower Connecticut River Valley Planning Region	41.420307	-72.493525	09130
CT	Naugatuck Valley Planning Region	41.518931	-73.087906	09140
CT	Northeastern Connecticut Planning Region	41.842375	-71.972655	09150
CT	Northwest Hills Planning Region	41.854809	-73.221494	09160
CT	South Central Connecticut Planning Region	41.290167	-72.837024	09170
CT	Southeastern Connecticut Planning Region	41.484769	-72.101666	09180
CT	Western Connecticut Planning Region	41.279055	-73.44655	09190
DE	Kent County	39.097088	-75.502982	10001
DE	New Castle County	39.575915	-75.644132	10003
DE	Sussex County	38.673227	-75.337024	10005
DC	District of Columbia	38.904247	-77.016517	11001
FL	Alachua County	29.67574	-82.357221	12001
FL	Baker County	30.324442	-82.302284	12003
FL	Bay County	30.15914	-85.534395	12005
FL	Bradford County	29.952386	-82.166698	12007
FL	Brevard County	28.298311	-80.700333	12009
FL	Broward County	26.193535	-80.476683	12011
FL	Calhoun County	30.388801	-85.197915	12013
FL	Charlotte County	26.906396	-82.003657	12015
FL	Citrus County	28.850292	-82.595552	12017
FL	Clay County	29.986584	-81.865036	12019
FL	Collier County	26.118786	-81.400955	12021
FL	Columbia County	30.221651	-82.623371	12023
FL	DeSoto County	27.190581	-81.806253	12027
FL	Dixie County	29.552675	-83.236232	12029
FL	Duval County	30.335245	-81.648113	12031
FL	Escambia County	30.529998	-87.320322	12033
FL	Flagler County	29.474891	-81.286253	12035
FL	Franklin County	29.677794	-84.815213	12037
FL	Gadsden County	30.578687	-84.612607	12039
FL	Gilchrist County	29.723456	-82.795801	12041
FL	Glades County	26.95481	-81.19082	12043
FL	Gulf County	29.859238	-85.272013	12045
FL	Hamilton County	30.498438	-82.951116	12047
FL	Hardee County	27.492846	-81.82158	12049
FL	Hendry County	26.539967	-81.152114	12051
FL	Hernando County	28.555995	-82.525969	12053
FL	Highlands County	27.34108	-81.342353	12055
FL	Hillsborough County	27.893154	-82.379991	12057
FL	Holmes County	30.862007	-85.815939	12059
FL	Indian River County	27.700528	-80.574789	12061
FL	Jackson County	30.789249	-85.208814	12063
FL	Jefferson County	30.396898	-83.921761	12065
FL	Lafayette County	29.990066	-83.17851	12067
FL	Lake County	28.764113	-81.712282	12069
FL	Lee County	26.563273	-81.984182	12071
FL	Leon County	30.45931	-84.2778	12073
FL	Levy County	29.271854	-82.831233	12075
FL	Liberty County	30.259849	-84.86858	12077
FL	Madison County	30.447233	-83.470416	12079
FL	Manatee County	27.475556	-82.393144	12081
FL	Marion County	29.202805	-82.0431	12083
FL	Martin County	27.083604	-80.398201	12085
FL	Miami-Dade County	25.616009	-80.50375	12086
FL	Monroe County	25.58612	-81.022603	12087
FL	Nassau County	30.605963	-81.765087	12089
FL	Okaloosa County	30.614325	-86.59108	12091
FL	Okeechobee County	27.385592	-80.887388	12093
FL	Orange County	28.514391	-81.323284	12095
FL	Osceola County	28.059027	-81.139312	12097
FL	Palm Beach County	26.649126	-80.448354	12099
FL	Pasco County	28.309823	-82.511006	12101
FL	Pinellas County	27.905342	-82.798066	12103
FL	Polk County	27.953686	-81.693493	12105
FL	Putnam County	29.593896	-81.732039	12107
FL	St. Johns County	29.890487	-81.40004	12109
FL	St. Lucie County	27.379814	-80.443536	12111
FL	Santa Rosa County	30.675348	-87.018919	12113
FL	Sarasota County	27.225329	-82.423714	12115
FL	Seminole County	28.690065	-81.131975	12117
FL	Sumter County	28.713326	-82.069522	12119
FL	Suwannee County	30.189244	-82.992754	12121
FL	Taylor County	29.967146	-83.639573	12123
FL	Union County	30.05428	-82.366918	12125
FL	Volusia County	29.057769	-81.161792	12127
FL	Wakulla County	30.091335	-84.359111	12129
FL	Walton County	30.571247	-86.162798	12131
FL	Washington County	30.602102	-85.655805	12133
GA	Appling County	31.739726	-82.290102	13001
GA	Atkinson County	31.296806	-82.878151	13003
GA	Bacon County	31.55021	-82.451433	13005
GA	Baker County	31.31958	-84.454881	13007
GA	Baldwin County	33.05949	-83.255457	13009
GA	Banks County	34.351922	-83.498441	13011
GA	Barrow County	33.992009	-83.712303	13013
GA	Bartow County	34.240917	-84.838188	13015
GA	Ben Hill County	31.740772	-83.147197	13017
GA	Berrien County	31.288652	-83.22787	13019
GA	Bibb County	32.80899	-83.69406	13021
GA	Bleckley County	32.435403	-83.331717	13023
GA	Brantley County	31.197334	-81.982978	13025
GA	Brooks County	30.822934	-83.581905	13027
GA	Bryan County	32.017969	-81.438543	13029
GA	Bulloch County	32.394498	-81.741449	13031
GA	Burke County	33.060181	-82.000164	13033
GA	Butts County	33.290355	-83.958221	13035
GA	Calhoun County	31.521279	-84.62629	13037
GA	Camden County	30.913358	-81.642019	13039
GA	Candler County	32.40395	-82.071266	13043
GA	Carroll County	33.582237	-85.080527	13045
GA	Catoosa County	34.900212	-85.139385	13047
GA	Charlton County	30.779904	-82.139644	13049
GA	Chatham County	31.980404	-81.085184	13051
GA	Chattahoochee County	32.347445	-84.788021	13053
GA	Chattooga County	34.474178	-85.345289	13055
GA	Cherokee County	34.244317	-84.475057	13057
GA	Clarke County	33.952185	-83.367152	13059
GA	Clay County	31.619831	-84.992583	13061
GA	Clayton County	33.552242	-84.412973	13063
GA	Clinch County	30.917653	-82.702614	13065
GA	Cobb County	33.939926	-84.57411	13067
GA	Coffee County	31.549245	-82.84494	13069
GA	Colquitt County	31.189707	-83.769773	13071
GA	Columbia County	33.552075	-82.249608	13073
GA	Cook County	31.152516	-83.429445	13075
GA	Coweta County	33.352897	-84.762138	13077
GA	Crawford County	32.709448	-83.979168	13079
GA	Crisp County	31.920268	-83.75653	13081
GA	Dade County	34.852424	-85.506201	13083
GA	Dawson County	34.442608	-84.173261	13085
GA	Decatur County	30.880643	-84.58389	13087
GA	DeKalb County	33.770661	-84.226343	13089
GA	Dodge County	32.164369	-83.167866	13091
GA	Dooly County	32.151995	-83.807167	13093
GA	Dougherty County	31.532588	-84.20904	13095
GA	Douglas County	33.701242	-84.767314	13097
GA	Early County	31.324191	-84.906723	13099
GA	Echols County	30.714008	-82.897376	13101
GA	Effingham County	32.361688	-81.343355	13103
GA	Elbert County	34.116415	-82.841892	13105
GA	Emanuel County	32.5912	-82.300195	13107
GA	Evans County	32.153083	-81.890153	13109
GA	Fannin County	34.866543	-84.317331	13111
GA	Fayette County	33.412717	-84.493941	13113
GA	Floyd County	34.26369	-85.213685	13115
GA	Forsyth County	34.225143	-84.127408	13117
GA	Franklin County	34.375266	-83.227532	13119
GA	Fulton County	33.790034	-84.468182	13121
GA	Gilmer County	34.690523	-84.454811	13123
GA	Glascock County	33.227491	-82.606913	13125
GA	Glynn County	31.21271	-81.49645	13127
GA	Gordon County	34.509667	-84.873862	13129
GA	Grady County	30.8759	-84.244965	13131
GA	Greene County	33.576704	-83.166625	13133
GA	Gwinnett County	33.958756	-84.025735	13135
GA	Habersham County	34.634392	-83.525875	13137
GA	Hall County	34.317569	-83.8185	13139
GA	Hancock County	33.26922	-83.000465	13141
GA	Haralson County	33.795165	-85.220063	13143
GA	Harris County	32.731549	-84.912432	13145
GA	Hart County	34.348733	-82.96329	13147
GA	Heard County	33.291347	-85.137886	13149
GA	Henry County	33.452947	-84.154021	13151
GA	Houston County	32.458147	-83.662309	13153
GA	Irwin County	31.604306	-83.277037	13155
GA	Jackson County	34.130905	-83.562557	13157
GA	Jasper County	33.316981	-83.689151	13159
GA	Jeff Davis County	31.811615	-82.636825	13161
GA	Jefferson County	33.058176	-82.420004	13163
GA	Jenkins County	32.794563	-81.971524	13165
GA	Johnson County	32.694584	-82.66397	13167
GA	Jones County	33.021664	-83.562196	13169
GA	Lamar County	33.07444	-84.146689	13171
GA	Lanier County	31.038197	-83.063164	13173
GA	Laurens County	32.39322	-82.926317	13175
GA	Lee County	31.818419	-84.146681	13177
GA	Liberty County	31.807458	-81.457871	13179
GA	Lincoln County	33.792151	-82.448299	13181
GA	Long County	31.749563	-81.74287	13183
GA	Lowndes County	30.833145	-83.268995	13185
GA	Lumpkin County	34.56814	-83.998925	13187
GA	McDuffie County	33.48061	-82.479572	13189
GA	McIntosh County	31.485629	-81.372141	13191
GA	Macon County	32.362686	-84.051231	13193
GA	Madison County	34.12748	-83.208653	13195
GA	Marion County	32.359312	-84.528735	13197
GA	Meriwether County	33.029267	-84.667058	13199
GA	Miller County	31.162931	-84.730398	13201
GA	Mitchell County	31.228997	-84.192038	13205
GA	Monroe County	33.018784	-83.921837	13207
GA	Montgomery County	32.172108	-82.533349	13209
GA	Morgan County	33.598649	-83.499416	13211
GA	Murray County	34.797097	-84.73799	13213
GA	Muscogee County	32.510191	-84.874946	13215
GA	Newton County	33.552751	-83.85136	13217
GA	Oconee County	33.834125	-83.437728	13219
GA	Oglethorpe County	33.866806	-83.074081	13221
GA	Paulding County	33.92103	-84.867169	13223
GA	Peach County	32.571324	-83.831978	13225
GA	Pickens County	34.456756	-84.490366	13227
GA	Pierce County	31.353998	-82.21037	13229
GA	Pike County	33.081149	-84.389462	13231
GA	Polk County	33.996015	-85.188338	13233
GA	Pulaski County	32.238803	-83.481845	13235
GA	Putnam County	33.32106	-83.37179	13237
GA	Quitman County	31.862938	-85.004798	13239
GA	Rabun County	34.883934	-83.40487	13241
GA	Randolph County	31.762651	-84.752311	13243
GA	Richmond County	33.361486	-82.074998	13245
GA	Rockdale County	33.652081	-84.02637	13247
GA	Schley County	32.263444	-84.322708	13249
GA	Screven County	32.744751	-81.617585	13251
GA	Seminole County	30.93396	-84.867685	13253
GA	Spalding County	33.262348	-84.284905	13255
GA	Stephens County	34.553582	-83.290588	13257
GA	Stewart County	32.073225	-84.834912	13259
GA	Sumter County	32.042266	-84.204294	13261
GA	Talbot County	32.704603	-84.530029	13263
GA	Taliaferro County	33.559319	-82.875272	13265
GA	Tattnall County	32.043768	-82.059208	13267
GA	Taylor County	32.554667	-84.251426	13269
GA	Telfair County	31.913641	-82.931063	13271
GA	Terrell County	31.777191	-84.439446	13273
GA	Thomas County	30.864619	-83.919815	13275
GA	Tift County	31.457003	-83.525931	13277
GA	Toombs County	32.117753	-82.330597	13279
GA	Towns County	34.902529	-83.732264	13281
GA	Treutlen County	32.409586	-82.570882	13283
GA	Troup County	33.034482	-85.02836	13285
GA	Turner County	31.7248	-83.620319	13287
GA	Twiggs County	32.665847	-83.425879	13289
GA	Union County	34.833333	-83.989257	13291
GA	Upson County	32.881837	-84.292283	13293
GA	Walker County	34.735802	-85.305456	13295
GA	Walton County	33.783887	-83.731829	13297
GA	Ware County	31.050881	-82.421507	13299
GA	Warren County	33.408381	-82.675685	13301
GA	Washington County	32.971843	-82.798112	13303
GA	Wayne County	31.547845	-81.912376	13305
GA	Webster County	32.046691	-84.553828	13307
GA	Wheeler County	32.105258	-82.733849	13309
GA	White County	34.644182	-83.743	13311
GA	Whitfield County	34.801726	-84.968541	13313
GA	Wilcox County	31.96272	-83.438259	13315
GA	Wilkes County	33.779031	-82.747921	13317
GA	Wilkinson County	32.804266	-83.175512	13319
GA	Worth County	31.551773	-83.84996	13321
HI	Hawaii County	19.597764	-155.502443	15001
HI	Honolulu County	21.461365	-158.201974	15003
HI	Kalawao County	21.218764	-156.97401	15005
HI	Kauai County	22.012038	-159.705965	15007
HI	Maui County	20.855931	-156.60155	15009
ID	Ada County	43.451476	-116.244376	16001
ID	Adams County	44.876955	-116.461614	16003
ID	Bannock County	42.692921	-112.228982	16005
ID	Bear Lake County	42.285892	-111.327517	16007
ID	Benewah County	47.218451	-116.633541	16009
ID	Bingham County	43.216357	-112.399206	16011
ID	Blaine County	43.394192	-113.955371	16013
ID	Boise County	43.987275	-115.71511	16015
ID	Bonner County	48.324634	-116.62745	16017
ID	Bonneville County	43.395171	-111.621878	16019
ID	Boundary County	48.773131	-116.524668	16021
ID	Butte County	43.685101	-113.177631	16023
ID	Camas County	43.502552	-114.772135	16025
ID	Canyon County	43.625795	-116.709058	16027
ID	Caribou County	42.786072	-111.544273	16029
ID	Cassia County	42.282313	-113.626328	16031
ID	Clark County	44.290218	-112.354613	16033
ID	Clearwater County	46.67257	-115.6535	16035
ID	Custer County	44.273351	-114.252267	16037
ID	Elmore County	43.394698	-115.471205	16039
ID	Franklin County	42.173609	-111.822965	16041
ID	Fremont County	44.218091	-111.484429	16043
ID	Gem County	44.061473	-116.398784	16045
ID	Gooding County	42.973185	-114.82142	16047
ID	Idaho County	45.849644	-115.467337	16049
ID	Jefferson County	43.796965	-112.318588	16051
ID	Jerome County	42.691395	-114.262086	16053
ID	Kootenai County	47.675957	-116.695919	16055
ID	Latah County	46.81892	-116.730974	16057
ID	Lemhi County	44.928506	-113.887042	16059
ID	Lewis County	46.236328	-116.42376	16061
ID	Lincoln County	42.990782	-114.153089	16063
ID	Madison County	43.788614	-111.656993	16065
ID	Minidoka County	42.857211	-113.63984	16067
ID	Nez Perce County	46.333791	-116.760909	16069
ID	Oneida County	42.183895	-112.520449	16071
ID	Owyhee County	42.572851	-116.18969	16073
ID	Payette County	44.00243	-116.750238	16075
ID	Power County	42.694126	-112.844407	16077
ID	Shoshone County	47.347694	-115.885092	16079
ID	Teton County	43.760994	-111.211765	16081
ID	Twin Falls County	42.352309	-114.665639	16083
ID	Valley County	44.85596	-115.618061	16085
ID	Washington County	44.448223	-116.797792	16087
IL	Adams County	39.986052	-91.194961	17001
IL	Alexander County	37.183658	-89.349516	17003
IL	Bond County	38.885924	-89.436592	17005
IL	Boone County	42.318983	-88.824295	17007
IL	Brown County	39.962069	-90.750309	17009
IL	Bureau County	41.401304	-89.528377	17011
IL	Calhoun County	39.164262	-90.666295	17013
IL	Carroll County	42.0709	-89.924189	17015
IL	Cass County	39.969202	-90.245704	17017
IL	Champaign County	40.138985	-88.196975	17019
IL	Christian County	39.545524	-89.279593	17021
IL	Clark County	39.332334	-87.791683	17023
IL	Clay County	38.746819	-88.482325	17025
IL	Clinton County	38.606295	-89.426228	17027
IL	Coles County	39.51368	-88.220782	17029
IL	Cook County	41.894294	-87.645455	17031
IL	Crawford County	39.002787	-87.760619	17033
IL	Cumberland County	39.273121	-88.240619	17035
IL	DeKalb County	41.894612	-88.768991	17037
IL	De Witt County	40.181499	-88.901853	17039
IL	Douglas County	39.766078	-88.222866	17041
IL	DuPage County	41.852058	-88.086039	17043
IL	Edgar County	39.679037	-87.74711	17045
IL	Edwards County	38.417095	-88.047941	17047
IL	Effingham County	39.047945	-88.592849	17049
IL	Fayette County	39.001125	-89.017923	17051
IL	Ford County	40.596539	-88.224588	17053
IL	Franklin County	37.991852	-88.926321	17055
IL	Fulton County	40.46524	-90.202269	17057
IL	Gallatin County	37.768677	-88.227964	17059
IL	Greene County	39.355439	-90.387682	17061
IL	Grundy County	41.29241	-88.401054	17063
IL	Hamilton County	38.085227	-88.539009	17065
IL	Hancock County	40.401318	-91.168801	17067
IL	Hardin County	37.517852	-88.266148	17069
IL	Henderson County	40.814471	-90.941246	17071
IL	Henry County	41.350021	-90.130838	17073
IL	Iroquois County	40.748867	-87.833601	17075
IL	Jackson County	37.786096	-89.381212	17077
IL	Jasper County	39.004886	-88.150725	17079
IL	Jefferson County	38.30078	-88.92421	17081
IL	Jersey County	39.080195	-90.361385	17083
IL	Jo Daviess County	42.362391	-90.21147	17085
IL	Johnson County	37.460709	-88.882131	17087
IL	Kane County	41.939594	-88.42804	17089
IL	Kankakee County	41.13951	-87.861117	17091
IL	Kendall County	41.58814	-88.430626	17093
IL	Knox County	40.930945	-90.213792	17095
IL	Lake County	42.185968	-87.805939	17097
IL	LaSalle County	41.343341	-88.885931	17099
IL	Lawrence County	38.718954	-87.730221	17101
IL	Lee County	41.747447	-89.299362	17103
IL	Livingston County	40.894376	-88.552852	17105
IL	Logan County	40.129277	-89.365309	17107
IL	McDonough County	40.455808	-90.678954	17109
IL	McHenry County	42.324298	-88.452245	17111
IL	McLean County	40.494559	-88.844539	17113
IL	Macon County	39.860237	-88.961529	17115
IL	Macoupin County	39.265914	-89.92633	17117
IL	Madison County	38.82712	-89.900227	17119
IL	Marion County	38.648236	-88.920362	17121
IL	Marshall County	41.031119	-89.342371	17123
IL	Mason County	40.236993	-89.913575	17125
IL	Massac County	37.216119	-88.705658	17127
IL	Menard County	40.022569	-89.794133	17129
IL	Mercer County	41.205605	-90.74177	17131
IL	Monroe County	38.277983	-90.179078	17133
IL	Montgomery County	39.228068	-89.478141	17135
IL	Morgan County	39.717657	-90.204993	17137
IL	Moultrie County	39.636896	-88.625726	17139
IL	Ogle County	42.041884	-89.320176	17141
IL	Peoria County	40.785972	-89.766993	17143
IL	Perry County	38.084381	-89.368525	17145
IL	Piatt County	40.009033	-88.592355	17147
IL	Pike County	39.625106	-90.889034	17149
IL	Pope County	37.417169	-88.542374	17151
IL	Pulaski County	37.215615	-89.127755	17153
IL	Putnam County	41.198961	-89.298347	17155
IL	Randolph County	38.056515	-89.82121	17157
IL	Richland County	38.712187	-88.085452	17159
IL	Rock Island County	41.468421	-90.572125	17161
IL	St. Clair County	38.470198	-89.928546	17163
IL	Saline County	37.751508	-88.545024	17165
IL	Sangamon County	39.756886	-89.662435	17167
IL	Schuyler County	40.156905	-90.613464	17169
IL	Scott County	39.637002	-90.477771	17171
IL	Shelby County	39.384917	-88.798865	17173
IL	Stark County	41.096908	-89.797411	17175
IL	Stephenson County	42.349726	-89.665994	17177
IL	Tazewell County	40.508074	-89.51626	17179
IL	Union County	37.485652	-89.244639	17181
IL	Vermilion County	40.186754	-87.726778	17183
IL	Wabash County	38.445821	-87.839167	17185
IL	Warren County	40.850441	-90.620223	17187
IL	Washington County	38.35314	-89.417187	17189
IL	Wayne County	38.431857	-88.43243	17191
IL	White County	38.087326	-88.178623	17193
IL	Whiteside County	41.750673	-89.911005	17195
IL	Will County	41.448474	-87.978456	17197
IL	Williamson County	37.730353	-88.930018	17199
IL	Winnebago County	42.337396	-89.161205	17201
IL	Woodford County	40.789787	-89.210587	17203
IN	Adams County	40.74573	-84.936134	18001
IN	Allen County	41.091909	-85.071791	18003
IN	Bartholomew County	39.205843	-85.897999	18005
IN	Benton County	40.600939	-87.314786	18007
IN	Blackford County	40.472672	-85.32373	18009
IN	Boone County	40.050892	-86.469014	18011
IN	Brown County	39.195113	-86.230121	18013
IN	Carroll County	40.58498	-86.565141	18015
IN	Cass County	40.753799	-86.355168	18017
IN	Clark County	38.476217	-85.711122	18019
IN	Clay County	39.393928	-87.115858	18021
IN	Clinton County	40.305944	-86.477567	18023
IN	Crawford County	38.289433	-86.440871	18025
IN	Daviess County	38.69609	-87.076943	18027
IN	Dearborn County	39.140897	-84.975868	18029
IN	Decatur County	39.30598	-85.499831	18031
IN	DeKalb County	41.39676	-85.002697	18033
IN	Delaware County	40.227543	-85.399262	18035
IN	Dubois County	38.373344	-86.873385	18037
IN	Elkhart County	41.600693	-85.863986	18039
IN	Fayette County	39.639654	-85.185034	18041
IN	Floyd County	38.318081	-85.911847	18043
IN	Fountain County	40.121237	-87.234872	18045
IN	Franklin County	39.409762	-85.066964	18047
IN	Fulton County	41.050384	-86.265006	18049
IN	Gibson County	38.317398	-87.580523	18051
IN	Grant County	40.515758	-85.654946	18053
IN	Greene County	39.047147	-87.004771	18055
IN	Hamilton County	40.053513	-86.021709	18057
IN	Hancock County	39.822529	-85.77315	18059
IN	Harrison County	38.186454	-86.103766	18061
IN	Hendricks County	39.768963	-86.509908	18063
IN	Henry County	39.929591	-85.397363	18065
IN	Howard County	40.483537	-86.114118	18067
IN	Huntington County	40.826394	-85.478597	18069
IN	Jackson County	38.911957	-86.042516	18071
IN	Jasper County	41.017688	-87.118814	18073
IN	Jay County	40.434956	-85.002331	18075
IN	Jefferson County	38.783604	-85.44009	18077
IN	Jennings County	38.996229	-85.628103	18079
IN	Johnson County	39.496092	-86.094264	18081
IN	Knox County	38.688381	-87.420358	18083
IN	Kosciusko County	41.244293	-85.861575	18085
IN	LaGrange County	41.642462	-85.427845	18087
IN	Lake County	41.472247	-87.374337	18089
IN	LaPorte County	41.549013	-86.744739	18091
IN	Lawrence County	38.839815	-86.48782	18093
IN	Madison County	40.166203	-85.722454	18095
IN	Marion County	39.782976	-86.135794	18097
IN	Marshall County	41.325003	-86.269036	18099
IN	Martin County	38.705322	-86.801847	18101
IN	Miami County	40.772883	-86.044258	18103
IN	Monroe County	39.160729	-86.52331	18105
IN	Montgomery County	40.040296	-86.892715	18107
IN	Morgan County	39.482646	-86.447457	18109
IN	Newton County	40.962399	-87.402172	18111
IN	Noble County	41.404679	-85.417271	18113
IN	Ohio County	38.940527	-84.964299	18115
IN	Orange County	38.547381	-86.489257	18117
IN	Owen County	39.317339	-86.838845	18119
IN	Parke County	39.77425	-87.19695	18121
IN	Perry County	38.081436	-86.62654	18123
IN	Pike County	38.397961	-87.232547	18125
IN	Porter County	41.509914	-87.071313	18127
IN	Posey County	38.027614	-87.868653	18129
IN	Pulaski County	41.045272	-86.692538	18131
IN	Putnam County	39.665548	-86.853373	18133
IN	Randolph County	40.164079	-85.00579	18135
IN	Ripley County	39.100226	-85.260494	18137
IN	Rush County	39.622365	-85.466536	18139
IN	St. Joseph County	41.617723	-86.288048	18141
IN	Scott County	38.679431	-85.751898	18143
IN	Shelby County	39.524135	-85.792174	18145
IN	Spencer County	38.009697	-87.010375	18147
IN	Starke County	41.284478	-86.644636	18149
IN	Steuben County	41.643467	-85.002405	18151
IN	Sullivan County	39.089225	-87.415843	18153
IN	Switzerland County	38.825854	-85.029681	18155
IN	Tippecanoe County	40.389133	-86.893554	18157
IN	Tipton County	40.310229	-86.056207	18159
IN	Union County	39.623094	-84.925145	18161
IN	Vanderburgh County	38.02007	-87.586166	18163
IN	Vermillion County	39.854045	-87.462071	18165
IN	Vigo County	39.430874	-87.390989	18167
IN	Wabash County	40.843747	-85.795192	18169
IN	Warren County	40.352498	-87.375163	18171
IN	Warrick County	38.097728	-87.272049	18173
IN	Washington County	38.600613	-86.104751	18175
IN	Wayne County	39.863091	-85.006735	18177
IN	Wells County	40.735547	-85.213349	18179
IN	White County	40.75095	-86.864293	18181
IN	Whitley County	41.136426	-85.501892	18183
IA	Adair County	41.328528	-94.478164	19001
IA	Adams County	41.021656	-94.696906	19003
IA	Allamakee County	43.274964	-91.382751	19005
IA	Appanoose County	40.744249	-92.873062	19007
IA	Audubon County	41.679178	-94.904312	19009
IA	Benton County	42.092547	-92.05763	19011
IA	Black Hawk County	42.471132	-92.3076	19013
IA	Boone County	42.038623	-93.938605	19015
IA	Bremer County	42.780895	-92.327356	19017
IA	Buchanan County	42.470328	-91.838666	19019
IA	Buena Vista County	42.741522	-95.141432	19021
IA	Butler County	42.734757	-92.780153	19023
IA	Calhoun County	42.386061	-94.643602	19025
IA	Carroll County	42.039502	-94.86765	19027
IA	Cass County	41.333824	-94.933302	19029
IA	Cedar County	41.77236	-91.132611	19031
IA	Cerro Gordo County	43.074975	-93.250965	19033
IA	Cherokee County	42.742737	-95.633262	19035
IA	Chickasaw County	43.059741	-92.31721	19037
IA	Clarke County	41.029726	-93.785259	19039
IA	Clay County	43.081224	-95.149875	19041
IA	Clayton County	42.840985	-91.323576	19043
IA	Clinton County	41.898073	-90.534243	19045
IA	Crawford County	42.043119	-95.38909	19047
IA	Dallas County	41.68532	-94.040706	19049
IA	Davis County	40.748089	-92.410345	19051
IA	Decatur County	40.736379	-93.78458	19053
IA	Delaware County	42.473014	-91.366767	19055
IA	Des Moines County	40.915339	-91.186925	19057
IA	Dickinson County	43.389611	-95.196057	19059
IA	Dubuque County	42.463481	-90.878771	19061
IA	Emmet County	43.377984	-94.66937	19063
IA	Fayette County	42.864122	-91.840376	19065
IA	Floyd County	43.052741	-92.787367	19067
IA	Franklin County	42.736545	-93.271415	19069
IA	Fremont County	40.74259	-95.599182	19071
IA	Greene County	42.042513	-94.388727	19073
IA	Grundy County	42.403339	-92.790244	19075
IA	Guthrie County	41.683573	-94.501272	19077
IA	Hamilton County	42.390789	-93.70913	19079
IA	Hancock County	43.075411	-93.743697	19081
IA	Hardin County	42.390208	-93.241669	19083
IA	Harrison County	41.688584	-95.827149	19085
IA	Henry County	40.984802	-91.547259	19087
IA	Howard County	43.365312	-92.321908	19089
IA	Humboldt County	42.782221	-94.202775	19091
IA	Ida County	42.39186	-95.507421	19093
IA	Iowa County	41.683918	-92.059123	19095
IA	Jackson County	42.164226	-90.574582	19097
IA	Jasper County	41.685551	-93.054147	19099
IA	Jefferson County	41.006376	-91.966628	19101
IA	Johnson County	41.670668	-91.590529	19103
IA	Jones County	42.125118	-91.116914	19105
IA	Keokuk County	41.331182	-92.167721	19107
IA	Kossuth County	43.212336	-94.213971	19109
IA	Lee County	40.647588	-91.477157	19111
IA	Linn County	42.077951	-91.597674	19113
IA	Louisa County	41.218211	-91.256994	19115
IA	Lucas County	41.033321	-93.331462	19117
IA	Lyon County	43.38358	-96.207201	19119
IA	Madison County	41.330622	-94.015184	19121
IA	Mahaska County	41.330797	-92.636366	19123
IA	Marion County	41.331433	-93.093868	19125
IA	Marshall County	42.0417	-92.981403	19127
IA	Mills County	41.033703	-95.619101	19129
IA	Mitchell County	43.348564	-92.784466	19131
IA	Monona County	42.049432	-95.956566	19133
IA	Monroe County	41.028847	-92.869642	19135
IA	Montgomery County	41.021735	-95.15779	19137
IA	Muscatine County	41.483776	-91.118699	19139
IA	O'Brien County	43.083746	-95.625624	19141
IA	Osceola County	43.378542	-95.633788	19143
IA	Page County	40.739097	-95.144301	19145
IA	Palo Alto County	43.075337	-94.669055	19147
IA	Plymouth County	42.737615	-96.215973	19149
IA	Pocahontas County	42.734033	-94.678279	19151
IA	Polk County	41.684816	-93.568971	19153
IA	Pottawattamie County	41.340184	-95.544905	19155
IA	Poweshiek County	41.684642	-92.522934	19157
IA	Ringgold County	40.735334	-94.244251	19159
IA	Sac County	42.387526	-95.105224	19161
IA	Scott County	41.642079	-90.622289	19163
IA	Shelby County	41.679014	-95.308917	19165
IA	Sioux County	43.082618	-96.17798	19167
IA	Story County	42.037538	-93.466093	19169
IA	Tama County	42.074848	-92.529411	19171
IA	Taylor County	40.737949	-94.697108	19173
IA	Union County	41.02855	-94.245091	19175
IA	Van Buren County	40.754117	-91.952943	19177
IA	Wapello County	41.031275	-92.409466	19179
IA	Warren County	41.332446	-93.568751	19181
IA	Washington County	41.329401	-91.725052	19183
IA	Wayne County	40.739983	-93.332613	19185
IA	Webster County	42.433579	-94.175831	19187
IA	Winnebago County	43.378124	-93.743488	19189
IA	Winneshiek County	43.292989	-91.850788	19191
IA	Woodbury County	42.39322	-96.053296	19193
IA	Worth County	43.373491	-93.248533	19195
IA	Wright County	42.733007	-93.734735	19197
KS	Allen County	37.884228	-95.300945	20001
KS	Anderson County	38.215114	-95.292046	20003
KS	Atchison County	39.532544	-95.313397	20005
KS	Barber County	37.222906	-98.685052	20007
KS	Barton County	38.481239	-98.767837	20009
KS	Bourbon County	37.8561	-94.850928	20011
KS	Brown County	39.825931	-95.569905	20013
KS	Butler County	37.773649	-96.83884	20015
KS	Chase County	38.299475	-96.594029	20017
KS	Chautauqua County	37.154259	-96.245396	20019
KS	Cherokee County	37.169392	-94.845698	20021
KS	Cheyenne County	39.789901	-101.727317	20023
KS	Clark County	37.233831	-99.813869	20025
KS	Clay County	39.344964	-97.168853	20027
KS	Cloud County	39.487329	-97.64139	20029
KS	Coffey County	38.23645	-95.729137	20031
KS	Comanche County	37.181442	-99.251293	20033
KS	Cowley County	37.234507	-96.837247	20035
KS	Crawford County	37.505821	-94.853897	20037
KS	Decatur County	39.783542	-100.459708	20039
KS	Dickinson County	38.867735	-97.157943	20041
KS	Doniphan County	39.788502	-95.147225	20043
KS	Douglas County	38.896417	-95.290947	20045
KS	Edwards County	37.883595	-99.304746	20047
KS	Elk County	37.456026	-96.244642	20049
KS	Ellis County	38.914597	-99.317313	20051
KS	Ellsworth County	38.700845	-98.205355	20053
KS	Finney County	38.049808	-100.739967	20055
KS	Ford County	37.68851	-99.884743	20057
KS	Franklin County	38.558019	-95.278962	20059
KS	Geary County	39.002139	-96.7681	20061
KS	Gove County	38.917239	-100.48736	20063
KS	Graham County	39.354972	-99.879894	20065
KS	Grant County	37.547537	-101.299362	20067
KS	Gray County	37.744513	-100.451716	20069
KS	Greeley County	38.480404	-101.80597	20071
KS	Greenwood County	37.879347	-96.241732	20073
KS	Hamilton County	37.995244	-101.793689	20075
KS	Harper County	37.188184	-98.06659	20077
KS	Harvey County	38.050144	-97.436706	20079
KS	Haskell County	37.554979	-100.879952	20081
KS	Hodgeman County	38.087493	-99.898407	20083
KS	Jackson County	39.411096	-95.794492	20085
KS	Jefferson County	39.239644	-95.375314	20087
KS	Jewell County	39.777005	-98.222619	20089
KS	Johnson County	38.883907	-94.82233	20091
KS	Kearny County	37.994461	-101.308136	20093
KS	Kingman County	37.552951	-98.144529	20095
KS	Kiowa County	37.561231	-99.286539	20097
KS	Labette County	37.191468	-95.297473	20099
KS	Lane County	38.481286	-100.466185	20101
KS	Leavenworth County	39.189511	-95.038977	20103
KS	Lincoln County	39.04728	-98.214284	20105
KS	Linn County	38.216549	-94.844932	20107
KS	Logan County	38.91327	-101.157402	20109
KS	Lyon County	38.455403	-96.161641	20111
KS	McPherson County	38.395812	-97.647489	20113
KS	Marion County	38.359647	-97.102771	20115
KS	Marshall County	39.782709	-96.521243	20117
KS	Meade County	37.243886	-100.360094	20119
KS	Miami County	38.566772	-94.832963	20121
KS	Mitchell County	39.393026	-98.207362	20123
KS	Montgomery County	37.189537	-95.742403	20125
KS	Morris County	38.688204	-96.651448	20127
KS	Morton County	37.185249	-101.809516	20129
KS	Nemaha County	39.791043	-96.005381	20131
KS	Neosho County	37.564283	-95.315682	20133
KS	Ness County	38.480437	-99.908745	20135
KS	Norton County	39.783867	-99.899235	20137
KS	Osage County	38.650215	-95.708255	20139
KS	Osborne County	39.348261	-98.767942	20141
KS	Ottawa County	39.137963	-97.654802	20143
KS	Pawnee County	38.181477	-99.234772	20145
KS	Phillips County	39.784506	-99.34215	20147
KS	Pottawatomie County	39.382187	-96.337113	20149
KS	Pratt County	37.647594	-98.74012	20151
KS	Rawlins County	39.786198	-101.076738	20153
KS	Reno County	37.948185	-98.078346	20155
KS	Republic County	39.828906	-97.650883	20157
KS	Rice County	38.347178	-98.201415	20159
KS	Riley County	39.29121	-96.727488	20161
KS	Rooks County	39.346006	-99.324492	20163
KS	Rush County	38.523596	-99.309184	20165
KS	Russell County	38.91604	-98.770949	20167
KS	Saline County	38.791804	-97.651478	20169
KS	Scott County	38.481877	-100.90636	20171
KS	Sedgwick County	37.681045	-97.461054	20173
KS	Seward County	37.18096	-100.855257	20175
KS	Shawnee County	39.041805	-95.755664	20177
KS	Sheridan County	39.350547	-100.441228	20179
KS	Sherman County	39.351352	-101.719859	20181
KS	Smith County	39.78466	-98.785429	20183
KS	Stafford County	38.03563	-98.719889	20185
KS	Stanton County	37.565932	-101.789383	20187
KS	Stevens County	37.2017	-101.317268	20189
KS	Sumner County	37.236662	-97.493352	20191
KS	Thomas County	39.357713	-101.083386	20193
KS	Trego County	38.921302	-99.865423	20195
KS	Wabaunsee County	38.955154	-96.201262	20197
KS	Wallace County	38.926626	-101.771103	20199
KS	Washington County	39.776714	-97.095611	20201
KS	Wichita County	38.481922	-101.347434	20203
KS	Wilson County	37.558515	-95.745175	20205
KS	Woodson County	37.888193	-95.758469	20207
KS	Wyandotte County	39.115384	-94.763087	20209
KY	Adair County	37.105559	-85.28138	21001
KY	Allen County	36.75077	-86.192458	21003
KY	Anderson County	38.005396	-84.986417	21005
KY	Ballard County	37.051323	-89.010367	21007
KY	Barren County	36.962805	-85.932108	21009
KY	Bath County	38.152249	-83.737641	21011
KY	Bell County	36.728928	-83.680718	21013
KY	Boone County	38.9589	-84.736371	21015
KY	Bourbon County	38.202562	-84.20986	21017
KY	Boyd County	38.360003	-82.681406	21019
KY	Boyle County	37.618104	-84.868352	21021
KY	Bracken County	38.680365	-84.115235	21023
KY	Breathitt County	37.517807	-83.317158	21025
KY	Breckinridge County	37.777988	-86.432919	21027
KY	Bullitt County	37.969945	-85.702635	21029
KY	Butler County	37.207013	-86.682471	21031
KY	Caldwell County	37.148642	-87.870509	21033
KY	Calloway County	36.620978	-88.274086	21035
KY	Campbell County	38.946981	-84.379583	21037
KY	Carlisle County	36.85718	-88.976614	21039
KY	Carroll County	38.668394	-85.124024	21041
KY	Carter County	38.314094	-83.038988	21043
KY	Casey County	37.321962	-84.92822	21045
KY	Christian County	36.892059	-87.492986	21047
KY	Clark County	37.970314	-84.145115	21049
KY	Clay County	37.164273	-83.715454	21051
KY	Clinton County	36.727258	-85.136098	21053
KY	Crittenden County	37.358149	-88.10501	21055
KY	Cumberland County	36.782372	-85.388484	21057
KY	Daviess County	37.731671	-87.087139	21059
KY	Edmonson County	37.227514	-86.218015	21061
KY	Elliott County	38.116883	-83.096116	21063
KY	Estill County	37.692449	-83.963983	21065
KY	Fayette County	38.040678	-84.458272	21067
KY	Fleming County	38.367848	-83.699205	21069
KY	Floyd County	37.552456	-82.739724	21071
KY	Franklin County	38.234919	-84.868786	21073
KY	Fulton County	36.552511	-89.187659	21075
KY	Gallatin County	38.755663	-84.865143	21077
KY	Garrard County	37.630162	-84.545856	21079
KY	Grant County	38.649167	-84.625924	21081
KY	Graves County	36.723344	-88.649897	21083
KY	Grayson County	37.458577	-86.344011	21085
KY	Green County	37.278065	-85.537925	21087
KY	Greenup County	38.563562	-82.93382	21089
KY	Hancock County	37.843325	-86.792761	21091
KY	Hardin County	37.695836	-85.963183	21093
KY	Harlan County	36.859223	-83.221497	21095
KY	Harrison County	38.444578	-84.334131	21097
KY	Hart County	37.305827	-85.878443	21099
KY	Henderson County	37.792542	-87.572577	21101
KY	Henry County	38.451383	-85.119647	21103
KY	Hickman County	36.675896	-88.972084	21105
KY	Hopkins County	37.31107	-87.542196	21107
KY	Jackson County	37.403458	-84.020576	21109
KY	Jefferson County	38.189532	-85.657624	21111
KY	Jessamine County	37.873291	-84.58396	21113
KY	Johnson County	37.847756	-82.830121	21115
KY	Kenton County	38.930503	-84.533438	21117
KY	Knott County	37.354368	-82.952546	21119
KY	Knox County	36.8885	-83.855551	21121
KY	Larue County	37.544462	-85.696841	21123
KY	Laurel County	37.113268	-84.119395	21125
KY	Lawrence County	38.074453	-82.73829	21127
KY	Lee County	37.608116	-83.719248	21129
KY	Leslie County	37.087846	-83.388617	21131
KY	Letcher County	37.118536	-82.861251	21133
KY	Lewis County	38.535047	-83.370143	21135
KY	Lincoln County	37.457174	-84.658335	21137
KY	Livingston County	37.209517	-88.363426	21139
KY	Logan County	36.859607	-86.881288	21141
KY	Lyon County	37.023976	-88.083391	21143
KY	McCracken County	37.054111	-88.712454	21145
KY	McCreary County	36.731136	-84.491052	21147
KY	McLean County	37.526707	-87.265597	21149
KY	Madison County	37.725511	-84.278362	21151
KY	Magoffin County	37.698983	-83.069721	21153
KY	Marion County	37.552604	-85.268959	21155
KY	Marshall County	36.882017	-88.332752	21157
KY	Martin County	37.796774	-82.506623	21159
KY	Mason County	38.594137	-83.828125	21161
KY	Meade County	37.967476	-86.200863	21163
KY	Menifee County	37.935485	-83.589355	21165
KY	Mercer County	37.812085	-84.879695	21167
KY	Metcalfe County	36.99243	-85.633456	21169
KY	Monroe County	36.714077	-85.713508	21171
KY	Montgomery County	38.038109	-83.912416	21173
KY	Morgan County	37.92294	-83.258944	21175
KY	Muhlenberg County	37.213816	-87.134092	21177
KY	Nelson County	37.80312	-85.465931	21179
KY	Nicholas County	38.338031	-84.026223	21181
KY	Ohio County	37.477859	-86.844871	21183
KY	Oldham County	38.400127	-85.45615	21185
KY	Owen County	38.499395	-84.84159	21187
KY	Owsley County	37.423622	-83.691637	21189
KY	Pendleton County	38.696284	-84.351943	21191
KY	Perry County	37.241282	-83.217772	21193
KY	Pike County	37.486031	-82.410912	21195
KY	Powell County	37.809567	-83.831235	21197
KY	Pulaski County	37.107428	-84.576969	21199
KY	Robertson County	38.513473	-84.06423	21201
KY	Rockcastle County	37.36105	-84.314368	21203
KY	Rowan County	38.204266	-83.428079	21205
KY	Russell County	36.990587	-85.05495	21207
KY	Scott County	38.28571	-84.57834	21209
KY	Shelby County	38.239011	-85.228247	21211
KY	Simpson County	36.740929	-86.581787	21213
KY	Spencer County	38.025313	-85.317312	21215
KY	Taylor County	37.36621	-85.328059	21217
KY	Todd County	36.840338	-87.183642	21219
KY	Trigg County	36.807681	-87.858652	21221
KY	Trimble County	38.62004	-85.351208	21223
KY	Union County	37.658029	-87.95165	21225
KY	Warren County	36.995634	-86.423579	21227
KY	Washington County	37.754209	-85.175416	21229
KY	Wayne County	36.800772	-84.82659	21231
KY	Webster County	37.520375	-87.685206	21233
KY	Whitley County	36.758024	-84.144648	21235
KY	Wolfe County	37.743893	-83.49511	21237
KY	Woodford County	38.043103	-84.748855	21239
LA	Acadia Parish	30.291497	-92.411037	22001
LA	Allen Parish	30.652744	-92.819605	22003
LA	Ascension Parish	30.206444	-90.912502	22005
LA	Assumption Parish	29.9033	-91.065219	22007
LA	Avoyelles Parish	31.088503	-91.983275	22009
LA	Beauregard Parish	30.645018	-93.340253	22011
LA	Bienville Parish	32.340952	-93.041151	22013
LA	Bossier Parish	32.698481	-93.626561	22015
LA	Caddo Parish	32.580106	-93.88497	22017
LA	Calcasieu Parish	30.229559	-93.358015	22019
LA	Caldwell Parish	32.101219	-92.114231	22021
LA	Cameron Parish	29.871812	-93.164948	22023
LA	Catahoula Parish	31.666517	-91.846703	22025
LA	Claiborne Parish	32.82716	-92.989728	22027
LA	Concordia Parish	31.469805	-91.626315	22029
LA	De Soto Parish	32.059248	-93.740797	22031
LA	East Baton Rouge Parish	30.54393	-91.093131	22033
LA	East Carroll Parish	32.73017	-91.234141	22035
LA	East Feliciana Parish	30.839784	-91.043434	22037
LA	Evangeline Parish	30.720693	-92.404086	22039
LA	Franklin Parish	32.139076	-91.672371	22041
LA	Grant Parish	31.597787	-92.561716	22043
LA	Iberia Parish	29.606013	-91.842706	22045
LA	Iberville Parish	30.270658	-91.36587	22047
LA	Jackson Parish	32.30429	-92.5617	22049
LA	Jefferson Parish	29.5033	-90.036231	22051
LA	Jefferson Davis Parish	30.269529	-92.816221	22053
LA	Lafayette Parish	30.206507	-92.06417	22055
LA	Lafourche Parish	29.491992	-90.394849	22057
LA	LaSalle Parish	31.680083	-92.161596	22059
LA	Lincoln Parish	32.601823	-92.662303	22061
LA	Livingston Parish	30.440419	-90.727474	22063
LA	Madison Parish	32.346878	-91.231932	22065
LA	Morehouse Parish	32.820008	-91.800399	22067
LA	Natchitoches Parish	31.732509	-93.082546	22069
LA	Orleans Parish	30.05342	-89.934502	22071
LA	Ouachita Parish	32.480932	-92.151581	22073
LA	Plaquemines Parish	29.282447	-89.576068	22075
LA	Pointe Coupee Parish	30.708319	-91.604621	22077
LA	Rapides Parish	31.193204	-92.535953	22079
LA	Red River Parish	32.101213	-93.34905	22081
LA	Richland Parish	32.413158	-91.748353	22083
LA	Sabine Parish	31.560402	-93.559579	22085
LA	St. Bernard Parish	29.91811	-89.263494	22087
LA	St. Charles Parish	29.905722	-90.357855	22089
LA	St. Helena Parish	30.822539	-90.708307	22091
LA	St. James Parish	30.024777	-90.793956	22093
LA	St. John the Baptist Parish	30.144068	-90.49096	22095
LA	St. Landry Parish	30.583441	-91.989274	22097
LA	St. Martin Parish	30.121433	-91.611481	22099
LA	St. Mary Parish	29.629349	-91.463804	22101
LA	St. Tammany Parish	30.410022	-89.951962	22103
LA	Tangipahoa Parish	30.621348	-90.40649	22105
LA	Tensas Parish	32.001489	-91.342576	22107
LA	Terrebonne Parish	29.33413	-90.843674	22109
LA	Union Parish	32.829349	-92.37565	22111
LA	Vermilion Parish	29.806638	-92.321394	22113
LA	Vernon Parish	31.102841	-93.18833	22115
LA	Washington Parish	30.852144	-90.046253	22117
LA	Webster Parish	32.732152	-93.339825	22119
LA	West Baton Rouge Parish	30.464052	-91.309808	22121
LA	West Carroll Parish	32.79248	-91.451998	22123
LA	West Feliciana Parish	30.873364	-91.421776	22125
LA	Winn Parish	31.941187	-92.641269	22127
ME	Androscoggin County	44.167681	-70.207435	23001
ME	Aroostook County	46.709193	-68.612409	23003
ME	Cumberland County	43.808348	-70.330375	23005
ME	Franklin County	44.976724	-70.414935	23007
ME	Hancock County	44.564906	-68.370703	23009
ME	Kennebec County	44.417012	-69.765764	23011
ME	Knox County	44.042045	-69.038514	23013
ME	Lincoln County	43.994781	-69.513624	23015
ME	Oxford County	44.4945	-70.734421	23017
ME	Penobscot County	45.409284	-68.666616	23019
ME	Piscataquis County	45.915639	-69.102231	23021
ME	Sagadahoc County	43.916845	-69.844227	23023
ME	Somerset County	45.503646	-69.95611	23025
ME	Waldo County	44.475023	-69.117429	23027
ME	Washington County	44.967009	-67.609354	23029
ME	York County	43.426019	-70.668425	23031
MD	Allegany County	39.612313	-78.703104	24001
MD	Anne Arundel County	38.991617	-76.560894	24003
MD	Baltimore County	39.443167	-76.616569	24005
MD	Calvert County	38.522719	-76.529762	24009
MD	Caroline County	38.871531	-75.831662	24011
MD	Carroll County	39.563328	-77.01533	24013
MD	Cecil County	39.562354	-75.941585	24015
MD	Charles County	38.472853	-77.015427	24017
MD	Dorchester County	38.429196	-76.047433	24019
MD	Frederick County	39.470177	-77.397636	24021
MD	Garrett County	39.547299	-79.274619	24023
MD	Harford County	39.537429	-76.299789	24025
MD	Howard County	39.252264	-76.924406	24027
MD	Kent County	39.241279	-76.125987	24029
MD	Montgomery County	39.137381	-77.203063	24031
MD	Prince George's County	38.829278	-76.848188	24033
MD	Queen Anne's County	39.040693	-76.082405	24035
MD	St. Mary's County	38.223077	-76.534487	24037
MD	Somerset County	38.07445	-75.853323	24039
MD	Talbot County	38.748349	-76.178476	24041
MD	Washington County	39.603621	-77.814671	24043
MD	Wicomico County	38.367368	-75.632084	24045
MD	Worcester County	38.222133	-75.309931	24047
MD	Baltimore city	39.300032	-76.610476	24510
MA	Barnstable County	41.706123	-70.164823	25001
MA	Berkshire County	42.371493	-73.217928	25003
MA	Bristol County	41.748588	-71.088894	25005
MA	Dukes County	41.38097	-70.701499	25007
MA	Essex County	42.642708	-70.864909	25009
MA	Franklin County	42.584504	-72.591792	25011
MA	Hampden County	42.136198	-72.635648	25013
MA	Hampshire County	42.339459	-72.663694	25015
MA	Middlesex County	42.481718	-71.394916	25017
MA	Nantucket County	41.293392	-70.102164	25019
MA	Norfolk County	42.171738	-71.18111	25021
MA	Plymouth County	41.987196	-70.741942	25023
MA	Suffolk County	42.338551	-71.018253	25025
MA	Worcester County	42.311693	-71.940282	25027
MI	Alcona County	44.657509	-83.29458	26001
MI	Alger County	46.521736	-86.657119	26003
MI	Allegan County	42.421251	-86.261403	26005
MI	Alpena County	44.894954	-83.426574	26007
MI	Antrim County	45.005455	-85.175639	26009
MI	Arenac County	44.036833	-83.740675	26011
MI	Baraga County	46.695859	-88.36181	26013
MI	Barry County	42.582811	-85.31455	26015
MI	Bay County	43.699711	-83.978701	26017
MI	Benzie County	44.636844	-86.231999	26019
MI	Berrien County	41.791382	-86.742543	26021
MI	Branch County	41.918455	-85.066885	26023
MI	Calhoun County	42.24299	-85.012385	26025
MI	Cass County	41.917243	-86.000142	26027
MI	Charlevoix County	45.618554	-85.543684	26029
MI	Cheboygan County	45.476022	-84.495431	26031
MI	Chippewa County	46.321819	-84.52063	26033
MI	Clare County	43.991137	-84.838325	26035
MI	Clinton County	42.950455	-84.591695	26037
MI	Crawford County	44.680175	-84.611343	26039
MI	Delta County	45.805229	-86.901938	26041
MI	Dickinson County	46.012833	-87.866139	26043
MI	Eaton County	42.58953	-84.84645	26045
MI	Emmet County	45.590094	-84.986822	26047
MI	Genesee County	43.021077	-83.706372	26049
MI	Gladwin County	43.98975	-84.389816	26051
MI	Gogebic County	46.488054	-89.788314	26053
MI	Grand Traverse County	44.718688	-85.553848	26055
MI	Gratiot County	43.292326	-84.60469	26057
MI	Hillsdale County	41.927461	-84.637479	26059
MI	Houghton County	46.998427	-88.651903	26061
MI	Huron County	43.907616	-82.857045	26063
MI	Ingham County	42.603534	-84.373811	26065
MI	Ionia County	42.94465	-85.073766	26067
MI	Iosco County	44.386912	-83.380141	26069
MI	Iron County	46.170254	-88.540526	26071
MI	Isabella County	43.645233	-84.839424	26073
MI	Jackson County	42.248474	-84.420868	26075
MI	Kalamazoo County	42.246266	-85.532854	26077
MI	Kalkaska County	44.678881	-85.088992	26079
MI	Kent County	43.032497	-85.547446	26081
MI	Keweenaw County	47.367297	-88.351332	26083
MI	Lake County	43.995187	-85.8114	26085
MI	Lapeer County	43.088633	-83.224325	26087
MI	Leelanau County	45.146182	-86.051574	26089
MI	Lenawee County	41.896022	-84.074356	26091
MI	Livingston County	42.602532	-83.911718	26093
MI	Luce County	46.510988	-85.517552	26095
MI	Mackinac County	46.167868	-85.303762	26097
MI	Macomb County	42.671553	-82.911456	26099
MI	Manistee County	44.245268	-86.327537	26101
MI	Marquette County	46.656596	-87.584028	26103
MI	Mason County	43.957196	-86.442937	26105
MI	Mecosta County	43.635295	-85.332751	26107
MI	Menominee County	45.535568	-87.501457	26109
MI	Midland County	43.648203	-84.379414	26111
MI	Missaukee County	44.325424	-85.085471	26113
MI	Monroe County	41.916097	-83.487106	26115
MI	Montcalm County	43.312782	-85.149468	26117
MI	Montmorency County	45.024134	-84.130107	26119
MI	Muskegon County	43.428739	-86.420908	26121
MI	Newaygo County	43.562712	-85.791372	26123
MI	Oakland County	42.660452	-83.38421	26125
MI	Oceana County	43.603954	-86.467177	26127
MI	Ogemaw County	44.33328	-84.128073	26129
MI	Ontonagon County	46.835203	-89.276943	26131
MI	Osceola County	43.997552	-85.322283	26133
MI	Oscoda County	44.687257	-84.126905	26135
MI	Otsego County	45.021787	-84.576603	26137
MI	Ottawa County	43.054969	-86.219349	26139
MI	Presque Isle County	45.252397	-83.432283	26141
MI	Roscommon County	44.339517	-84.611271	26143
MI	Saginaw County	43.328267	-84.05541	26145
MI	St. Clair County	42.928803	-82.668913	26147
MI	St. Joseph County	41.911488	-85.52287	26149
MI	Sanilac County	43.449155	-82.642815	26151
MI	Schoolcraft County	46.021122	-86.197029	26153
MI	Shiawassee County	42.951545	-84.146352	26155
MI	Tuscola County	43.487902	-83.436618	26157
MI	Van Buren County	42.28215	-86.306076	26159
MI	Washtenaw County	42.252217	-83.843423	26161
MI	Wayne County	42.284664	-83.261953	26163
MI	Wexford County	44.331375	-85.570046	26165
MN	Aitkin County	46.602409	-93.419694	27001
MN	Anoka County	45.27411	-93.242723	27003
MN	Becker County	46.937629	-95.741757	27005
MN	Beltrami County	47.879508	-95.00505	27007
MN	Benton County	45.701225	-94.00144	27009
MN	Big Stone County	45.419925	-96.402226	27011
MN	Blue Earth County	44.03371	-94.064012	27013
MN	Brown County	44.246541	-94.733647	27015
MN	Carlton County	46.603818	-92.671044	27017
MN	Carver County	44.82132	-93.800091	27019
MN	Cass County	46.951745	-94.333705	27021
MN	Chippewa County	45.028625	-95.564108	27023
MN	Chisago County	45.505444	-92.903849	27025
MN	Clay County	46.898377	-96.494901	27027
MN	Clearwater County	47.575873	-95.371117	27029
MN	Cook County	47.758556	-90.344319	27031
MN	Cottonwood County	44.010639	-95.183152	27033
MN	Crow Wing County	46.491653	-94.070718	27035
MN	Dakota County	44.670893	-93.062481	27037
MN	Dodge County	44.020706	-92.869353	27039
MN	Douglas County	45.936835	-95.462155	27041
MN	Faribault County	43.676522	-93.947234	27043
MN	Fillmore County	43.679187	-92.093937	27045
MN	Freeborn County	43.674202	-93.350289	27047
MN	Goodhue County	44.406178	-92.716	27049
MN	Grant County	45.930743	-96.010699	27051
MN	Hennepin County	45.006121	-93.475228	27053
MN	Houston County	43.66699	-91.501556	27055
MN	Hubbard County	47.095551	-94.91329	27057
MN	Isanti County	45.562431	-93.296339	27059
MN	Itasca County	47.490817	-93.611102	27061
MN	Jackson County	43.671111	-95.149731	27063
MN	Kanabec County	45.94776	-93.297788	27065
MN	Kandiyohi County	45.152714	-95.004981	27067
MN	Kittson County	48.77604	-96.780349	27069
MN	Koochiching County	48.245374	-93.782896	27071
MN	Lac qui Parle County	44.999826	-96.176851	27073
MN	Lake County	47.517111	-91.411704	27075
MN	Lake of the Woods County	48.7681	-94.904633	27077
MN	Le Sueur County	44.373421	-93.730106	27079
MN	Lincoln County	44.408238	-96.272032	27081
MN	Lyon County	44.409195	-95.847268	27083
MN	McLeod County	44.821657	-94.272323	27085
MN	Mahnomen County	47.328387	-95.811089	27087
MN	Marshall County	48.362728	-96.357761	27089
MN	Martin County	43.677173	-94.547096	27091
MN	Meeker County	45.123155	-94.527346	27093
MN	Mille Lacs County	45.929266	-93.632748	27095
MN	Morrison County	46.020484	-94.266619	27097
MN	Mower County	43.666249	-92.759514	27099
MN	Murray County	44.015594	-95.761581	27101
MN	Nicollet County	44.35882	-94.245684	27103
MN	Nobles County	43.677686	-95.763132	27105
MN	Norman County	47.329453	-96.463776	27107
MN	Olmsted County	43.9995	-92.410096	27109
MN	Otter Tail County	46.405727	-95.714581	27111
MN	Pennington County	48.069247	-96.037725	27113
MN	Pine County	46.10094	-92.763094	27115
MN	Pipestone County	44.015361	-96.257015	27117
MN	Polk County	47.774254	-96.400027	27119
MN	Pope County	45.589623	-95.446705	27121
MN	Ramsey County	45.015204	-93.099965	27123
MN	Red Lake County	47.865487	-96.08718	27125
MN	Redwood County	44.403536	-95.254241	27127
MN	Renville County	44.723697	-94.955617	27129
MN	Rice County	44.350775	-93.298513	27131
MN	Rock County	43.669587	-96.263238	27133
MN	Roseau County	48.761068	-95.821504	27135
MN	St. Louis County	47.578635	-92.514585	27137
MN	Scott County	44.651811	-93.533733	27139
MN	Sherburne County	45.453166	-93.769164	27141
MN	Sibley County	44.575734	-94.230123	27143
MN	Stearns County	45.555235	-94.610482	27145
MN	Steele County	44.015261	-93.220453	27147
MN	Stevens County	45.593461	-95.992315	27149
MN	Swift County	45.27581	-95.690124	27151
MN	Todd County	46.066569	-94.900576	27153
MN	Traverse County	45.769935	-96.474832	27155
MN	Wabasha County	44.289634	-92.233454	27157
MN	Wadena County	46.586986	-94.988608	27159
MN	Waseca County	44.01846	-93.589844	27161
MN	Washington County	45.037929	-92.890117	27163
MN	Watonwan County	43.978109	-94.613798	27165
MN	Wilkin County	46.362335	-96.476657	27167
MN	Winona County	43.981353	-91.777044	27169
MN	Wright County	45.175091	-93.966396	27171
MN	Yellow Medicine County	44.715736	-95.862756	27173
MS	Adams County	31.486224	-91.351797	28001
MS	Alcorn County	34.886569	-88.581109	28003
MS	Amite County	31.203933	-90.795542	28005
MS	Attala County	33.090468	-89.588622	28007
MS	Benton County	34.809593	-89.200213	28009
MS	Bolivar County	33.799139	-90.88412	28011
MS	Calhoun County	33.936634	-89.337114	28013
MS	Carroll County	33.440795	-89.918887	28015
MS	Chickasaw County	33.933277	-88.947558	28017
MS	Choctaw County	33.345964	-89.251332	28019
MS	Claiborne County	31.97281	-90.915424	28021
MS	Clarke County	32.045374	-88.687976	28023
MS	Clay County	33.65967	-88.782468	28025
MS	Coahoma County	34.230316	-90.60401	28027
MS	Copiah County	31.866915	-90.448758	28029
MS	Covington County	31.633331	-89.548897	28031
MS	DeSoto County	34.874922	-89.991211	28033
MS	Forrest County	31.18858	-89.259447	28035
MS	Franklin County	31.477773	-90.895457	28037
MS	George County	30.855431	-88.642268	28039
MS	Greene County	31.212845	-88.634811	28041
MS	Grenada County	33.770031	-89.80274	28043
MS	Hancock County	30.391641	-89.482791	28045
MS	Harrison County	30.416536	-89.083376	28047
MS	Hinds County	32.267788	-90.466017	28049
MS	Holmes County	33.125942	-90.091197	28051
MS	Humphreys County	33.130996	-90.523421	28053
MS	Issaquena County	32.755539	-91.003535	28055
MS	Itawamba County	34.281075	-88.363127	28057
MS	Jackson County	30.456005	-88.625101	28059
MS	Jasper County	32.016748	-89.119176	28061
MS	Jefferson County	31.733633	-91.043878	28063
MS	Jefferson Davis County	31.564808	-89.827086	28065
MS	Jones County	31.616601	-89.168532	28067
MS	Kemper County	32.750136	-88.625631	28069
MS	Lafayette County	34.353078	-89.485385	28071
MS	Lamar County	31.197586	-89.506369	28073
MS	Lauderdale County	32.404017	-88.660451	28075
MS	Lawrence County	31.550009	-90.10753	28077
MS	Leake County	32.76063	-89.52225	28079
MS	Lee County	34.29237	-88.682439	28081
MS	Leflore County	33.54979	-90.294934	28083
MS	Lincoln County	31.535216	-90.453566	28085
MS	Lowndes County	33.471424	-88.439723	28087
MS	Madison County	32.63437	-90.03416	28089
MS	Marion County	31.23151	-89.822307	28091
MS	Marshall County	34.76619	-89.504231	28093
MS	Monroe County	33.89003	-88.485038	28095
MS	Montgomery County	33.500714	-89.639625	28097
MS	Neshoba County	32.752518	-89.119274	28099
MS	Newton County	32.40197	-89.118412	28101
MS	Noxubee County	33.106606	-88.566152	28103
MS	Oktibbeha County	33.422313	-88.876151	28105
MS	Panola County	34.365205	-89.963065	28107
MS	Pearl River County	30.774793	-89.586904	28109
MS	Perry County	31.169307	-88.988755	28111
MS	Pike County	31.177516	-90.397725	28113
MS	Pontotoc County	34.227081	-89.037239	28115
MS	Prentiss County	34.620566	-88.522184	28117
MS	Quitman County	34.252833	-90.290171	28119
MS	Rankin County	32.267123	-89.946063	28121
MS	Scott County	32.411959	-89.533486	28123
MS	Sharkey County	32.892395	-90.827613	28125
MS	Simpson County	31.902505	-89.917709	28127
MS	Smith County	32.019029	-89.494876	28129
MS	Stone County	30.790184	-89.112297	28131
MS	Sunflower County	33.605529	-90.59509	28133
MS	Tallahatchie County	33.954529	-90.172243	28135
MS	Tate County	34.649553	-89.943105	28137
MS	Tippah County	34.763618	-88.918819	28139
MS	Tishomingo County	34.738835	-88.234827	28141
MS	Tunica County	34.652201	-90.37177	28143
MS	Union County	34.489533	-89.002339	28145
MS	Walthall County	31.164492	-90.103431	28147
MS	Warren County	32.356095	-90.852384	28149
MS	Washington County	33.273174	-90.944446	28151
MS	Wayne County	31.642503	-88.678214	28153
MS	Webster County	33.612061	-89.283961	28155
MS	Wilkinson County	31.161091	-91.324617	28157
MS	Winston County	33.078724	-89.037391	28159
MS	Yalobusha County	34.030666	-89.703807	28161
MS	Yazoo County	32.765675	-90.387928	28163
MO	Adair County	40.190666	-92.603592	29001
MO	Andrew County	39.988863	-94.803551	29003
MO	Atchison County	40.431846	-95.437555	29005
MO	Audrain County	39.214481	-91.843418	29007
MO	Barry County	36.699376	-93.834334	29009
MO	Barton County	37.500799	-94.344089	29011
MO	Bates County	38.257217	-94.339246	29013
MO	Benton County	38.301036	-93.287942	29015
MO	Bollinger County	37.318427	-90.024645	29017
MO	Boone County	38.989861	-92.310202	29019
MO	Buchanan County	39.660369	-94.808173	29021
MO	Butler County	36.71518	-90.40313	29023
MO	Caldwell County	39.658998	-93.979179	29025
MO	Callaway County	38.835547	-91.923446	29027
MO	Camden County	38.026504	-92.765328	29029
MO	Cape Girardeau County	37.384141	-89.685658	29031
MO	Carroll County	39.427375	-93.500227	29033
MO	Carter County	36.944858	-90.945705	29035
MO	Cass County	38.646474	-94.354547	29037
MO	Cedar County	37.733655	-93.850014	29039
MO	Chariton County	39.517968	-92.96162	29041
MO	Christian County	36.969739	-93.187614	29043
MO	Clark County	40.407275	-91.729472	29045
MO	Clay County	39.315551	-94.421502	29047
MO	Clinton County	39.608723	-94.395803	29049
MO	Cole County	38.503233	-92.280027	29051
MO	Cooper County	38.847093	-92.810069	29053
MO	Crawford County	37.966559	-91.313936	29055
MO	Dade County	37.43235	-93.854878	29057
MO	Dallas County	37.683583	-93.033815	29059
MO	Daviess County	39.962839	-93.970053	29061
MO	DeKalb County	39.894665	-94.40719	29063
MO	Dent County	37.603072	-91.489717	29065
MO	Douglas County	36.946517	-92.515892	29067
MO	Dunklin County	36.153025	-90.062254	29069
MO	Franklin County	38.413003	-91.072832	29071
MO	Gasconade County	38.441183	-91.50578	29073
MO	Gentry County	40.208127	-94.405321	29075
MO	Greene County	37.258196	-93.340641	29077
MO	Grundy County	40.112541	-93.565054	29079
MO	Harrison County	40.34562	-93.992582	29081
MO	Henry County	38.386491	-93.792628	29083
MO	Hickory County	37.93691	-93.322988	29085
MO	Holt County	40.095724	-95.219072	29087
MO	Howard County	39.143365	-92.695926	29089
MO	Howell County	36.774369	-91.887368	29091
MO	Iron County	37.625971	-90.699587	29093
MO	Jackson County	39.005364	-94.343211	29095
MO	Jasper County	37.205197	-94.337259	29097
MO	Jefferson County	38.25763	-90.543681	29099
MO	Johnson County	38.741528	-93.811863	29101
MO	Knox County	40.136856	-92.146835	29103
MO	Laclede County	37.659698	-92.594843	29105
MO	Lafayette County	39.068705	-93.802639	29107
MO	Lawrence County	37.106611	-93.830542	29109
MO	Lewis County	40.084559	-91.728803	29111
MO	Lincoln County	39.062255	-90.962916	29113
MO	Linn County	39.86444	-93.108019	29115
MO	Livingston County	39.778587	-93.548201	29117
MO	McDonald County	36.627955	-94.343716	29119
MO	Macon County	39.829795	-92.56434	29121
MO	Madison County	37.474481	-90.343413	29123
MO	Maries County	38.162615	-91.923601	29125
MO	Marion County	39.807538	-91.635379	29127
MO	Mercer County	40.421413	-93.567631	29129
MO	Miller County	38.21668	-92.429876	29131
MO	Mississippi County	36.826264	-89.295929	29133
MO	Moniteau County	38.633037	-92.583642	29135
MO	Monroe County	39.49827	-92.006458	29137
MO	Montgomery County	38.935184	-91.465427	29139
MO	Morgan County	38.420806	-92.874835	29141
MO	New Madrid County	36.594261	-89.655948	29143
MO	Newton County	36.908371	-94.335034	29145
MO	Nodaway County	40.361136	-94.883146	29147
MO	Oregon County	36.68531	-91.401827	29149
MO	Osage County	38.464253	-91.859504	29151
MO	Ozark County	36.64959	-92.458549	29153
MO	Pemiscot County	36.209916	-89.785942	29155
MO	Perry County	37.71113	-89.802125	29157
MO	Pettis County	38.727388	-93.28519	29159
MO	Phelps County	37.866326	-91.790349	29161
MO	Pike County	39.339959	-91.171607	29163
MO	Platte County	39.37869	-94.761476	29165
MO	Polk County	37.616761	-93.400817	29167
MO	Pulaski County	37.824835	-92.207022	29169
MO	Putnam County	40.478606	-93.014531	29171
MO	Ralls County	39.553455	-91.524787	29173
MO	Randolph County	39.439249	-92.492959	29175
MO	Ray County	39.308401	-93.995746	29177
MO	Reynolds County	37.366464	-90.972282	29179
MO	Ripley County	36.65017	-90.874834	29181
MO	St. Charles County	38.781102	-90.674915	29183
MO	St. Clair County	38.04223	-93.77656	29185
MO	Ste. Genevieve County	37.885845	-90.161531	29186
MO	St. Francois County	37.810707	-90.473868	29187
MO	St. Louis County	38.640688	-90.446073	29189
MO	Saline County	39.13584	-93.204164	29195
MO	Schuyler County	40.469361	-92.519016	29197
MO	Scotland County	40.447686	-92.142824	29199
MO	Scott County	37.047793	-89.568098	29201
MO	Shannon County	37.152498	-91.391328	29203
MO	Shelby County	39.797531	-92.088719	29205
MO	Stoddard County	36.851557	-89.947481	29207
MO	Stone County	36.745822	-93.457842	29209
MO	Sullivan County	40.209587	-93.109783	29211
MO	Taney County	36.649827	-93.042819	29213
MO	Texas County	37.314257	-91.964478	29215
MO	Vernon County	37.850196	-94.341597	29217
MO	Warren County	38.761902	-91.159306	29219
MO	Washington County	37.942611	-90.897018	29221
MO	Wayne County	37.111074	-90.453931	29223
MO	Webster County	37.280804	-92.87608	29225
MO	Worth County	40.480499	-94.419198	29227
MO	Wright County	37.267633	-92.479989	29229
MO	St. Louis city	38.635699	-90.244582	29510
MT	Beaverhead County	45.133863	-112.892869	30001
MT	Big Horn County	45.407868	-107.518162	30003
MT	Blaine County	48.428282	-108.967648	30005
MT	Broadwater County	46.329849	-111.497873	30007
MT	Carbon County	45.224468	-109.028554	30009
MT	Carter County	45.516825	-104.515324	30011
MT	Cascade County	47.316575	-111.350262	30013
MT	Chouteau County	47.886834	-110.4362	30015
MT	Custer County	46.261414	-105.550352	30017
MT	Daniels County	48.794429	-105.541739	30019
MT	Dawson County	47.26613	-104.898271	30021
MT	Deer Lodge County	46.094672	-113.141624	30023
MT	Fallon County	46.318184	-104.405718	30025
MT	Fergus County	47.221816	-109.232956	30027
MT	Flathead County	48.295422	-114.052059	30029
MT	Gallatin County	45.518054	-111.163921	30031
MT	Garfield County	47.267184	-106.995991	30033
MT	Glacier County	48.705671	-112.990502	30035
MT	Golden Valley County	46.380624	-109.174586	30037
MT	Granite County	46.395955	-113.427356	30039
MT	Hill County	48.631959	-110.106321	30041
MT	Jefferson County	46.124232	-112.059428	30043
MT	Judith Basin County	47.032558	-110.30532	30045
MT	Lake County	47.642901	-114.083687	30047
MT	Lewis and Clark County	47.122105	-112.38289	30049
MT	Liberty County	48.559654	-111.036924	30051
MT	Lincoln County	48.552385	-115.463185	30053
MT	McCone County	47.629628	-105.757222	30055
MT	Madison County	45.32529	-111.913791	30057
MT	Meagher County	46.5857	-110.92174	30059
MT	Mineral County	47.129687	-115.085385	30061
MT	Missoula County	47.027263	-113.892691	30063
MT	Musselshell County	46.505281	-108.439763	30065
MT	Park County	45.463081	-110.53493	30067
MT	Petroleum County	47.141917	-108.226575	30069
MT	Phillips County	48.250143	-107.928897	30071
MT	Pondera County	48.228604	-112.220761	30073
MT	Powder River County	45.408926	-105.555344	30075
MT	Powell County	46.844225	-112.9311	30077
MT	Prairie County	46.812388	-105.503938	30079
MT	Ravalli County	46.077744	-114.105795	30081
MT	Richland County	47.785633	-104.563408	30083
MT	Roosevelt County	48.282747	-104.99517	30085
MT	Rosebud County	46.173206	-106.666792	30087
MT	Sanders County	47.756497	-115.180306	30089
MT	Sheridan County	48.705587	-104.533916	30091
MT	Silver Bow County	45.896232	-112.660071	30093
MT	Stillwater County	45.658545	-109.381576	30095
MT	Sweet Grass County	45.811292	-109.944796	30097
MT	Teton County	47.819035	-112.281725	30099
MT	Toole County	48.645125	-111.733472	30101
MT	Treasure County	46.227113	-107.275296	30103
MT	Valley County	48.34985	-106.670424	30105
MT	Wheatland County	46.496967	-109.857684	30107
MT	Wibaux County	46.962966	-104.274518	30109
MT	Yellowstone County	45.936987	-108.276656	30111
NE	Adams County	40.520632	-98.500044	31001
NE	Antelope County	42.183225	-98.058037	31003
NE	Arthur County	41.57193	-101.695917	31005
NE	Banner County	41.53975	-103.726263	31007
NE	Blaine County	41.931945	-99.996407	31009
NE	Boone County	41.703934	-98.070476	31011
NE	Box Butte County	42.21038	-103.081779	31013
NE	Boyd County	42.894448	-98.773022	31015
NE	Brown County	42.359562	-99.92392	31017
NE	Buffalo County	40.855265	-99.074984	31019
NE	Burt County	41.854179	-96.337746	31021
NE	Butler County	41.226054	-97.132003	31023
NE	Cass County	40.909878	-96.140609	31025
NE	Cedar County	42.60456	-97.25687	31027
NE	Chase County	40.53039	-101.694192	31029
NE	Cherry County	42.571323	-101.047653	31031
NE	Cheyenne County	41.214236	-103.011929	31033
NE	Clay County	40.523669	-98.050858	31035
NE	Colfax County	41.57496	-97.088945	31037
NE	Cuming County	41.915865	-96.788517	31039
NE	Custer County	41.393893	-99.726866	31041
NE	Dakota County	42.391624	-96.561327	31043
NE	Dawes County	42.713038	-103.135436	31045
NE	Dawson County	40.86784	-99.815583	31047
NE	Deuel County	41.111903	-102.332609	31049
NE	Dixon County	42.485086	-96.855784	31051
NE	Dodge County	41.577008	-96.645852	31053
NE	Douglas County	41.297091	-96.154066	31055
NE	Dundy County	40.180165	-101.681133	31057
NE	Fillmore County	40.52504	-97.596705	31059
NE	Franklin County	40.183203	-98.96208	31061
NE	Frontier County	40.530947	-100.406683	31063
NE	Furnas County	40.192252	-99.908637	31065
NE	Gage County	40.255234	-96.683453	31067
NE	Garden County	41.633364	-102.302985	31069
NE	Garfield County	41.906912	-98.951283	31071
NE	Gosper County	40.509095	-99.823206	31073
NE	Grant County	41.913957	-101.755965	31075
NE	Greeley County	41.567563	-98.530567	31077
NE	Hall County	40.866027	-98.502664	31079
NE	Hamilton County	40.872817	-98.022329	31081
NE	Harlan County	40.178766	-99.403418	31083
NE	Hayes County	40.537234	-101.047963	31085
NE	Hitchcock County	40.176896	-101.044217	31087
NE	Holt County	42.459287	-98.784766	31089
NE	Hooker County	41.920317	-101.117324	31091
NE	Howard County	41.216851	-98.513342	31093
NE	Jefferson County	40.175736	-97.143103	31095
NE	Johnson County	40.394955	-96.265264	31097
NE	Kearney County	40.50912	-98.947602	31099
NE	Keith County	41.194245	-101.644449	31101
NE	Keya Paha County	42.87548	-99.718351	31103
NE	Kimball County	41.199274	-103.703153	31105
NE	Knox County	42.634404	-97.891349	31107
NE	Lancaster County	40.783547	-96.688658	31109
NE	Lincoln County	41.050322	-100.744481	31111
NE	Logan County	41.542155	-100.443665	31113
NE	Loup County	41.898204	-99.514525	31115
NE	McPherson County	41.648414	-101.120851	31117
NE	Madison County	41.909929	-97.606856	31119
NE	Merrick County	41.16979	-98.031057	31121
NE	Morrill County	41.732204	-102.990594	31123
NE	Nance County	41.402385	-97.991408	31125
NE	Nemaha County	40.387238	-95.852461	31127
NE	Nuckolls County	40.176492	-98.046842	31129
NE	Otoe County	40.637992	-96.131027	31131
NE	Pawnee County	40.137797	-96.245214	31133
NE	Perkins County	40.857624	-101.62747	31135
NE	Phelps County	40.516365	-99.406557	31137
NE	Pierce County	42.271413	-97.610992	31139
NE	Platte County	41.576866	-97.513467	31141
NE	Polk County	41.187925	-97.570663	31143
NE	Red Willow County	40.16942	-100.468576	31145
NE	Richardson County	40.123743	-95.718603	31147
NE	Rock County	42.394749	-99.420851	31149
NE	Saline County	40.516802	-97.131755	31151
NE	Sarpy County	41.115064	-96.109125	31153
NE	Saunders County	41.222966	-96.642696	31155
NE	Scotts Bluff County	41.850506	-103.703021	31157
NE	Seward County	40.871944	-97.140383	31159
NE	Sheridan County	42.512289	-102.36828	31161
NE	Sherman County	41.218743	-98.972849	31163
NE	Sioux County	42.470668	-103.73217	31165
NE	Stanton County	41.905045	-97.177109	31167
NE	Thayer County	40.17342	-97.596258	31169
NE	Thomas County	41.85573	-100.524703	31171
NE	Thurston County	42.154061	-96.533943	31173
NE	Valley County	41.564094	-98.983484	31175
NE	Washington County	41.533973	-96.224577	31177
NE	Wayne County	42.210746	-97.126243	31179
NE	Webster County	40.180646	-98.49859	31181
NE	Wheeler County	41.922575	-98.520853	31183
NE	York County	40.873056	-97.596742	31185
NV	Churchill County	39.53771	-118.264166	32001
NV	Clark County	36.21413	-115.014398	32003
NV	Douglas County	38.905129	-119.609019	32005
NV	Elko County	41.141133	-115.351424	32007
NV	Esmeralda County	37.778966	-117.632382	32009
NV	Eureka County	39.977788	-116.272208	32011
NV	Humboldt County	41.407914	-118.127591	32013
NV	Lander County	39.90021	-117.04724	32015
NV	Lincoln County	37.634605	-114.863037	32017
NV	Lyon County	39.022213	-119.197425	32019
NV	Mineral County	38.516647	-118.416279	32021
NV	Nye County	37.965864	-116.459011	32023
NV	Pershing County	40.439639	-118.409477	32027
NV	Storey County	39.438385	-119.524646	32029
NV	Washoe County	40.73132	-119.663269	32031
NV	White Pine County	39.418176	-114.900565	32033
NV	Carson City	39.15306	-119.747368	32510
NH	Belknap County	43.519109	-71.425366	33001
NH	Carroll County	43.867774	-71.20156	33003
NH	Cheshire County	42.92546	-72.248183	33005
NH	Coos County	44.652548	-71.289431	33007
NH	Grafton County	43.926439	-71.842424	33009
NH	Hillsborough County	42.911532	-71.723055	33011
NH	Merrimack County	43.299579	-71.680041	33013
NH	Rockingham County	42.988664	-71.09908	33015
NH	Strafford County	43.293272	-71.035589	33017
NH	Sullivan County	43.361188	-72.222084	33019
NJ	Atlantic County	39.469355	-74.633759	34001
NJ	Bergen County	40.959698	-74.074727	34003
NJ	Burlington County	39.875786	-74.663006	34005
NJ	Camden County	39.802407	-74.961249	34007
NJ	Cape May County	39.085841	-74.846354	34009
NJ	Cumberland County	39.328434	-75.121628	34011
NJ	Essex County	40.7874	-74.246292	34013
NJ	Gloucester County	39.722875	-75.145679	34015
NJ	Hudson County	40.731375	-74.078601	34017
NJ	Hunterdon County	40.565283	-74.911969	34019
NJ	Mercer County	40.282503	-74.703724	34021
NJ	Middlesex County	40.439621	-74.40743	34023
NJ	Monmouth County	40.287048	-74.152446	34025
NJ	Morris County	40.858896	-74.547292	34027
NJ	Ocean County	39.865669	-74.258864	34029
NJ	Passaic County	41.036655	-74.299408	34031
NJ	Salem County	39.573828	-75.357356	34033
NJ	Somerset County	40.565527	-74.619938	34035
NJ	Sussex County	41.137461	-74.691914	34037
NJ	Union County	40.659871	-74.308696	34039
NJ	Warren County	40.853491	-75.009498	34041
NM	Bernalillo County	35.053628	-106.66908	35001
NM	Catron County	33.901621	-108.391928	35003
NM	Chaves County	33.361604	-104.469837	35005
NM	Cibola County	34.928272	-107.99268	35006
NM	Colfax County	36.612964	-104.64011	35007
NM	Curry County	34.572984	-103.346055	35009
NM	De Baca County	34.359273	-104.368696	35011
NM	DoÃ±a Ana County	32.349919	-106.834968	35013
NM	Eddy County	32.457835	-104.306434	35015
NM	Grant County	32.732087	-108.381504	35017
NM	Guadalupe County	34.869748	-104.784898	35019
NM	Harding County	35.859352	-103.853424	35021
NM	Hidalgo County	31.898052	-108.751929	35023
NM	Lea County	32.795687	-103.413271	35025
NM	Lincoln County	33.740841	-105.449805	35027
NM	Los Alamos County	35.870047	-106.307968	35028
NM	Luna County	32.184523	-107.747191	35029
NM	McKinley County	35.584062	-108.253294	35031
NM	Mora County	35.982841	-104.921898	35033
NM	Otero County	32.615599	-105.751308	35035
NM	Quay County	35.107018	-103.548071	35037
NM	Rio Arriba County	36.509669	-106.693983	35039
NM	Roosevelt County	34.021207	-103.483004	35041
NM	Sandoval County	35.685091	-106.883119	35043
NM	San Juan County	36.511624	-108.324578	35045
NM	San Miguel County	35.476859	-104.803519	35047
NM	Santa Fe County	35.514531	-105.963972	35049
NM	Sierra County	33.119468	-107.188161	35051
NM	Socorro County	33.991658	-106.939136	35053
NM	Taos County	36.577183	-105.638878	35055
NM	Torrance County	34.554998	-105.890577	35057
NM	Union County	36.488085	-103.475723	35059
NM	Valencia County	34.71684	-106.806582	35061
NY	Albany County	42.58824	-73.97401	36001
NY	Allegany County	42.247853	-78.026153	36003
NY	Bronx County	40.848711	-73.852939	36005
NY	Broome County	42.161977	-75.830283	36007
NY	Cattaraugus County	42.239099	-78.662332	36009
NY	Cayuga County	43.008546	-76.574587	36011
NY	Chautauqua County	42.304216	-79.407595	36013
NY	Chemung County	42.148697	-76.752471	36015
NY	Chenango County	42.478024	-75.602241	36017
NY	Clinton County	44.752712	-73.705643	36019
NY	Columbia County	42.247696	-73.626718	36021
NY	Cortland County	42.594039	-76.07624	36023
NY	Delaware County	42.193986	-74.966728	36025
NY	Dutchess County	41.754825	-73.740014	36027
NY	Erie County	42.752759	-78.778192	36029
NY	Essex County	44.109601	-73.778431	36031
NY	Franklin County	44.594376	-74.31067	36033
NY	Fulton County	43.115609	-74.423678	36035
NY	Genesee County	43.00091	-78.192778	36037
NY	Greene County	42.28697	-74.149542	36039
NY	Hamilton County	43.657879	-74.502456	36041
NY	Herkimer County	43.571009	-74.841097	36043
NY	Jefferson County	43.996389	-76.052968	36045
NY	Kings County	40.635045	-73.95064	36047
NY	Lewis County	43.782706	-75.444132	36049
NY	Livingston County	42.729042	-77.778463	36051
NY	Madison County	42.910026	-75.663575	36053
NY	Monroe County	43.250347	-77.700518	36055
NY	Montgomery County	42.900891	-74.435357	36057
NY	Nassau County	40.729612	-73.589414	36059
NY	New York County	40.776642	-73.970187	36061
NY	Niagara County	43.272672	-78.812943	36063
NY	Oneida County	43.242727	-75.434282	36065
NY	Onondaga County	43.006516	-76.196134	36067
NY	Ontario County	42.856357	-77.303497	36069
NY	Orange County	41.40241	-74.306252	36071
NY	Orleans County	43.339906	-78.207028	36073
NY	Oswego County	43.461443	-76.209262	36075
NY	Otsego County	42.629776	-75.028841	36077
NY	Putnam County	41.427907	-73.743861	36079
NY	Queens County	40.654658	-73.841209	36081
NY	Rensselaer County	42.710421	-73.513845	36083
NY	Richmond County	40.561263	-74.1399	36085
NY	Rockland County	41.154628	-74.024662	36087
NY	St. Lawrence County	44.488112	-75.074311	36089
NY	Saratoga County	43.106135	-73.855387	36091
NY	Schenectady County	42.817552	-74.043559	36093
NY	Schoharie County	42.591294	-74.438172	36095
NY	Schuyler County	42.419776	-76.938603	36097
NY	Seneca County	42.782294	-76.827088	36099
NY	Steuben County	42.266725	-77.385525	36101
NY	Suffolk County	40.943554	-72.692218	36103
NY	Sullivan County	41.719993	-74.771577	36105
NY	Tioga County	42.178057	-76.297456	36107
NY	Tompkins County	42.453006	-76.473483	36109
NY	Ulster County	41.947212	-74.265458	36111
NY	Warren County	43.555105	-73.838139	36113
NY	Washington County	43.312377	-73.439428	36115
NY	Wayne County	43.218114	-77.049402	36117
NY	Westchester County	41.152686	-73.745753	36119
NY	Wyoming County	42.701365	-78.228576	36121
NY	Yates County	42.638237	-77.104324	36123
NC	Alamance County	36.043954	-79.400573	37001
NC	Alexander County	35.920951	-81.177467	37003
NC	Alleghany County	36.489356	-81.132299	37005
NC	Anson County	34.974972	-80.109763	37007
NC	Ashe County	36.443469	-81.499334	37009
NC	Avery County	36.07209	-81.920285	37011
NC	Beaufort County	35.482313	-76.842014	37013
NC	Bertie County	36.059043	-76.962364	37015
NC	Bladen County	34.591938	-78.539489	37017
NC	Brunswick County	34.038754	-78.227765	37019
NC	Buncombe County	35.609371	-82.530423	37021
NC	Burke County	35.746182	-81.70618	37023
NC	Cabarrus County	35.388346	-80.552728	37025
NC	Caldwell County	35.966396	-81.51254	37027
NC	Camden County	36.342344	-76.162488	37029
NC	Carteret County	34.858343	-76.53586	37031
NC	Caswell County	36.394298	-79.339609	37033
NC	Catawba County	35.661883	-81.214906	37035
NC	Chatham County	35.704994	-79.251454	37037
NC	Cherokee County	35.13715	-84.061449	37039
NC	Chowan County	36.128979	-76.602752	37041
NC	Clay County	35.052997	-83.752264	37043
NC	Cleveland County	35.33463	-81.557114	37045
NC	Columbus County	34.261602	-78.639308	37047
NC	Craven County	35.116829	-77.08132	37049
NC	Cumberland County	35.050192	-78.828719	37051
NC	Currituck County	36.372174	-75.941224	37053
NC	Dare County	35.606269	-75.767536	37055
NC	Davidson County	35.795131	-80.207107	37057
NC	Davie County	35.929355	-80.542552	37059
NC	Duplin County	34.934403	-77.933543	37061
NC	Durham County	36.033828	-78.878125	37063
NC	Edgecombe County	35.917077	-77.602742	37065
NC	Forsyth County	36.132466	-80.256961	37067
NC	Franklin County	36.088247	-78.283082	37069
NC	Gaston County	35.292834	-81.177364	37071
NC	Gates County	36.442135	-76.702355	37073
NC	Graham County	35.348364	-83.830915	37075
NC	Granville County	36.299884	-78.657634	37077
NC	Greene County	35.481959	-77.681688	37079
NC	Guilford County	36.079065	-79.788665	37081
NC	Halifax County	36.251438	-77.644842	37083
NC	Harnett County	35.36866	-78.871665	37085
NC	Haywood County	35.558882	-82.981307	37087
NC	Henderson County	35.336427	-82.479583	37089
NC	Hertford County	36.363517	-76.981616	37091
NC	Hoke County	35.017233	-79.241964	37093
NC	Hyde County	35.408157	-76.153687	37095
NC	Iredell County	35.806251	-80.874524	37097
NC	Jackson County	35.285454	-83.123966	37099
NC	Johnston County	35.513419	-78.367348	37101
NC	Jones County	35.032268	-77.356195	37103
NC	Lee County	35.476336	-79.172117	37105
NC	Lenoir County	35.240066	-77.635514	37107
NC	Lincoln County	35.488491	-81.226893	37109
NC	McDowell County	35.682268	-82.048045	37111
NC	Macon County	35.152959	-83.421901	37113
NC	Madison County	35.864206	-82.712631	37115
NC	Martin County	35.847301	-77.119602	37117
NC	Mecklenburg County	35.246862	-80.833832	37119
NC	Mitchell County	36.013102	-82.163554	37121
NC	Montgomery County	35.327548	-79.910752	37123
NC	Moore County	35.308273	-79.492723	37125
NC	Nash County	35.965945	-77.987555	37127
NC	New Hanover County	34.183445	-77.864204	37129
NC	Northampton County	36.421774	-77.398352	37131
NC	Onslow County	34.763109	-77.499469	37133
NC	Orange County	36.062525	-79.120033	37135
NC	Pamlico County	35.147575	-76.665268	37137
NC	Pasquotank County	36.265199	-76.260691	37139
NC	Pender County	34.512556	-77.888106	37141
NC	Perquimans County	36.180897	-76.403244	37143
NC	Person County	36.386357	-78.965633	37145
NC	Pitt County	35.59249	-77.372739	37147
NC	Polk County	35.277901	-82.167621	37149
NC	Randolph County	35.709915	-79.806215	37151
NC	Richmond County	35.004636	-79.755695	37153
NC	Robeson County	34.63921	-79.100881	37155
NC	Rockingham County	36.381806	-79.782754	37157
NC	Rowan County	35.641355	-80.521721	37159
NC	Rutherford County	35.402747	-81.919582	37161
NC	Sampson County	34.989298	-78.371261	37163
NC	Scotland County	34.840023	-79.477337	37165
NC	Stanly County	35.310449	-80.254374	37167
NC	Stokes County	36.393797	-80.269921	37169
NC	Surry County	36.415416	-80.686463	37171
NC	Swain County	35.568849	-83.465614	37173
NC	Transylvania County	35.210103	-82.816666	37175
NC	Tyrrell County	35.87042	-76.165345	37177
NC	Union County	34.99182	-80.530426	37179
NC	Vance County	36.365481	-78.405434	37181
NC	Wake County	35.789846	-78.650624	37183
NC	Warren County	36.398105	-78.099899	37185
NC	Washington County	35.844713	-76.572291	37187
NC	Watauga County	36.235368	-81.709888	37189
NC	Wayne County	35.35419	-78.00867	37191
NC	Wilkes County	36.208883	-81.166095	37193
NC	Wilson County	35.700357	-77.921598	37195
NC	Yadkin County	36.158765	-80.665164	37197
NC	Yancey County	35.889326	-82.303954	37199
ND	Adams County	46.096815	-102.533198	38001
ND	Barnes County	46.94255	-98.070195	38003
ND	Benson County	48.071743	-99.351152	38005
ND	Billings County	47.007044	-103.364016	38007
ND	Bottineau County	48.794412	-100.831257	38009
ND	Bowman County	46.110144	-103.505943	38011
ND	Burke County	48.786453	-102.520087	38013
ND	Burleigh County	46.978829	-100.469533	38015
ND	Cass County	46.927003	-97.252375	38017
ND	Cavalier County	48.768439	-98.46379	38019
ND	Dickey County	46.107756	-98.496518	38021
ND	Divide County	48.814754	-103.509326	38023
ND	Dunn County	47.354557	-102.612322	38025
ND	Eddy County	47.723436	-98.900474	38027
ND	Emmons County	46.284255	-100.237842	38029
ND	Foster County	47.471431	-98.872876	38031
ND	Golden Valley County	46.938924	-103.844612	38033
ND	Grand Forks County	47.926003	-97.450851	38035
ND	Grant County	46.357827	-101.639049	38037
ND	Griggs County	47.456334	-98.232286	38039
ND	Hettinger County	46.435704	-102.454238	38041
ND	Kidder County	46.938273	-99.731198	38043
ND	LaMoure County	46.464195	-98.526057	38045
ND	Logan County	46.469278	-99.504585	38047
ND	McHenry County	48.233842	-100.633267	38049
ND	McIntosh County	46.108682	-99.416487	38051
ND	McKenzie County	47.742475	-103.403215	38053
ND	McLean County	47.653206	-101.421914	38055
ND	Mercer County	47.307147	-101.833328	38057
ND	Morton County	46.710029	-101.310041	38059
ND	Mountrail County	48.210073	-102.364895	38061
ND	Nelson County	47.918667	-98.204428	38063
ND	Oliver County	47.118079	-101.33142	38065
ND	Pembina County	48.766896	-97.545405	38067
ND	Pierce County	48.238883	-99.966497	38069
ND	Ramsey County	48.266163	-98.739031	38071
ND	Ransom County	46.449276	-97.647554	38073
ND	Renville County	48.712781	-101.658152	38075
ND	Richland County	46.265219	-96.93796	38077
ND	Rolette County	48.768271	-99.840463	38079
ND	Sargent County	46.108204	-97.630051	38081
ND	Sheridan County	47.581359	-100.330986	38083
ND	Sioux County	46.110618	-101.061284	38085
ND	Slope County	46.445834	-103.462462	38087
ND	Stark County	46.817031	-102.662026	38089
ND	Steele County	47.451062	-97.71892	38091
ND	Stutsman County	46.972223	-98.956123	38093
ND	Towner County	48.682183	-99.248158	38095
ND	Traill County	47.446271	-97.164636	38097
ND	Walsh County	48.376979	-97.72223	38099
ND	Ward County	48.216686	-101.540537	38101
ND	Wells County	47.580851	-99.682213	38103
ND	Williams County	48.355765	-103.501333	38105
OH	Adams County	38.834468	-83.478082	39001
OH	Allen County	40.771627	-84.106103	39003
OH	Ashland County	40.843273	-82.270127	39005
OH	Ashtabula County	41.906637	-80.745592	39007
OH	Athens County	39.332755	-82.045885	39009
OH	Auglaize County	40.561309	-84.224018	39011
OH	Belmont County	40.017682	-80.967727	39013
OH	Brown County	38.931377	-83.866772	39015
OH	Butler County	39.439747	-84.565734	39017
OH	Carroll County	40.579884	-81.090787	39019
OH	Champaign County	40.132775	-83.767604	39021
OH	Clark County	39.917032	-83.783676	39023
OH	Clermont County	39.052054	-84.149485	39025
OH	Clinton County	39.416681	-83.804583	39027
OH	Columbiana County	40.770073	-80.778455	39029
OH	Coshocton County	40.29671	-81.930109	39031
OH	Crawford County	40.848524	-82.924783	39033
OH	Cuyahoga County	41.555037	-81.604957	39035
OH	Darke County	40.131467	-84.621191	39037
OH	Defiance County	41.321679	-84.486433	39039
OH	Delaware County	40.278941	-83.007462	39041
OH	Erie County	41.394143	-82.586835	39043
OH	Fairfield County	39.747694	-82.626685	39045
OH	Fayette County	39.555246	-83.461893	39047
OH	Franklin County	39.969875	-83.009086	39049
OH	Fulton County	41.597264	-84.124267	39051
OH	Gallia County	38.817046	-82.301746	39053
OH	Geauga County	41.499322	-81.173505	39055
OH	Greene County	39.687479	-83.894894	39057
OH	Guernsey County	40.056665	-81.497875	39059
OH	Hamilton County	39.196927	-84.544187	39061
OH	Hancock County	41.000217	-83.665947	39063
OH	Hardin County	40.660415	-83.664077	39065
OH	Harrison County	40.292318	-81.091565	39067
OH	Henry County	41.331584	-84.0689	39069
OH	Highland County	39.184422	-83.601359	39071
OH	Hocking County	39.490342	-82.483447	39073
OH	Holmes County	40.565597	-81.930001	39075
OH	Huron County	41.14508	-82.594641	39077
OH	Jackson County	39.013477	-82.614142	39079
OH	Jefferson County	40.399384	-80.763527	39081
OH	Knox County	40.40362	-82.422393	39083
OH	Lake County	41.778142	-81.19733	39085
OH	Lawrence County	38.603866	-82.517186	39087
OH	Licking County	40.091505	-82.483435	39089
OH	Logan County	40.387553	-83.766343	39091
OH	Lorain County	41.438805	-82.179722	39093
OH	Lucas County	41.682321	-83.468903	39095
OH	Madison County	39.89661	-83.400887	39097
OH	Mahoning County	41.01088	-80.770396	39099
OH	Marion County	40.588034	-83.168803	39101
OH	Medina County	41.116174	-81.899764	39103
OH	Meigs County	39.089807	-82.028397	39105
OH	Mercer County	40.535333	-84.632059	39107
OH	Miami County	40.053326	-84.228413	39109
OH	Monroe County	39.726253	-81.090983	39111
OH	Montgomery County	39.753736	-84.290591	39113
OH	Morgan County	39.624946	-81.861697	39115
OH	Morrow County	40.525266	-82.797729	39117
OH	Muskingum County	39.966046	-81.943506	39119
OH	Noble County	39.767232	-81.452493	39121
OH	Ottawa County	41.545495	-83.012613	39123
OH	Paulding County	41.118948	-84.582125	39125
OH	Perry County	39.743187	-82.237952	39127
OH	Pickaway County	39.648947	-83.052827	39129
OH	Pike County	39.071341	-83.052911	39131
OH	Portage County	41.16897	-81.196962	39133
OH	Preble County	39.73881	-84.644758	39135
OH	Putnam County	41.024533	-84.129879	39137
OH	Richland County	40.774159	-82.542781	39139
OH	Ross County	39.323895	-83.059538	39141
OH	Sandusky County	41.355319	-83.142776	39143
OH	Scioto County	38.814889	-82.998675	39145
OH	Seneca County	41.119992	-83.127547	39147
OH	Shelby County	40.33668	-84.204142	39149
OH	Stark County	40.814131	-81.365667	39151
OH	Summit County	41.121847	-81.534928	39153
OH	Trumbull County	41.306374	-80.7704	39155
OH	Tuscarawas County	40.447439	-81.471166	39157
OH	Union County	40.295901	-83.367042	39159
OH	Van Wert County	40.85552	-84.585775	39161
OH	Vinton County	39.252042	-82.485961	39163
OH	Warren County	39.425663	-84.16994	39165
OH	Washington County	39.450676	-81.490636	39167
OH	Wayne County	40.829661	-81.887194	39169
OH	Williams County	41.564959	-84.584324	39171
OH	Wood County	41.360183	-83.622682	39173
OH	Wyandot County	40.839782	-83.313681	39175
OK	Adair County	35.898043	-94.651026	40001
OK	Alfalfa County	36.729703	-98.323445	40003
OK	Atoka County	34.392469	-96.036558	40005
OK	Beaver County	36.748334	-100.483056	40007
OK	Beckham County	35.270601	-99.690057	40009
OK	Blaine County	35.877795	-98.429031	40011
OK	Bryan County	33.964004	-96.265135	40013
OK	Caddo County	35.16792	-98.381045	40015
OK	Canadian County	35.543354	-97.979889	40017
OK	Carter County	34.251848	-97.287927	40019
OK	Cherokee County	35.904367	-94.996796	40021
OK	Choctaw County	34.027699	-95.554079	40023
OK	Cimarron County	36.74839	-102.517698	40025
OK	Cleveland County	35.206376	-97.323088	40027
OK	Coal County	34.582861	-96.288039	40029
OK	Comanche County	34.66263	-98.476612	40031
OK	Cotton County	34.290676	-98.373438	40033
OK	Craig County	36.76389	-95.201553	40035
OK	Creek County	35.907398	-96.380177	40037
OK	Custer County	35.645601	-98.997386	40039
OK	Delaware County	36.393437	-94.808189	40041
OK	Dewey County	35.97796	-99.014385	40043
OK	Ellis County	36.224258	-99.750139	40045
OK	Garfield County	36.378132	-97.788741	40047
OK	Garvin County	34.70935	-97.312723	40049
OK	Grady County	35.021058	-97.88689	40051
OK	Grant County	36.788254	-97.788151	40053
OK	Greer County	34.933853	-99.552968	40055
OK	Harmon County	34.745971	-99.844194	40057
OK	Harper County	36.80035	-99.662805	40059
OK	Haskell County	35.232431	-95.109642	40061
OK	Hughes County	35.052934	-96.251183	40063
OK	Jackson County	34.594006	-99.412235	40065
OK	Jefferson County	34.105082	-97.83889	40067
OK	Johnston County	34.313455	-96.654254	40069
OK	Kay County	36.814885	-97.143862	40071
OK	Kingfisher County	35.949436	-97.934557	40073
OK	Kiowa County	34.921489	-98.981617	40075
OK	Latimer County	34.875137	-95.272262	40077
OK	Le Flore County	34.897356	-94.695074	40079
OK	Lincoln County	35.703117	-96.881392	40081
OK	Logan County	35.914277	-97.450952	40083
OK	Love County	33.957804	-97.245093	40085
OK	McClain County	35.016436	-97.449803	40087
OK	McCurtain County	34.117073	-94.766086	40089
OK	McIntosh County	35.369108	-95.671787	40091
OK	Major County	36.313119	-98.542015	40093
OK	Marshall County	34.027007	-96.770533	40095
OK	Mayes County	36.303804	-95.235638	40097
OK	Murray County	34.485766	-97.071557	40099
OK	Muskogee County	35.617551	-95.383911	40101
OK	Noble County	36.384901	-97.236335	40103
OK	Nowata County	36.789615	-95.613312	40105
OK	Okfuskee County	35.466804	-96.327762	40107
OK	Oklahoma County	35.554611	-97.409401	40109
OK	Okmulgee County	35.6435	-95.965947	40111
OK	Osage County	36.624299	-96.408112	40113
OK	Ottawa County	36.835764	-94.802681	40115
OK	Pawnee County	36.313704	-96.696669	40117
OK	Payne County	36.079225	-96.975255	40119
OK	Pittsburg County	34.92554	-95.74813	40121
OK	Pontotoc County	34.721421	-96.691804	40123
OK	Pottawatomie County	35.211391	-96.957004	40125
OK	Pushmataha County	34.377899	-95.408082	40127
OK	Roger Mills County	35.708554	-99.741572	40129
OK	Rogers County	36.377794	-95.601383	40131
OK	Seminole County	35.158366	-96.602857	40133
OK	Sequoyah County	35.502435	-94.750757	40135
OK	Stephens County	34.481361	-97.855607	40137
OK	Texas County	36.746317	-101.483855	40139
OK	Tillman County	34.371085	-98.931701	40141
OK	Tulsa County	36.120318	-95.941813	40143
OK	Wagoner County	35.963388	-95.514201	40145
OK	Washington County	36.704403	-95.906253	40147
OK	Washita County	35.289908	-98.992272	40149
OK	Woods County	36.726984	-98.863649	40151
OK	Woodward County	36.425619	-99.273661	40153
OR	Baker County	44.703427	-117.691933	41001
OR	Benton County	44.493882	-123.424664	41003
OR	Clackamas County	45.160493	-122.195127	41005
OR	Clatsop County	46.024509	-123.705037	41007
OR	Columbia County	45.941932	-123.081079	41009
OR	Coos County	43.18591	-124.094133	41011
OR	Crook County	44.163054	-120.371585	41013
OR	Curry County	42.466439	-124.210929	41015
OR	Deschutes County	43.915118	-121.225575	41017
OR	Douglas County	43.286328	-123.154476	41019
OR	Gilliam County	45.382955	-120.276246	41021
OR	Grant County	44.496326	-119.014057	41023
OR	Harney County	43.064449	-118.987169	41025
OR	Hood River County	45.511775	-121.655976	41027
OR	Jackson County	42.411621	-122.675611	41029
OR	Jefferson County	44.645151	-121.178632	41031
OR	Josephine County	42.386983	-123.57162	41033
OR	Klamath County	42.683761	-121.646168	41035
OR	Lake County	42.788401	-120.38979	41037
OR	Lane County	43.928334	-122.897581	41039
OR	Lincoln County	44.641061	-123.911212	41041
OR	Linn County	44.488898	-122.537208	41043
OR	Malheur County	43.188625	-117.603191	41045
OR	Marion County	44.900898	-122.57626	41047
OR	Morrow County	45.425496	-119.602311	41049
OR	Multnomah County	45.547711	-122.417363	41051
OR	Polk County	44.900372	-123.39864	41053
OR	Sherman County	45.399216	-120.678512	41055
OR	Tillamook County	45.45589	-123.759299	41057
OR	Umatilla County	45.5912	-118.73388	41059
OR	Union County	45.304081	-117.999149	41061
OR	Wallowa County	45.593753	-117.18558	41063
OR	Wasco County	45.164536	-121.165069	41065
OR	Washington County	45.553542	-123.097615	41067
OR	Wheeler County	44.736415	-120.026861	41069
OR	Yamhill County	45.247827	-123.316399	41071
PA	Adams County	39.869437	-77.21775	42001
PA	Allegheny County	40.469757	-79.980451	42003
PA	Armstrong County	40.81238	-79.464129	42005
PA	Beaver County	40.68414	-80.350721	42007
PA	Bedford County	39.998634	-78.494747	42009
PA	Berks County	40.413957	-75.92686	42011
PA	Blair County	40.498683	-78.309597	42013
PA	Bradford County	41.791504	-76.502123	42015
PA	Bucks County	40.336887	-75.10706	42017
PA	Butler County	40.913847	-79.918978	42019
PA	Cambria County	40.510209	-78.710488	42021
PA	Cameron County	41.438291	-78.198323	42023
PA	Carbon County	40.918367	-75.705039	42025
PA	Centre County	40.909322	-77.847667	42027
PA	Chester County	39.974029	-75.749751	42029
PA	Clarion County	41.198159	-79.420369	42031
PA	Clearfield County	41.006862	-78.477724	42033
PA	Clinton County	41.239508	-77.629009	42035
PA	Columbia County	41.045517	-76.40426	42037
PA	Crawford County	41.687876	-80.107795	42039
PA	Cumberland County	40.164805	-77.263442	42041
PA	Dauphin County	40.412565	-76.792634	42043
PA	Delaware County	39.916685	-75.398818	42045
PA	Elk County	41.427332	-78.653937	42047
PA	Erie County	42.117952	-80.096386	42049
PA	Fayette County	39.918911	-79.640253	42051
PA	Forest County	41.513304	-79.249705	42053
PA	Franklin County	39.926772	-77.724521	42055
PA	Fulton County	39.91075	-78.122617	42057
PA	Greene County	39.847707	-80.225655	42059
PA	Huntingdon County	40.422311	-77.968595	42061
PA	Indiana County	40.651432	-79.087545	42063
PA	Jefferson County	41.138028	-79.012419	42065
PA	Juniata County	40.530673	-77.400438	42067
PA	Lackawanna County	41.436636	-75.608768	42069
PA	Lancaster County	40.041992	-76.250198	42071
PA	Lawrence County	40.992735	-80.334446	42073
PA	Lebanon County	40.371448	-76.464819	42075
PA	Lehigh County	40.614241	-75.590627	42077
PA	Luzerne County	41.173078	-75.976053	42079
PA	Lycoming County	41.343882	-77.055262	42081
PA	McKean County	41.81459	-78.572463	42083
PA	Mercer County	41.300014	-80.252786	42085
PA	Mifflin County	40.601615	-77.651832	42087
PA	Monroe County	41.05624	-75.329065	42089
PA	Montgomery County	40.209999	-75.370201	42091
PA	Montour County	41.029284	-76.665225	42093
PA	Northampton County	40.752791	-75.307447	42095
PA	Northumberland County	40.851524	-76.709877	42097
PA	Perry County	40.39778	-77.266328	42099
PA	Philadelphia County	40.009376	-75.133346	42101
PA	Pike County	41.325949	-75.031514	42103
PA	Potter County	41.748587	-77.894436	42105
PA	Schuylkill County	40.703682	-76.217788	42107
PA	Snyder County	40.755412	-77.07302	42109
PA	Somerset County	39.981297	-79.028486	42111
PA	Sullivan County	41.439285	-76.511717	42113
PA	Susquehanna County	41.819665	-75.800969	42115
PA	Tioga County	41.766858	-77.257288	42117
PA	Union County	40.962179	-77.055475	42119
PA	Venango County	41.400714	-79.765813	42121
PA	Warren County	41.834298	-79.298182	42123
PA	Washington County	40.200005	-80.252132	42125
PA	Wayne County	41.646602	-75.292493	42127
PA	Westmoreland County	40.311068	-79.466688	42129
PA	Wyoming County	41.525167	-76.008682	42131
PA	York County	39.921751	-76.728889	42133
RI	Bristol County	41.70684	-71.286687	44001
RI	Kent County	41.675118	-71.580282	44003
RI	Newport County	41.501045	-71.283063	44005
RI	Providence County	41.869768	-71.578625	44007
RI	Washington County	41.396792	-71.620282	44009
SC	Abbeville County	34.229041	-82.454058	45001
SC	Aiken County	33.550013	-81.632983	45003
SC	Allendale County	32.979757	-81.363265	45005
SC	Anderson County	34.521235	-82.638603	45007
SC	Bamberg County	33.203021	-81.053161	45009
SC	Barnwell County	33.260552	-81.434228	45011
SC	Beaufort County	32.358112	-80.689422	45013
SC	Berkeley County	33.2077	-79.953655	45015
SC	Calhoun County	33.67478	-80.780347	45017
SC	Charleston County	32.800458	-79.94248	45019
SC	Cherokee County	35.049796	-81.607647	45021
SC	Chester County	34.689339	-81.161213	45023
SC	Chesterfield County	34.637018	-80.159227	45025
SC	Clarendon County	33.664682	-80.217889	45027
SC	Colleton County	32.849386	-80.656402	45029
SC	Darlington County	34.332185	-79.962115	45031
SC	Dillon County	34.390164	-79.37521	45033
SC	Dorchester County	33.082186	-80.404697	45035
SC	Edgefield County	33.779453	-81.959637	45037
SC	Fairfield County	34.395669	-81.127001	45039
SC	Florence County	34.028535	-79.710233	45041
SC	Georgetown County	33.417531	-79.296333	45043
SC	Greenville County	34.892645	-82.372077	45045
SC	Greenwood County	34.155796	-82.127876	45047
SC	Hampton County	32.778334	-81.143822	45049
SC	Horry County	33.909269	-78.976675	45051
SC	Jasper County	32.430591	-81.021629	45053
SC	Kershaw County	34.338356	-80.590885	45055
SC	Lancaster County	34.686818	-80.703688	45057
SC	Laurens County	34.483676	-82.005498	45059
SC	Lee County	34.15864	-80.251209	45061
SC	Lexington County	33.892309	-81.272974	45063
SC	McCormick County	33.897599	-82.316196	45065
SC	Marion County	34.08362	-79.354001	45067
SC	Marlboro County	34.60167	-79.679435	45069
SC	Newberry County	34.289881	-81.599676	45071
SC	Oconee County	34.748766	-83.06154	45073
SC	Orangeburg County	33.436135	-80.802913	45075
SC	Pickens County	34.885368	-82.723377	45077
SC	Richland County	34.029095	-80.898037	45079
SC	Saluda County	34.005278	-81.727903	45081
SC	Spartanburg County	34.932014	-81.991624	45083
SC	Sumter County	33.91614	-80.382376	45085
SC	Union County	34.690374	-81.615864	45087
SC	Williamsburg County	33.626462	-79.716474	45089
SC	York County	34.970188	-81.183187	45091
SD	Aurora County	43.724719	-98.577587	46003
SD	Beadle County	44.418265	-98.279422	46005
SD	Bennett County	43.186912	-101.677181	46007
SD	Bon Homme County	42.985714	-97.884175	46009
SD	Brookings County	44.376675	-96.797797	46011
SD	Brown County	45.589254	-98.352175	46013
SD	Brule County	43.729873	-99.092909	46015
SD	Buffalo County	44.044306	-99.203998	46017
SD	Butte County	44.896226	-103.501436	46019
SD	Campbell County	45.785575	-100.002107	46021
SD	Charles Mix County	43.206185	-98.595143	46023
SD	Clark County	44.855211	-97.724912	46025
SD	Clay County	42.91615	-96.980468	46027
SD	Codington County	44.966285	-97.198837	46029
SD	Corson County	45.685671	-101.179665	46031
SD	Custer County	43.684943	-103.46225	46033
SD	Davison County	43.680439	-98.155868	46035
SD	Day County	45.355161	-97.58143	46037
SD	Deuel County	44.75629	-96.690239	46039
SD	Dewey County	45.148049	-100.837953	46041
SD	Douglas County	43.391506	-98.358433	46043
SD	Edmunds County	45.41168	-99.205362	46045
SD	Fall River County	43.221619	-103.512609	46047
SD	Faulk County	45.065476	-99.153564	46049
SD	Grant County	45.172637	-96.772261	46051
SD	Gregory County	43.175142	-99.206591	46053
SD	Haakon County	44.288097	-101.540856	46055
SD	Hamlin County	44.680619	-97.178598	46057
SD	Hand County	44.546713	-99.004575	46059
SD	Hanson County	43.680612	-97.796845	46061
SD	Harding County	45.596611	-103.473871	46063
SD	Hughes County	44.384452	-99.975684	46065
SD	Hutchinson County	43.33671	-97.749383	46067
SD	Hyde County	44.537174	-99.472736	46069
SD	Jackson County	43.677506	-101.626323	46071
SD	Jerauld County	44.06341	-98.62317	46073
SD	Jones County	43.951991	-100.686138	46075
SD	Kingsbury County	44.362969	-97.499313	46077
SD	Lake County	44.02845	-97.123223	46079
SD	Lawrence County	44.348514	-103.806362	46081
SD	Lincoln County	43.27942	-96.722286	46083
SD	Lyman County	43.894812	-99.841925	46085
SD	McCook County	43.680416	-97.358048	46087
SD	McPherson County	45.784249	-99.211421	46089
SD	Marshall County	45.737044	-97.58087	46091
SD	Meade County	44.605282	-102.714169	46093
SD	Mellette County	43.581334	-100.75521	46095
SD	Miner County	44.021541	-97.608122	46097
SD	Minnehaha County	43.667472	-96.795726	46099
SD	Moody County	44.012429	-96.676054	46101
SD	Oglala Lakota County	43.333393	-102.561486	46102
SD	Pennington County	44.002349	-102.823801	46103
SD	Perkins County	45.483387	-102.467995	46105
SD	Potter County	45.052713	-99.962003	46107
SD	Roberts County	45.623397	-96.947551	46109
SD	Sanborn County	44.018942	-98.091709	46111
SD	Spink County	44.923772	-98.339615	46115
SD	Stanley County	44.413984	-100.747822	46117
SD	Sully County	44.722325	-100.131399	46119
SD	Todd County	43.208794	-100.707664	46121
SD	Tripp County	43.349729	-99.876219	46123
SD	Turner County	43.30867	-97.150185	46125
SD	Union County	42.831106	-96.650829	46127
SD	Walworth County	45.427605	-100.027856	46129
SD	Yankton County	43.006603	-97.388361	46135
SD	Ziebach County	44.989764	-101.660827	46137
TN	Anderson County	36.116731	-84.195418	47001
TN	Bedford County	35.51366	-86.458294	47003
TN	Benton County	36.070948	-88.071232	47005
TN	Bledsoe County	35.593561	-85.20591	47007
TN	Blount County	35.688185	-83.922973	47009
TN	Bradley County	35.153914	-84.859414	47011
TN	Campbell County	36.401592	-84.159249	47013
TN	Cannon County	35.808394	-86.062404	47015
TN	Carroll County	35.965748	-88.452379	47017
TN	Carter County	36.284744	-82.126593	47019
TN	Cheatham County	36.255169	-87.100808	47021
TN	Chester County	35.420253	-88.611353	47023
TN	Claiborne County	36.501572	-83.660698	47025
TN	Clay County	36.545749	-85.545717	47027
TN	Cocke County	35.916198	-83.119224	47029
TN	Coffee County	35.488765	-86.078202	47031
TN	Crockett County	35.818795	-89.132494	47033
TN	Cumberland County	35.952398	-84.994761	47035
TN	Davidson County	36.169129	-86.78479	47037
TN	Decatur County	35.603136	-88.110292	47039
TN	DeKalb County	35.982219	-85.833596	47041
TN	Dickson County	36.145533	-87.364155	47043
TN	Dyer County	36.054196	-89.398306	47045
TN	Fayette County	35.196993	-89.413803	47047
TN	Fentress County	36.369892	-84.937764	47049
TN	Franklin County	35.155926	-86.099203	47051
TN	Gibson County	35.991632	-88.933812	47053
TN	Giles County	35.202723	-87.035319	47055
TN	Grainger County	36.277509	-83.509546	47057
TN	Greene County	36.179487	-82.847523	47059
TN	Grundy County	35.393352	-85.710374	47061
TN	Hamblen County	36.218397	-83.266071	47063
TN	Hamilton County	35.163472	-85.201843	47065
TN	Hancock County	36.521353	-83.227493	47067
TN	Hardeman County	35.218785	-88.988697	47069
TN	Hardin County	35.201893	-88.185696	47071
TN	Hawkins County	36.452089	-82.931485	47073
TN	Haywood County	35.586678	-89.282691	47075
TN	Henderson County	35.653994	-88.387674	47077
TN	Henry County	36.325295	-88.300288	47079
TN	Hickman County	35.802327	-87.467116	47081
TN	Houston County	36.285782	-87.705598	47083
TN	Humphreys County	36.040822	-87.790453	47085
TN	Jackson County	36.35425	-85.674128	47087
TN	Jefferson County	36.048452	-83.441216	47089
TN	Johnson County	36.453203	-81.861247	47091
TN	Knox County	35.992726	-83.937721	47093
TN	Lake County	36.333905	-89.485536	47095
TN	Lauderdale County	35.762951	-89.627732	47097
TN	Lawrence County	35.220476	-87.396546	47099
TN	Lewis County	35.523244	-87.496983	47101
TN	Lincoln County	35.142784	-86.593403	47103
TN	Loudon County	35.735085	-84.314085	47105
TN	McMinn County	35.424472	-84.619949	47107
TN	McNairy County	35.175375	-88.56374	47109
TN	Macon County	36.537757	-86.00096	47111
TN	Madison County	35.606056	-88.833424	47113
TN	Marion County	35.127565	-85.607429	47115
TN	Marshall County	35.468329	-86.765868	47117
TN	Maury County	35.615696	-87.077763	47119
TN	Meigs County	35.512203	-84.816102	47121
TN	Monroe County	35.447818	-84.249705	47123
TN	Montgomery County	36.500354	-87.380887	47125
TN	Moore County	35.288888	-86.358684	47127
TN	Morgan County	36.138697	-84.639262	47129
TN	Obion County	36.361892	-89.148078	47131
TN	Overton County	36.34485	-85.283076	47133
TN	Perry County	35.663752	-87.869326	47135
TN	Pickett County	36.559364	-85.075741	47137
TN	Polk County	35.109437	-84.541112	47139
TN	Putnam County	36.14094	-85.49618	47141
TN	Rhea County	35.60059	-84.949548	47143
TN	Roane County	35.84725	-84.523929	47145
TN	Robertson County	36.524385	-86.872594	47147
TN	Rutherford County	35.843369	-86.417213	47149
TN	Scott County	36.430592	-84.504091	47151
TN	Sequatchie County	35.372336	-85.410082	47153
TN	Sevier County	35.787822	-83.5249	47155
TN	Shelby County	35.184553	-89.894612	47157
TN	Smith County	36.256645	-85.941915	47159
TN	Stewart County	36.458464	-87.811889	47161
TN	Sullivan County	36.509681	-82.301336	47163
TN	Sumner County	36.472423	-86.458405	47165
TN	Tipton County	35.498763	-89.747145	47167
TN	Trousdale County	36.39303	-86.156691	47169
TN	Unicoi County	36.100129	-82.418218	47171
TN	Union County	36.28414	-83.836088	47173
TN	Van Buren County	35.699234	-85.458409	47175
TN	Warren County	35.67825	-85.777343	47177
TN	Washington County	36.295665	-82.495037	47179
TN	Wayne County	35.242847	-87.819843	47181
TN	Weakley County	36.303596	-88.721194	47183
TN	White County	35.927049	-85.455785	47185
TN	Williamson County	35.894845	-86.897888	47187
TN	Wilson County	36.149431	-86.291181	47189
TX	Anderson County	31.841261	-95.661727	48001
TX	Andrews County	32.312258	-102.640206	48003
TX	Angelina County	31.251896	-94.611134	48005
TX	Aransas County	28.122621	-96.967501	48007
TX	Archer County	33.616305	-98.687267	48009
TX	Armstrong County	34.964179	-101.356636	48011
TX	Atascosa County	28.891478	-98.535381	48013
TX	Austin County	29.891901	-96.27017	48015
TX	Bailey County	34.067521	-102.830345	48017
TX	Bandera County	29.756389	-99.248285	48019
TX	Bastrop County	30.100772	-97.310639	48021
TX	Baylor County	33.618802	-99.208189	48023
TX	Bee County	28.416077	-97.742586	48025
TX	Bell County	31.042734	-97.48126	48027
TX	Bexar County	29.448671	-98.520147	48029
TX	Blanco County	30.266203	-98.399332	48031
TX	Borden County	32.73859	-101.439199	48033
TX	Bosque County	31.900819	-97.637641	48035
TX	Bowie County	33.446065	-94.422393	48037
TX	Brazoria County	29.167817	-95.434647	48039
TX	Brazos County	30.656713	-96.302394	48041
TX	Brewster County	29.808997	-103.252458	48043
TX	Briscoe County	34.525172	-101.205893	48045
TX	Brooks County	27.034994	-98.215276	48047
TX	Brown County	31.764137	-98.998456	48049
TX	Burleson County	30.493487	-96.622091	48051
TX	Burnet County	30.78963	-98.201187	48053
TX	Caldwell County	29.832399	-97.628141	48055
TX	Calhoun County	28.441719	-96.579574	48057
TX	Callahan County	32.29315	-99.372249	48059
TX	Cameron County	26.102923	-97.478958	48061
TX	Camp County	32.974581	-94.979085	48063
TX	Carson County	35.405496	-101.355356	48065
TX	Cass County	33.083698	-94.357579	48067
TX	Castro County	34.533621	-102.258786	48069
TX	Chambers County	29.696374	-94.669445	48071
TX	Cherokee County	31.843881	-95.156343	48073
TX	Childress County	34.524624	-100.208166	48075
TX	Clay County	33.785904	-98.212917	48077
TX	Cochran County	33.60844	-102.830449	48079
TX	Coke County	31.87711	-100.635231	48081
TX	Coleman County	31.914205	-99.346622	48083
TX	Collin County	33.194494	-96.579428	48085
TX	Collingsworth County	34.963358	-100.272135	48087
TX	Colorado County	29.596296	-96.508935	48089
TX	Comal County	29.812377	-98.258129	48091
TX	Comanche County	31.951645	-98.549617	48093
TX	Concho County	31.318883	-99.863649	48095
TX	Cooke County	33.639196	-97.210343	48097
TX	Coryell County	31.391177	-97.798022	48099
TX	Cottle County	34.091906	-100.276442	48101
TX	Crane County	31.422796	-102.487774	48103
TX	Crockett County	30.717532	-101.404211	48105
TX	Crosby County	33.609144	-101.29871	48107
TX	Culberson County	31.445908	-104.526945	48109
TX	Dallam County	36.28637	-102.59402	48111
TX	Dallas County	32.766987	-96.778424	48113
TX	Dawson County	32.742528	-101.948771	48115
TX	Deaf Smith County	34.940766	-102.607564	48117
TX	Delta County	33.385933	-95.67335	48119
TX	Denton County	33.205132	-97.12114	48121
TX	DeWitt County	29.082346	-97.361654	48123
TX	Dickens County	33.615363	-100.787617	48125
TX	Dimmit County	28.423587	-99.765871	48127
TX	Donley County	34.955036	-100.815846	48129
TX	Duval County	27.681123	-98.497393	48131
TX	Eastland County	32.324645	-98.83656	48133
TX	Ector County	31.865301	-102.542507	48135
TX	Edwards County	29.985933	-100.3074	48137
TX	Ellis County	32.346878	-96.79694	48139
TX	El Paso County	31.766456	-106.24152	48141
TX	Erath County	32.236669	-98.220545	48143
TX	Falls County	31.25193	-96.934127	48145
TX	Fannin County	33.591161	-96.104988	48147
TX	Fayette County	29.877886	-96.921231	48149
TX	Fisher County	32.740473	-100.40312	48151
TX	Floyd County	34.07373	-101.303274	48153
TX	Foard County	33.963306	-99.816828	48155
TX	Fort Bend County	29.526602	-95.771015	48157
TX	Franklin County	33.175846	-95.219066	48159
TX	Freestone County	31.701749	-96.144957	48161
TX	Frio County	28.869383	-99.109005	48163
TX	Gaines County	32.743942	-102.631561	48165
TX	Galveston County	29.233927	-94.888197	48167
TX	Garza County	33.183792	-101.301134	48169
TX	Gillespie County	30.325093	-98.94185	48171
TX	Glasscock County	31.868006	-101.521494	48173
TX	Goliad County	28.6607	-97.430415	48175
TX	Gonzales County	29.461912	-97.49192	48177
TX	Gray County	35.402542	-100.812374	48179
TX	Grayson County	33.624548	-96.675777	48181
TX	Gregg County	32.486401	-94.816277	48183
TX	Grimes County	30.543231	-95.988082	48185
TX	Guadalupe County	29.582671	-97.948995	48187
TX	Hale County	34.068436	-101.822888	48189
TX	Hall County	34.453189	-100.576343	48191
TX	Hamilton County	31.707342	-98.111756	48193
TX	Hansford County	36.272847	-101.35693	48195
TX	Hardeman County	34.289904	-99.745697	48197
TX	Hardin County	30.329648	-94.393178	48199
TX	Harris County	29.857273	-95.393037	48201
TX	Harrison County	32.547991	-94.374434	48203
TX	Hartley County	35.840244	-102.610047	48205
TX	Haskell County	33.175964	-99.730774	48207
TX	Hays County	30.061225	-98.029267	48209
TX	Hemphill County	35.815956	-100.27921	48211
TX	Henderson County	32.211633	-95.853418	48213
TX	Hidalgo County	26.396384	-98.18099	48215
TX	Hill County	31.982641	-97.130632	48217
TX	Hockley County	33.605932	-102.343398	48219
TX	Hood County	32.430149	-97.831677	48221
TX	Hopkins County	33.148967	-95.565434	48223
TX	Houston County	31.323036	-95.4216	48225
TX	Howard County	32.30343	-101.438721	48227
TX	Hudspeth County	31.450868	-105.377549	48229
TX	Hunt County	33.123308	-96.08423	48231
TX	Hutchinson County	35.837047	-101.362746	48233
TX	Irion County	31.303424	-100.981304	48235
TX	Jack County	33.23216	-98.171177	48237
TX	Jackson County	28.959802	-96.58908	48239
TX	Jasper County	30.752932	-94.022294	48241
TX	Jeff Davis County	30.625357	-104.191873	48243
TX	Jefferson County	29.854	-94.149331	48245
TX	Jim Hogg County	27.053231	-98.747572	48247
TX	Jim Wells County	27.733516	-98.090814	48249
TX	Johnson County	32.379654	-97.364906	48251
TX	Jones County	32.743709	-99.87443	48253
TX	Karnes County	28.908996	-97.852205	48255
TX	Kaufman County	32.598944	-96.288377	48257
TX	Kendall County	29.943525	-98.709269	48259
TX	Kenedy County	26.890213	-97.591143	48261
TX	Kent County	33.18478	-100.76972	48263
TX	Kerr County	30.059953	-99.353339	48265
TX	Kimble County	30.479472	-99.746396	48267
TX	King County	33.614268	-100.245345	48269
TX	Kinney County	29.347086	-100.4177	48271
TX	Kleberg County	27.438735	-97.66062	48273
TX	Knox County	33.61189	-99.730356	48275
TX	Lamar County	33.667263	-95.570348	48277
TX	Lamb County	34.068861	-102.348018	48279
TX	Lampasas County	31.196731	-98.240889	48281
TX	La Salle County	28.351098	-99.096774	48283
TX	Lavaca County	29.382578	-96.923633	48285
TX	Lee County	30.321498	-96.976823	48287
TX	Leon County	31.300493	-95.995622	48289
TX	Liberty County	30.158508	-94.844061	48291
TX	Limestone County	31.547543	-96.593623	48293
TX	Lipscomb County	36.2802	-100.272683	48295
TX	Live Oak County	28.351535	-98.126961	48297
TX	Llano County	30.707584	-98.68469	48299
TX	Loving County	31.844936	-103.561229	48301
TX	Lubbock County	33.611469	-101.819944	48303
TX	Lynn County	33.178412	-101.818493	48305
TX	McCulloch County	31.205477	-99.359856	48307
TX	McLennan County	31.549596	-97.201511	48309
TX	McMullen County	28.384922	-98.578853	48311
TX	Madison County	30.966878	-95.930372	48313
TX	Marion County	32.798182	-94.356853	48315
TX	Martin County	32.30983	-101.961836	48317
TX	Mason County	30.703916	-99.237302	48319
TX	Matagorda County	28.77476	-96.001532	48321
TX	Maverick County	28.729787	-100.316678	48323
TX	Medina County	29.353661	-99.111085	48325
TX	Menard County	30.885268	-99.858861	48327
TX	Midland County	31.814269	-102.002454	48329
TX	Milam County	30.791242	-96.984395	48331
TX	Mills County	31.494888	-98.594623	48333
TX	Mitchell County	32.304117	-100.924392	48335
TX	Montague County	33.678356	-97.725014	48337
TX	Montgomery County	30.298801	-95.50295	48339
TX	Moore County	35.835676	-101.890502	48341
TX	Morris County	33.116466	-94.731265	48343
TX	Motley County	34.057899	-100.793152	48345
TX	Nacogdoches County	31.62056	-94.62025	48347
TX	Navarro County	32.048448	-96.476909	48349
TX	Newton County	30.786718	-93.73925	48351
TX	Nolan County	32.312338	-100.418108	48353
TX	Nueces County	27.740032	-97.516214	48355
TX	Ochiltree County	36.278744	-100.815864	48357
TX	Oldham County	35.401921	-102.59762	48359
TX	Orange County	30.122323	-93.8941	48361
TX	Palo Pinto County	32.752204	-98.317967	48363
TX	Panola County	32.163978	-94.305156	48365
TX	Parker County	32.777096	-97.805905	48367
TX	Parmer County	34.532163	-102.784853	48369
TX	Pecos County	30.773298	-102.718153	48371
TX	Polk County	30.784553	-94.837338	48373
TX	Potter County	35.398675	-101.893804	48375
TX	Presidio County	30.005891	-104.261619	48377
TX	Rains County	32.870457	-95.795613	48379
TX	Randall County	34.962529	-101.895547	48381
TX	Reagan County	31.375191	-101.514395	48383
TX	Real County	29.830097	-99.812549	48385
TX	Red River County	33.619625	-95.048429	48387
TX	Reeves County	31.308366	-103.712706	48389
TX	Refugio County	28.322116	-97.162472	48391
TX	Roberts County	35.838596	-100.836682	48393
TX	Robertson County	31.025481	-96.514941	48395
TX	Rockwall County	32.899886	-96.41205	48397
TX	Runnels County	31.845119	-99.982715	48399
TX	Rusk County	32.109423	-94.756382	48401
TX	Sabine County	31.3433	-93.851913	48403
TX	San Augustine County	31.382449	-94.16318	48405
TX	San Jacinto County	30.574388	-95.163136	48407
TX	San Patricio County	28.011794	-97.517157	48409
TX	San Saba County	31.155138	-98.819292	48411
TX	Schleicher County	30.896233	-100.527216	48413
TX	Scurry County	32.744353	-100.913346	48415
TX	Shackelford County	32.74382	-99.347005	48417
TX	Shelby County	31.790139	-94.142579	48419
TX	Sherman County	36.278593	-101.899265	48421
TX	Smith County	32.375105	-95.268939	48423
TX	Somervell County	32.218071	-97.769217	48425
TX	Starr County	26.530903	-98.740235	48427
TX	Stephens County	32.738052	-98.839344	48429
TX	Sterling County	31.835773	-101.054911	48431
TX	Stonewall County	33.17958	-100.253807	48433
TX	Sutton County	30.522185	-100.513359	48435
TX	Swisher County	34.526319	-101.743865	48437
TX	Tarrant County	32.772119	-97.291224	48439
TX	Taylor County	32.297126	-99.89043	48441
TX	Terrell County	30.232343	-102.072513	48443
TX	Terry County	33.171229	-102.339284	48445
TX	Throckmorton County	33.170695	-99.205796	48447
TX	Titus County	33.214599	-94.966783	48449
TX	Tom Green County	31.398295	-100.46385	48451
TX	Travis County	30.239513	-97.69127	48453
TX	Trinity County	31.096675	-95.151687	48455
TX	Tyler County	30.769295	-94.375656	48457
TX	Upshur County	32.735349	-94.941184	48459
TX	Upton County	31.353816	-102.041546	48461
TX	Uvalde County	29.350308	-99.768427	48463
TX	Val Verde County	29.875285	-101.143324	48465
TX	Van Zandt County	32.558787	-95.836906	48467
TX	Victoria County	28.79637	-96.971198	48469
TX	Walker County	30.743163	-95.569825	48471
TX	Waller County	30.01359	-95.982149	48473
TX	Ward County	31.513069	-103.105113	48475
TX	Washington County	30.215075	-96.410272	48477
TX	Webb County	27.760799	-99.340752	48479
TX	Wharton County	29.27848	-96.229674	48481
TX	Wheeler County	35.392597	-100.253105	48483
TX	Wichita County	33.988212	-98.70801	48485
TX	Wilbarger County	34.08492	-99.24244	48487
TX	Willacy County	26.481861	-97.594731	48489
TX	Williamson County	30.649082	-97.605065	48491
TX	Wilson County	29.173883	-98.086734	48493
TX	Winkler County	31.832862	-103.054925	48495
TX	Wise County	33.219346	-97.652986	48497
TX	Wood County	32.783588	-95.382166	48499
TX	Yoakum County	33.162339	-102.832241	48501
TX	Young County	33.158778	-98.67839	48503
TX	Zapata County	26.996981	-99.182603	48505
TX	Zavala County	28.864652	-99.75983	48507
UT	Beaver County	38.357535	-113.238948	49001
UT	Box Elder County	41.622623	-113.060252	49003
UT	Cache County	41.734118	-111.745394	49005
UT	Carbon County	39.673284	-110.588484	49007
UT	Daggett County	40.890099	-109.505785	49009
UT	Davis County	41.037559	-112.201943	49011
UT	Duchesne County	40.289393	-110.429584	49013
UT	Emery County	39.009025	-110.7211	49015
UT	Garfield County	37.831663	-111.450907	49017
UT	Grand County	38.974326	-109.57345	49019
UT	Iron County	37.909304	-113.30674	49021
UT	Juab County	39.71412	-112.790471	49023
UT	Kane County	37.275089	-111.815329	49025
UT	Millard County	38.956744	-113.133092	49027
UT	Morgan County	41.091027	-111.577885	49029
UT	Piute County	38.335881	-112.129375	49031
UT	Rich County	41.627598	-111.240227	49033
UT	Salt Lake County	40.667883	-111.92424	49035
UT	San Juan County	37.602633	-109.791574	49037
UT	Sanpete County	39.373426	-111.576933	49039
UT	Sevier County	38.746824	-111.81193	49041
UT	Summit County	40.87206	-110.968486	49043
UT	Tooele County	40.467753	-113.123979	49045
UT	Uintah County	40.125887	-109.517748	49047
UT	Utah County	40.120418	-111.668563	49049
UT	Wasatch County	40.334884	-111.161568	49051
UT	Washington County	37.262531	-113.4878	49053
UT	Wayne County	38.259856	-110.990872	49055
UT	Weber County	41.270325	-111.876883	49057
VT	Addison County	44.031248	-73.141581	50001
VT	Bennington County	43.035328	-73.111496	50003
VT	Caledonia County	44.468791	-72.112168	50005
VT	Chittenden County	44.463329	-73.06941	50007
VT	Essex County	44.724021	-71.732736	50009
VT	Franklin County	44.858964	-72.909402	50011
VT	Grand Isle County	44.801787	-73.300759	50013
VT	Lamoille County	44.611192	-72.632659	50015
VT	Orange County	44.003373	-72.369579	50017
VT	Orleans County	44.828442	-72.25163	50019
VT	Rutland County	43.612399	-73.060304	50021
VT	Washington County	44.274969	-72.609444	50023
VT	Windham County	42.995304	-72.721877	50025
VT	Windsor County	43.572448	-72.598813	50027
VA	Accomack County	37.765944	-75.757807	51001
VA	Albemarle County	38.024184	-78.553506	51003
VA	Alleghany County	37.787905	-80.008669	51005
VA	Amelia County	37.331927	-77.977462	51007
VA	Amherst County	37.629301	-79.154756	51009
VA	Appomattox County	37.370725	-78.81094	51011
VA	Arlington County	38.878337	-77.100703	51013
VA	Augusta County	38.17259	-79.140975	51015
VA	Bath County	38.068368	-79.731203	51017
VA	Bedford County	37.312257	-79.527223	51019
VA	Bland County	37.130612	-81.125853	51021
VA	Botetourt County	37.565482	-79.797546	51023
VA	Brunswick County	36.764204	-77.861483	51025
VA	Buchanan County	37.26812	-82.038151	51027
VA	Buckingham County	37.573928	-78.529169	51029
VA	Campbell County	37.210152	-79.095428	51031
VA	Caroline County	38.028033	-77.353736	51033
VA	Carroll County	36.731963	-80.727831	51035
VA	Charles City County	37.361054	-77.05417	51036
VA	Charlotte County	37.009042	-78.658568	51037
VA	Chesterfield County	37.378434	-77.585847	51041
VA	Clarke County	39.115307	-77.990748	51043
VA	Craig County	37.473603	-80.231051	51045
VA	Culpeper County	38.48593	-77.956476	51047
VA	Cumberland County	37.520189	-78.252836	51049
VA	Dickenson County	37.136701	-82.34922	51051
VA	Dinwiddie County	37.073498	-77.635492	51053
VA	Essex County	37.936389	-76.933747	51057
VA	Fairfax County	38.82952	-77.273252	51059
VA	Fauquier County	38.744096	-77.8215	51061
VA	Floyd County	36.931433	-80.350266	51063
VA	Fluvanna County	37.830584	-78.283494	51065
VA	Franklin County	36.991186	-79.882715	51067
VA	Frederick County	39.20366	-78.263829	51069
VA	Giles County	37.318072	-80.698321	51071
VA	Gloucester County	37.403541	-76.523505	51073
VA	Goochland County	37.718814	-77.917626	51075
VA	Grayson County	36.652229	-81.215324	51077
VA	Greene County	38.297981	-78.470163	51079
VA	Greensville County	36.680336	-77.560277	51081
VA	Halifax County	36.766461	-78.939614	51083
VA	Hanover County	37.760215	-77.491317	51085
VA	Henrico County	37.43752	-77.300333	51087
VA	Henry County	36.620612	-79.980662	51089
VA	Highland County	38.366243	-79.564472	51091
VA	Isle of Wight County	36.901418	-76.707569	51093
VA	James City County	37.324837	-76.777888	51095
VA	King and Queen County	37.717772	-76.905581	51097
VA	King George County	38.27718	-77.162636	51099
VA	King William County	37.70826	-77.091054	51101
VA	Lancaster County	37.704843	-76.412663	51103
VA	Lee County	36.701721	-83.130112	51105
VA	Loudoun County	39.0812	-77.638898	51107
VA	Louisa County	37.972704	-77.959795	51109
VA	Lunenburg County	36.945555	-78.240528	51111
VA	Madison County	38.412059	-78.276961	51113
VA	Mathews County	37.425348	-76.268808	51115
VA	Mecklenburg County	36.687256	-78.368959	51117
VA	Middlesex County	37.606975	-76.528082	51119
VA	Montgomery County	37.175538	-80.387794	51121
VA	Nelson County	37.789079	-78.88344	51125
VA	New Kent County	37.51016	-76.999331	51127
VA	Northampton County	37.302775	-75.924018	51131
VA	Northumberland County	37.856974	-76.379687	51133
VA	Nottoway County	37.141167	-78.053866	51135
VA	Orange County	38.249326	-78.011092	51137
VA	Page County	38.623209	-78.491872	51139
VA	Patrick County	36.667138	-80.286413	51141
VA	Pittsylvania County	36.821721	-79.398502	51143
VA	Powhatan County	37.549404	-77.912855	51145
VA	Prince Edward County	37.224881	-78.432957	51147
VA	Prince George County	37.187325	-77.220993	51149
VA	Prince William County	38.701119	-77.479579	51153
VA	Pulaski County	37.063385	-80.713444	51155
VA	Rappahannock County	38.684522	-78.168824	51157
VA	Richmond County	37.942894	-76.730561	51159
VA	Roanoke County	37.330792	-80.191237	51161
VA	Rockbridge County	37.814517	-79.447754	51163
VA	Rockingham County	38.507612	-78.885329	51165
VA	Russell County	36.93342	-82.095934	51167
VA	Scott County	36.712776	-82.613624	51169
VA	Shenandoah County	38.856204	-78.573987	51171
VA	Smyth County	36.842318	-81.539786	51173
VA	Southampton County	36.720068	-77.103813	51175
VA	Spotsylvania County	38.182431	-77.657226	51177
VA	Stafford County	38.423084	-77.458048	51179
VA	Surry County	37.119761	-76.880172	51181
VA	Sussex County	36.926645	-77.259732	51183
VA	Tazewell County	37.125395	-81.562924	51185
VA	Warren County	38.908221	-78.207594	51187
VA	Washington County	36.747814	-81.950322	51191
VA	Westmoreland County	38.109311	-76.803933	51193
VA	Wise County	36.974561	-82.62156	51195
VA	Wythe County	36.899868	-81.08301	51197
VA	York County	37.220914	-76.395533	51199
VA	Alexandria city	38.819251	-77.08367	51510
VA	Bristol city	36.616954	-82.157564	51520
VA	Buena Vista city	37.729345	-79.358134	51530
VA	Charlottesville city	38.037658	-78.485381	51540
VA	Chesapeake city	36.679376	-76.301788	51550
VA	Colonial Heights city	37.261685	-77.396804	51570
VA	Covington city	37.78106	-79.985434	51580
VA	Danville city	36.583334	-79.408071	51590
VA	Emporia city	36.696182	-77.535975	51595
VA	Fairfax city	38.853183	-77.299025	51600
VA	Falls Church city	38.884722	-77.175603	51610
VA	Franklin city	36.684014	-76.941396	51620
VA	Fredericksburg city	38.299272	-77.486658	51630
VA	Galax city	36.66564	-80.914308	51640
VA	Hampton city	37.047961	-76.297293	51650
VA	Harrisonburg city	38.436255	-78.873303	51660
VA	Hopewell city	37.29101	-77.298944	51670
VA	Lexington city	37.782332	-79.44432	51678
VA	Lynchburg city	37.399016	-79.195458	51680
VA	Manassas city	38.746808	-77.482633	51683
VA	Manassas Park city	38.769398	-77.442323	51685
VA	Martinsville city	36.683527	-79.863647	51690
VA	Newport News city	37.076136	-76.52198	51700
VA	Norfolk city	36.923015	-76.244641	51710
VA	Norton city	36.931549	-82.625996	51720
VA	Petersburg city	37.20473	-77.392368	51730
VA	Poquoson city	37.12836	-76.303534	51735
VA	Portsmouth city	36.859339	-76.356973	51740
VA	Radford city	37.120119	-80.559147	51750
VA	Richmond city	37.531399	-77.476009	51760
VA	Roanoke city	37.278458	-79.958174	51770
VA	Salem city	37.285333	-80.055241	51775
VA	Staunton city	38.157978	-79.061876	51790
VA	Suffolk city	36.697157	-76.634781	51800
VA	Virginia Beach city	36.779525	-76.029142	51810
VA	Waynesboro city	38.067157	-78.90142	51820
VA	Williamsburg city	37.269481	-76.708193	51830
VA	Winchester city	39.173869	-78.176356	51840
WA	Adams County	47.011238	-118.512861	53001
WA	Asotin County	46.181861	-117.227781	53003
WA	Benton County	46.228125	-119.516659	53005
WA	Chelan County	47.860974	-120.619041	53007
WA	Clallam County	48.110903	-123.88986	53009
WA	Clark County	45.77173	-122.485953	53011
WA	Columbia County	46.29285	-117.911634	53013
WA	Cowlitz County	46.196785	-122.67846	53015
WA	Douglas County	47.741763	-119.694622	53017
WA	Ferry County	48.473256	-118.533589	53019
WA	Franklin County	46.537502	-118.903891	53021
WA	Garfield County	46.429318	-117.536705	53023
WA	Grant County	47.213633	-119.467788	53025
WA	Grays Harbor County	47.113732	-123.826735	53027
WA	Island County	48.158554	-122.670649	53029
WA	Jefferson County	47.805708	-123.527057	53031
WA	King County	47.490552	-121.833977	53033
WA	Kitsap County	47.639687	-122.649636	53035
WA	Kittitas County	47.124441	-120.676709	53037
WA	Klickitat County	45.870446	-120.779305	53039
WA	Lewis County	46.580071	-122.377444	53041
WA	Lincoln County	47.582743	-118.417692	53043
WA	Mason County	47.350832	-123.173103	53045
WA	Okanogan County	48.548453	-119.742235	53047
WA	Pacific County	46.556587	-123.782419	53049
WA	Pend Oreille County	48.543825	-117.232191	53051
WA	Pierce County	47.051413	-122.15324	53053
WA	San Juan County	48.50719	-123.103769	53055
WA	Skagit County	48.493292	-121.81577	53057
WA	Skamania County	46.024785	-121.953232	53059
WA	Snohomish County	48.054913	-121.765038	53061
WA	Spokane County	47.620375	-117.403371	53063
WA	Stevens County	48.388728	-117.854455	53065
WA	Thurston County	46.935822	-122.830152	53067
WA	Wahkiakum County	46.294638	-123.424458	53069
WA	Walla Walla County	46.254606	-118.48037	53071
WA	Whatcom County	48.842653	-121.836432	53073
WA	Whitman County	46.905944	-117.53539	53075
WA	Yakima County	46.456558	-120.740145	53077
WV	Barbour County	39.139725	-79.996947	54001
WV	Berkeley County	39.447938	-78.037754	54003
WV	Boone County	38.022814	-81.713538	54005
WV	Braxton County	38.69933	-80.73166	54007
WV	Brooke County	40.272645	-80.578691	54009
WV	Cabell County	38.419578	-82.243397	54011
WV	Calhoun County	38.844159	-81.115478	54013
WV	Clay County	38.459826	-81.081866	54015
WV	Doddridge County	39.264307	-80.711498	54017
WV	Fayette County	38.030966	-81.086089	54019
WV	Gilmer County	38.915867	-80.849413	54021
WV	Grant County	39.105988	-79.195064	54023
WV	Greenbrier County	37.924418	-80.45059	54025
WV	Hampshire County	39.312139	-78.611989	54027
WV	Hancock County	40.516958	-80.570164	54029
WV	Hardy County	39.011361	-78.841729	54031
WV	Harrison County	39.279182	-80.386498	54033
WV	Jackson County	38.834234	-81.677717	54035
WV	Jefferson County	39.307398	-77.86322	54037
WV	Kanawha County	38.328068	-81.523516	54039
WV	Lewis County	38.988877	-80.495477	54041
WV	Lincoln County	38.17177	-82.077623	54043
WV	Logan County	37.830591	-81.940853	54045
WV	McDowell County	37.38276	-81.658204	54047
WV	Marion County	39.505839	-80.243402	54049
WV	Marshall County	39.854426	-80.671794	54051
WV	Mason County	38.770914	-82.029007	54053
WV	Mercer County	37.403448	-81.106456	54055
WV	Mineral County	39.404781	-78.95669	54057
WV	Mingo County	37.721161	-82.158989	54059
WV	Monongalia County	39.633645	-80.059074	54061
WV	Monroe County	37.554062	-80.550329	54063
WV	Morgan County	39.557345	-78.256517	54065
WV	Nicholas County	38.291432	-80.797515	54067
WV	Ohio County	40.100323	-80.6199	54069
WV	Pendleton County	38.67445	-79.340617	54071
WV	Pleasants County	39.368133	-81.161172	54073
WV	Pocahontas County	38.332606	-80.010121	54075
WV	Preston County	39.46903	-79.668865	54077
WV	Putnam County	38.510518	-81.906109	54079
WV	Raleigh County	37.762469	-81.264672	54081
WV	Randolph County	38.781095	-79.867788	54083
WV	Ritchie County	39.177112	-81.066317	54085
WV	Roane County	38.74295	-81.354494	54087
WV	Summers County	37.655999	-80.856325	54089
WV	Taylor County	39.332478	-80.046554	54091
WV	Tucker County	39.111175	-79.559968	54093
WV	Tyler County	39.465634	-80.877219	54095
WV	Upshur County	38.90253	-80.231606	54097
WV	Wayne County	38.143642	-82.422666	54099
WV	Webster County	38.483459	-80.449052	54101
WV	Wetzel County	39.59818	-80.635399	54103
WV	Wirt County	39.020034	-81.382975	54105
WV	Wood County	39.211602	-81.516234	54107
WV	Wyoming County	37.60366	-81.549032	54109
WI	Adams County	43.973757	-89.767228	55001
WI	Ashland County	46.544424	-90.679691	55003
WI	Barron County	45.437192	-91.852892	55005
WI	Bayfield County	46.634199	-91.177282	55007
WI	Brown County	44.474024	-87.99613	55009
WI	Buffalo County	44.385633	-91.761294	55011
WI	Burnett County	45.866897	-92.37573	55013
WI	Calumet County	44.07841	-88.212132	55015
WI	Chippewa County	45.069092	-91.283505	55017
WI	Clark County	44.739166	-90.609909	55019
WI	Columbia County	43.471882	-89.330472	55021
WI	Crawford County	43.242768	-90.935185	55023
WI	Dane County	43.067468	-89.417852	55025
WI	Dodge County	43.429628	-88.701939	55027
WI	Door County	45.093417	-87.048683	55029
WI	Douglas County	46.463218	-91.892477	55031
WI	Dunn County	44.947751	-91.897645	55033
WI	Eau Claire County	44.726355	-91.286414	55035
WI	Florence County	45.871828	-88.406988	55037
WI	Fond du Lac County	43.754722	-88.493284	55039
WI	Forest County	45.666881	-88.773326	55041
WI	Grant County	42.870028	-90.694229	55043
WI	Green County	42.675522	-89.605074	55045
WI	Green Lake County	43.780247	-88.97038	55047
WI	Iowa County	43.001021	-90.133691	55049
WI	Iron County	46.32655	-90.261298	55051
WI	Jackson County	44.32459	-90.79951	55053
WI	Jefferson County	43.013804	-88.773985	55055
WI	Juneau County	43.932836	-90.113984	55057
WI	Kenosha County	42.587526	-87.879996	55059
WI	Kewaunee County	44.605677	-87.448008	55061
WI	La Crosse County	43.908222	-91.111758	55063
WI	Lafayette County	42.655578	-90.130292	55065
WI	Langlade County	45.254863	-89.06707	55067
WI	Lincoln County	45.333148	-89.73224	55069
WI	Manitowoc County	44.156137	-87.577352	55071
WI	Marathon County	44.898036	-89.757823	55073
WI	Marinette County	45.346899	-87.991198	55075
WI	Marquette County	43.826053	-89.409095	55077
WI	Menominee County	44.991304	-88.669251	55078
WI	Milwaukee County	42.912643	-87.862312	55079
WI	Monroe County	43.945175	-90.619969	55081
WI	Oconto County	44.996575	-88.206516	55083
WI	Oneida County	45.716176	-89.534533	55085
WI	Outagamie County	44.418226	-88.464988	55087
WI	Ozaukee County	43.501807	-87.847551	55089
WI	Pepin County	44.627436	-91.83489	55091
WI	Pierce County	44.725336	-92.426279	55093
WI	Polk County	45.462041	-92.447066	55095
WI	Portage County	44.476246	-89.49807	55097
WI	Price County	45.679072	-90.35965	55099
WI	Racine County	42.780392	-87.771599	55101
WI	Richland County	43.376199	-90.435693	55103
WI	Rock County	42.66988	-89.075284	55105
WI	Rusk County	45.472734	-91.136745	55107
WI	St. Croix County	45.028959	-92.447284	55109
WI	Sauk County	43.428001	-89.943318	55111
WI	Sawyer County	45.864999	-91.147063	55113
WI	Shawano County	44.789641	-88.755813	55115
WI	Sheboygan County	43.738713	-87.731531	55117
WI	Taylor County	45.211656	-90.504853	55119
WI	Trempealeau County	44.30305	-91.358867	55121
WI	Vernon County	43.599366	-90.821983	55123
WI	Vilas County	46.049848	-89.501254	55125
WI	Walworth County	42.66811	-88.541731	55127
WI	Washburn County	45.892489	-91.796422	55129
WI	Washington County	43.391156	-88.232917	55131
WI	Waukesha County	43.018368	-88.30424	55133
WI	Waupaca County	44.478004	-88.967005	55135
WI	Waushara County	44.112823	-89.239786	55137
WI	Winnebago County	44.085707	-88.668149	55139
WI	Wood County	44.461413	-90.038825	55141
WY	Albany County	41.665514	-105.721883	56001
WY	Big Horn County	44.525117	-107.994848	56003
WY	Campbell County	44.191999	-105.517014	56005
WY	Carbon County	41.70359	-106.933153	56007
WY	Converse County	42.984623	-105.524752	56009
WY	Crook County	44.589266	-104.567298	56011
WY	Fremont County	43.054831	-108.608935	56013
WY	Goshen County	42.089455	-104.35354	56015
WY	Hot Springs County	43.720209	-108.435076	56017
WY	Johnson County	44.044048	-106.588541	56019
WY	Laramie County	41.29283	-104.660395	56021
WY	Lincoln County	42.229993	-110.682961	56023
WY	Natrona County	42.977645	-106.768219	56025
WY	Niobrara County	43.062159	-104.468373	56027
WY	Park County	44.492387	-109.593597	56029
WY	Platte County	42.131593	-104.953963	56031
WY	Sheridan County	44.781369	-106.881211	56033
WY	Sublette County	42.767928	-109.91617	56035
WY	Sweetwater County	41.660328	-108.875677	56037
WY	Teton County	44.048662	-110.426087	56039
WY	Uinta County	41.284726	-110.558947	56041
WY	Washakie County	43.878831	-107.669052	56043
WY	Weston County	43.846213	-104.57002	56045
PR	Adjuntas Municipio	18.181611	-66.758165	72001
PR	Aguada Municipio	18.375673	-67.185745	72003
PR	Aguadilla Municipio	18.480191	-67.143762	72005
PR	Aguas Buenas Municipio	18.256524	-66.128496	72007
PR	Aibonito Municipio	18.130723	-66.26446	72009
PR	AÃ±asco Municipio	18.286905	-67.131282	72011
PR	Arecibo Municipio	18.434004	-66.674994	72013
PR	Arroyo Municipio	17.97206	-66.041945	72015
PR	Barceloneta Municipio	18.469989	-66.55823	72017
PR	Barranquitas Municipio	18.200018	-66.309282	72019
PR	BayamÃ³n Municipio	18.34942	-66.168626	72021
PR	Cabo Rojo Municipio	17.997138	-67.180862	72023
PR	Caguas Municipio	18.211109	-66.050964	72025
PR	Camuy Municipio	18.445469	-66.863134	72027
PR	CanÃ³vanas Municipio	18.330044	-65.886021	72029
PR	Carolina Municipio	18.396776	-65.968778	72031
PR	CataÃ±o Municipio	18.444614	-66.148819	72033
PR	Cayey Municipio	18.103624	-66.151667	72035
PR	Ceiba Municipio	18.253265	-65.620765	72037
PR	Ciales Municipio	18.295913	-66.515588	72039
PR	Cidra Municipio	18.174391	-66.161618	72041
PR	Coamo Municipio	18.1038	-66.357586	72043
PR	ComerÃ­o Municipio	18.225032	-66.219481	72045
PR	Corozal Municipio	18.30391	-66.326179	72047
PR	Culebra Municipio	18.326611	-65.307771	72049
PR	Dorado Municipio	18.474376	-66.261973	72051
PR	Fajardo Municipio	18.386378	-65.588454	72053
PR	Florida Municipio	18.368659	-66.562734	72054
PR	GuÃ¡nica Municipio	17.948209	-66.922935	72055
PR	Guayama Municipio	17.973929	-66.137467	72057
PR	Guayanilla Municipio	18.005338	-66.798293	72059
PR	Guaynabo Municipio	18.344357	-66.114056	72061
PR	Gurabo Municipio	18.272581	-65.981177	72063
PR	Hatillo Municipio	18.441141	-66.79821	72065
PR	Hormigueros Municipio	18.134695	-67.116199	72067
PR	Humacao Municipio	18.135403	-65.786229	72069
PR	Isabela Municipio	18.483998	-67.013978	72071
PR	Jayuya Municipio	18.211152	-66.58687	72073
PR	Juana DÃ­az Municipio	17.997974	-66.490496	72075
PR	Juncos Municipio	18.224133	-65.908542	72077
PR	Lajas Municipio	17.978511	-67.040111	72079
PR	Lares Municipio	18.276925	-66.869587	72081
PR	Las MarÃ­as Municipio	18.227594	-66.97758	72083
PR	Las Piedras Municipio	18.187148	-65.871189	72085
PR	LoÃ­za Municipio	18.445503	-65.942649	72087
PR	Luquillo Municipio	18.367996	-65.709904	72089
PR	ManatÃ­ Municipio	18.444803	-66.493137	72091
PR	Maricao Municipio	18.173956	-66.935547	72093
PR	Maunabo Municipio	17.999786	-65.896403	72095
PR	MayagÃ¼ez Municipio	18.08385	-67.886337	72097
PR	Moca Municipio	18.377637	-67.079574	72099
PR	Morovis Municipio	18.318017	-66.420392	72101
PR	Naguabo Municipio	18.21107	-65.735749	72103
PR	Naranjito Municipio	18.28992	-66.25344	72105
PR	Orocovis Municipio	18.218733	-66.436899	72107
PR	Patillas Municipio	18.000311	-65.986642	72109
PR	PeÃ±uelas Municipio	18.026618	-66.728125	72111
PR	Ponce Municipio	18.001717	-66.606662	72113
PR	Quebradillas Municipio	18.466357	-66.927603	72115
PR	RincÃ³n Municipio	18.33898	-67.250771	72117
PR	RÃ­o Grande Municipio	18.376369	-65.798434	72119
PR	Sabana Grande Municipio	18.084483	-66.947609	72121
PR	Salinas Municipio	17.971485	-66.262252	72123
PR	San GermÃ¡n Municipio	18.1078	-67.037263	72125
PR	San Juan Municipio	18.422249	-66.069081	72127
PR	San Lorenzo Municipio	18.147107	-65.976167	72129
PR	San SebastiÃ¡n Municipio	18.331064	-66.969064	72131
PR	Santa Isabel Municipio	17.952922	-66.387588	72133
PR	Toa Alta Municipio	18.364556	-66.244669	72135
PR	Toa Baja Municipio	18.45691	-66.193193	72137
PR	Trujillo Alto Municipio	18.335387	-66.003787	72139
PR	Utuado Municipio	18.270865	-66.702989	72141
PR	Vega Alta Municipio	18.43622	-66.336412	72143
PR	Vega Baja Municipio	18.455128	-66.397883	72145
PR	Vieques Municipio	18.125418	-65.432474	72147
PR	Villalba Municipio	18.130718	-66.472244	72149
PR	Yabucoa Municipio	18.059858	-65.859871	72151
PR	Yauco Municipio	18.085669	-66.857901	72153
